Price,Close,High,Low,Open,Volume
Ticker,RELIANCE.NS,RELIANCE.NS,RELIANCE.NS,RELIANCE.NS,RELIANCE.NS
Datetime,,,,,
2024-11-04 09:15:00+05:30,1320.9000244140625,1338.0,1316.75,1338.0,0
2024-11-04 09:20:00+05:30,1311.449951171875,1321.5,1310.6500244140625,1320.800048828125,627262
2024-11-04 09:25:00+05:30,1307.9000244140625,1314.25,1306.5,1311.3499755859375,560180
2024-11-04 09:30:00+05:30,1307.800048828125,1310.6500244140625,1304.5999755859375,1307.8499755859375,508931
2024-11-04 09:35:00+05:30,1307.25,1310.8499755859375,1307.0,1307.5,313544
2024-11-04 09:40:00+05:30,1305.0,1309.6500244140625,1304.699951171875,1307.5,272471
2024-11-04 09:45:00+05:30,1300.699951171875,1304.8499755859375,1300.449951171875,1304.699951171875,458370
2024-11-04 09:50:00+05:30,1301.5999755859375,1302.449951171875,1300.199951171875,1300.6500244140625,298939
2024-11-04 09:55:00+05:30,1304.6500244140625,1304.9000244140625,1301.050048828125,1301.4000244140625,272081
2024-11-04 10:00:00+05:30,1300.449951171875,1305.5999755859375,1300.3499755859375,1304.6500244140625,225184
2024-11-04 10:05:00+05:30,1299.0,1300.75,1298.5,1300.5999755859375,387317
2024-11-04 10:10:00+05:30,1294.0,1299.199951171875,1293.6500244140625,1299.050048828125,439228
2024-11-04 10:15:00+05:30,1295.949951171875,1296.0999755859375,1292.699951171875,1293.9000244140625,251200
2024-11-04 10:20:00+05:30,1294.050048828125,1295.8499755859375,1293.6500244140625,1295.8499755859375,234835
2024-11-04 10:25:00+05:30,1289.050048828125,1294.050048828125,1289.0,1294.050048828125,492048
2024-11-04 10:30:00+05:30,1290.5,1291.5999755859375,1289.199951171875,1289.199951171875,259493
2024-11-04 10:35:00+05:30,1290.5,1291.25,1288.5,1290.550048828125,213834
2024-11-04 10:40:00+05:30,1291.0999755859375,1291.699951171875,1289.5999755859375,1290.5,165067
2024-11-04 10:45:00+05:30,1291.75,1293.800048828125,1291.0,1291.199951171875,196278
2024-11-04 10:50:00+05:30,1291.550048828125,1292.5,1290.5,1291.6500244140625,135682
2024-11-04 10:55:00+05:30,1290.449951171875,1291.550048828125,1290.0,1291.3499755859375,194574
2024-11-04 11:00:00+05:30,1287.0,1290.449951171875,1286.75,1290.4000244140625,313401
2024-11-04 11:05:00+05:30,1289.050048828125,1289.6500244140625,1285.300048828125,1287.050048828125,259955
2024-11-04 11:10:00+05:30,1287.449951171875,1289.3499755859375,1285.5999755859375,1289.050048828125,225286
2024-11-04 11:15:00+05:30,1287.5999755859375,1288.800048828125,1285.300048828125,1287.6500244140625,202132
2024-11-04 11:20:00+05:30,1291.25,1292.4000244140625,1287.4000244140625,1287.4000244140625,239266
2024-11-04 11:25:00+05:30,1292.550048828125,1294.949951171875,1291.4000244140625,1291.4000244140625,212852
2024-11-04 11:30:00+05:30,1293.25,1295.75,1292.800048828125,1292.800048828125,152104
2024-11-04 11:35:00+05:30,1293.5,1294.199951171875,1291.8499755859375,1293.5,138966
2024-11-04 11:40:00+05:30,1294.5999755859375,1294.5999755859375,1292.199951171875,1293.449951171875,107851
2024-11-04 11:45:00+05:30,1290.4000244140625,1295.550048828125,1290.199951171875,1294.5999755859375,160940
2024-11-04 11:50:00+05:30,1291.5,1291.9000244140625,1290.0,1290.3499755859375,98524
2024-11-04 11:55:00+05:30,1293.050048828125,1293.3499755859375,1291.0999755859375,1291.4000244140625,87383
2024-11-04 12:00:00+05:30,1296.050048828125,1296.199951171875,1293.0999755859375,1293.199951171875,199762
2024-11-04 12:05:00+05:30,1296.050048828125,1296.949951171875,1295.25,1296.199951171875,146777
2024-11-04 12:10:00+05:30,1295.3499755859375,1296.6500244140625,1294.5,1295.5,155633
2024-11-04 12:15:00+05:30,1297.9000244140625,1298.550048828125,1295.300048828125,1295.300048828125,358065
2024-11-04 12:20:00+05:30,1296.0999755859375,1298.0,1295.0,1297.75,337601
2024-11-04 12:25:00+05:30,1295.949951171875,1296.5,1295.0,1296.050048828125,150422
2024-11-04 12:30:00+05:30,1297.8499755859375,1297.8499755859375,1295.800048828125,1295.8499755859375,171173
2024-11-04 12:35:00+05:30,1298.300048828125,1298.5,1297.8499755859375,1297.8499755859375,157419
2024-11-04 12:40:00+05:30,1297.75,1298.699951171875,1297.199951171875,1298.25,203340
2024-11-04 12:45:00+05:30,1296.25,1298.699951171875,1296.0,1297.800048828125,191024
2024-11-04 12:50:00+05:30,1295.5999755859375,1296.5,1294.0,1296.25,257585
2024-11-04 12:55:00+05:30,1296.550048828125,1297.75,1295.5999755859375,1295.5999755859375,128577
2024-11-04 13:00:00+05:30,1297.3499755859375,1298.5,1296.0,1296.699951171875,143167
2024-11-04 13:05:00+05:30,1295.75,1297.5,1294.4000244140625,1297.1500244140625,122733
2024-11-04 13:10:00+05:30,1294.199951171875,1296.0,1294.0,1295.4000244140625,178798
2024-11-04 13:15:00+05:30,1292.050048828125,1295.449951171875,1292.0,1294.1500244140625,153879
2024-11-04 13:20:00+05:30,1290.699951171875,1292.050048828125,1290.25,1292.050048828125,150817
2024-11-04 13:25:00+05:30,1290.6500244140625,1291.5999755859375,1290.0,1290.550048828125,124629
2024-11-04 13:30:00+05:30,1291.300048828125,1292.0999755859375,1290.5,1290.5,98720
2024-11-04 13:35:00+05:30,1291.199951171875,1292.4000244140625,1290.5999755859375,1291.4000244140625,88750
2024-11-04 13:40:00+05:30,1292.6500244140625,1293.0,1290.9000244140625,1291.199951171875,137727
2024-11-04 13:45:00+05:30,1292.1500244140625,1293.0,1291.3499755859375,1292.5999755859375,106815
2024-11-04 13:50:00+05:30,1292.449951171875,1295.050048828125,1292.1500244140625,1292.1500244140625,100364
2024-11-04 13:55:00+05:30,1293.3499755859375,1293.3499755859375,1291.5,1292.5,90504
2024-11-04 14:00:00+05:30,1294.6500244140625,1294.800048828125,1293.3499755859375,1293.4000244140625,78133
2024-11-04 14:05:00+05:30,1295.8499755859375,1296.0,1293.0999755859375,1294.75,132812
2024-11-04 14:10:00+05:30,1295.9000244140625,1296.4000244140625,1295.050048828125,1295.75,149365
2024-11-04 14:15:00+05:30,1296.050048828125,1297.0,1295.449951171875,1295.75,124368
2024-11-04 14:20:00+05:30,1294.550048828125,1296.199951171875,1294.1500244140625,1296.050048828125,143904
2024-11-04 14:25:00+05:30,1295.0,1295.800048828125,1293.75,1294.800048828125,75727
2024-11-04 14:30:00+05:30,1296.050048828125,1297.199951171875,1294.949951171875,1294.949951171875,130269
2024-11-04 14:35:00+05:30,1299.3499755859375,1299.4000244140625,1296.1500244140625,1296.199951171875,228549
2024-11-04 14:40:00+05:30,1297.6500244140625,1299.449951171875,1296.75,1299.4000244140625,175328
2024-11-04 14:45:00+05:30,1303.0,1306.3499755859375,1297.5999755859375,1297.5999755859375,460883
2024-11-04 14:50:00+05:30,1303.949951171875,1304.0999755859375,1301.9000244140625,1303.0,220787
2024-11-04 14:55:00+05:30,1306.0999755859375,1307.300048828125,1303.550048828125,1303.9000244140625,258827
2024-11-04 15:00:00+05:30,1307.0,1308.199951171875,1304.5999755859375,1306.3499755859375,507067
2024-11-04 15:05:00+05:30,1305.75,1307.4000244140625,1304.0999755859375,1306.5999755859375,400243
2024-11-04 15:10:00+05:30,1300.699951171875,1305.75,1300.699951171875,1305.699951171875,420969
2024-11-04 15:15:00+05:30,1300.0,1301.0999755859375,1299.75,1300.800048828125,611764
2024-11-04 15:20:00+05:30,1299.0999755859375,1300.0,1298.0,1300.0,449889
2024-11-04 15:25:00+05:30,1298.8499755859375,1301.199951171875,1297.449951171875,1299.0999755859375,516196
2024-11-05 09:15:00+05:30,1295.699951171875,1296.25,1286.4000244140625,1295.6500244140625,0
2024-11-05 09:20:00+05:30,1296.0999755859375,1296.449951171875,1292.4000244140625,1295.199951171875,458048
2024-11-05 09:25:00+05:30,1292.3499755859375,1298.6500244140625,1291.949951171875,1296.0999755859375,408246
2024-11-05 09:30:00+05:30,1291.75,1294.5999755859375,1291.0999755859375,1293.0,201175
2024-11-05 09:35:00+05:30,1292.300048828125,1293.300048828125,1290.0999755859375,1291.5999755859375,170345
2024-11-05 09:40:00+05:30,1293.300048828125,1293.3499755859375,1290.699951171875,1292.300048828125,194509
2024-11-05 09:45:00+05:30,1294.300048828125,1294.699951171875,1292.550048828125,1293.300048828125,211716
2024-11-05 09:50:00+05:30,1296.5999755859375,1297.75,1293.0,1294.25,190373
2024-11-05 09:55:00+05:30,1298.5,1299.4000244140625,1296.300048828125,1296.6500244140625,249061
2024-11-05 10:00:00+05:30,1298.3499755859375,1298.8499755859375,1296.5999755859375,1298.5,129506
2024-11-05 10:05:00+05:30,1297.699951171875,1299.1500244140625,1296.5999755859375,1298.199951171875,137272
2024-11-05 10:10:00+05:30,1299.5,1301.1500244140625,1296.5999755859375,1297.800048828125,190983
2024-11-05 10:15:00+05:30,1297.5999755859375,1300.0,1297.4000244140625,1299.550048828125,113157
2024-11-05 10:20:00+05:30,1299.449951171875,1299.550048828125,1297.699951171875,1297.8499755859375,93870
2024-11-05 10:25:00+05:30,1301.8499755859375,1302.800048828125,1299.050048828125,1299.5,264906
2024-11-05 10:30:00+05:30,1300.300048828125,1303.0,1299.5999755859375,1301.75,150279
2024-11-05 10:35:00+05:30,1301.5999755859375,1302.5999755859375,1299.25,1300.6500244140625,204450
2024-11-05 10:40:00+05:30,1303.5,1304.5999755859375,1301.449951171875,1301.6500244140625,128765
2024-11-05 10:45:00+05:30,1303.949951171875,1304.800048828125,1303.1500244140625,1303.949951171875,112945
2024-11-05 10:50:00+05:30,1303.5,1305.3499755859375,1302.800048828125,1304.0,159407
2024-11-05 10:55:00+05:30,1302.3499755859375,1303.8499755859375,1302.0,1303.5,127900
2024-11-05 11:00:00+05:30,1299.9000244140625,1302.3499755859375,1299.75,1302.3499755859375,165848
2024-11-05 11:05:00+05:30,1299.0,1301.0,1298.5,1299.9000244140625,136578
2024-11-05 11:10:00+05:30,1297.5999755859375,1299.4000244140625,1297.0999755859375,1299.1500244140625,90745
2024-11-05 11:15:00+05:30,1298.5999755859375,1298.800048828125,1296.8499755859375,1297.6500244140625,103855
2024-11-05 11:20:00+05:30,1296.550048828125,1298.5999755859375,1295.1500244140625,1298.5,77058
2024-11-05 11:25:00+05:30,1296.9000244140625,1297.699951171875,1295.6500244140625,1296.25,110397
2024-11-05 11:30:00+05:30,1296.0,1297.300048828125,1295.699951171875,1296.800048828125,66439
2024-11-05 11:35:00+05:30,1295.5,1297.199951171875,1295.1500244140625,1296.0,87555
2024-11-05 11:40:00+05:30,1293.9000244140625,1296.3499755859375,1292.9000244140625,1295.5,238406
2024-11-05 11:45:00+05:30,1291.75,1294.0,1290.5,1293.800048828125,235166
2024-11-05 11:50:00+05:30,1290.4000244140625,1291.949951171875,1289.0,1291.75,299250
2024-11-05 11:55:00+05:30,1289.449951171875,1290.5999755859375,1287.6500244140625,1290.4000244140625,161039
2024-11-05 12:00:00+05:30,1290.5,1290.5,1288.5999755859375,1289.449951171875,99371
2024-11-05 12:05:00+05:30,1291.5999755859375,1292.0,1289.9000244140625,1290.550048828125,106146
2024-11-05 12:10:00+05:30,1291.0,1292.300048828125,1290.25,1291.5999755859375,102259
2024-11-05 12:15:00+05:30,1292.5,1292.5999755859375,1291.0,1291.0,100657
2024-11-05 12:20:00+05:30,1291.0,1292.949951171875,1291.0,1292.5,71489
2024-11-05 12:25:00+05:30,1293.449951171875,1293.699951171875,1291.0,1291.199951171875,91754
2024-11-05 12:30:00+05:30,1292.1500244140625,1294.0,1290.0999755859375,1293.449951171875,241416
2024-11-05 12:35:00+05:30,1293.3499755859375,1293.9000244140625,1291.699951171875,1292.1500244140625,269981
2024-11-05 12:40:00+05:30,1291.300048828125,1293.5999755859375,1291.1500244140625,1293.3499755859375,66661
2024-11-05 12:45:00+05:30,1292.949951171875,1293.199951171875,1291.449951171875,1291.5,87846
2024-11-05 12:50:00+05:30,1293.300048828125,1293.699951171875,1292.050048828125,1292.8499755859375,64676
2024-11-05 12:55:00+05:30,1292.949951171875,1293.5999755859375,1292.550048828125,1293.300048828125,76110
2024-11-05 13:00:00+05:30,1292.699951171875,1294.050048828125,1291.550048828125,1292.949951171875,141040
2024-11-05 13:05:00+05:30,1290.949951171875,1292.800048828125,1290.0,1292.699951171875,200846
2024-11-05 13:10:00+05:30,1291.050048828125,1291.800048828125,1290.449951171875,1290.949951171875,63204
2024-11-05 13:15:00+05:30,1291.3499755859375,1291.800048828125,1290.3499755859375,1291.0,49679
2024-11-05 13:20:00+05:30,1293.5999755859375,1293.5999755859375,1290.550048828125,1291.3499755859375,85781
2024-11-05 13:25:00+05:30,1295.050048828125,1295.050048828125,1292.449951171875,1293.550048828125,147442
2024-11-05 13:30:00+05:30,1296.0,1297.5,1294.949951171875,1294.949951171875,266028
2024-11-05 13:35:00+05:30,1296.0,1297.699951171875,1295.0999755859375,1296.0,148910
2024-11-05 13:40:00+05:30,1299.6500244140625,1299.9000244140625,1296.0,1296.0,408035
2024-11-05 13:45:00+05:30,1298.1500244140625,1299.9000244140625,1297.5,1299.699951171875,121374
2024-11-05 13:50:00+05:30,1299.5999755859375,1301.0,1297.550048828125,1298.1500244140625,174569
2024-11-05 13:55:00+05:30,1299.800048828125,1300.5,1299.0999755859375,1299.949951171875,260927
2024-11-05 14:00:00+05:30,1301.699951171875,1301.800048828125,1298.5,1299.800048828125,112946
2024-11-05 14:05:00+05:30,1299.5999755859375,1301.8499755859375,1299.25,1301.25,350929
2024-11-05 14:10:00+05:30,1300.199951171875,1300.5,1299.0,1299.9000244140625,99048
2024-11-05 14:15:00+05:30,1302.6500244140625,1303.0,1299.449951171875,1300.199951171875,116255
2024-11-05 14:20:00+05:30,1302.5,1303.949951171875,1301.800048828125,1303.0,161213
2024-11-05 14:25:00+05:30,1302.550048828125,1304.0,1302.300048828125,1302.5,151422
2024-11-05 14:30:00+05:30,1302.5999755859375,1303.0,1301.199951171875,1302.449951171875,138937
2024-11-05 14:35:00+05:30,1303.75,1303.949951171875,1300.800048828125,1302.449951171875,179986
2024-11-05 14:40:00+05:30,1303.199951171875,1305.449951171875,1302.699951171875,1303.5999755859375,496155
2024-11-05 14:45:00+05:30,1301.8499755859375,1303.25,1301.0999755859375,1303.199951171875,124790
2024-11-05 14:50:00+05:30,1301.300048828125,1301.9000244140625,1300.050048828125,1301.800048828125,114621
2024-11-05 14:55:00+05:30,1300.300048828125,1301.3499755859375,1299.8499755859375,1301.300048828125,265154
2024-11-05 15:00:00+05:30,1301.1500244140625,1301.6500244140625,1299.449951171875,1300.1500244140625,311837
2024-11-05 15:05:00+05:30,1304.9000244140625,1304.949951171875,1301.0999755859375,1301.1500244140625,518080
2024-11-05 15:10:00+05:30,1304.449951171875,1305.0,1303.050048828125,1304.949951171875,351237
2024-11-05 15:15:00+05:30,1307.1500244140625,1309.449951171875,1304.449951171875,1304.5,640344
2024-11-05 15:20:00+05:30,1307.0999755859375,1308.8499755859375,1305.550048828125,1307.1500244140625,512446
2024-11-05 15:25:00+05:30,1307.0999755859375,1308.75,1306.4000244140625,1307.0999755859375,518841
2024-11-06 09:15:00+05:30,1307.050048828125,1313.4000244140625,1304.199951171875,1312.9000244140625,0
2024-11-06 09:20:00+05:30,1307.6500244140625,1308.0,1301.300048828125,1307.199951171875,603004
2024-11-06 09:25:00+05:30,1309.9000244140625,1310.0,1306.0999755859375,1307.9000244140625,568981
2024-11-06 09:30:00+05:30,1308.199951171875,1310.5,1307.550048828125,1310.0,343723
2024-11-06 09:35:00+05:30,1307.4000244140625,1308.949951171875,1305.5999755859375,1308.800048828125,184718
2024-11-06 09:40:00+05:30,1306.800048828125,1308.0999755859375,1305.0,1307.5,137675
2024-11-06 09:45:00+05:30,1309.6500244140625,1310.0,1306.8499755859375,1306.8499755859375,180840
2024-11-06 09:50:00+05:30,1306.9000244140625,1309.75,1306.449951171875,1309.449951171875,280605
2024-11-06 09:55:00+05:30,1305.9000244140625,1307.5,1305.550048828125,1306.800048828125,195601
2024-11-06 10:00:00+05:30,1307.300048828125,1307.5,1305.449951171875,1305.9000244140625,140297
2024-11-06 10:05:00+05:30,1307.949951171875,1308.4000244140625,1307.199951171875,1307.300048828125,131934
2024-11-06 10:10:00+05:30,1308.75,1309.5,1307.0999755859375,1307.949951171875,259445
2024-11-06 10:15:00+05:30,1308.699951171875,1310.550048828125,1307.75,1308.949951171875,239645
2024-11-06 10:20:00+05:30,1307.8499755859375,1309.25,1307.5999755859375,1308.949951171875,102655
2024-11-06 10:25:00+05:30,1306.0,1308.050048828125,1305.199951171875,1307.6500244140625,138900
2024-11-06 10:30:00+05:30,1302.75,1306.0,1302.050048828125,1305.9000244140625,286906
2024-11-06 10:35:00+05:30,1304.3499755859375,1304.3499755859375,1302.300048828125,1302.5,93856
2024-11-06 10:40:00+05:30,1300.9000244140625,1304.699951171875,1300.800048828125,1304.3499755859375,176481
2024-11-06 10:45:00+05:30,1301.4000244140625,1302.0,1300.300048828125,1300.800048828125,141466
2024-11-06 10:50:00+05:30,1304.800048828125,1305.949951171875,1301.0,1301.0999755859375,179757
2024-11-06 10:55:00+05:30,1305.25,1306.5,1304.25,1304.9000244140625,150936
2024-11-06 11:00:00+05:30,1304.449951171875,1306.5,1303.5999755859375,1305.300048828125,114271
2024-11-06 11:05:00+05:30,1303.949951171875,1304.4000244140625,1303.0,1304.0,72637
2024-11-06 11:10:00+05:30,1305.3499755859375,1306.5,1303.949951171875,1303.949951171875,115179
2024-11-06 11:15:00+05:30,1305.5,1306.0,1304.4000244140625,1305.0999755859375,351266
2024-11-06 11:20:00+05:30,1306.1500244140625,1306.5,1305.0,1305.25,62694
2024-11-06 11:25:00+05:30,1304.550048828125,1306.449951171875,1304.550048828125,1306.1500244140625,97748
2024-11-06 11:30:00+05:30,1304.300048828125,1304.75,1303.6500244140625,1304.699951171875,77971
2024-11-06 11:35:00+05:30,1304.0999755859375,1304.9000244140625,1303.3499755859375,1304.5999755859375,79320
2024-11-06 11:40:00+05:30,1304.199951171875,1304.5,1303.199951171875,1304.1500244140625,57839
2024-11-06 11:45:00+05:30,1305.8499755859375,1306.6500244140625,1303.050048828125,1304.199951171875,368874
2024-11-06 11:50:00+05:30,1309.449951171875,1309.449951171875,1305.3499755859375,1305.9000244140625,426280
2024-11-06 11:55:00+05:30,1309.800048828125,1310.449951171875,1308.300048828125,1309.5,376617
2024-11-06 12:00:00+05:30,1309.8499755859375,1310.5,1308.300048828125,1309.9000244140625,212872
2024-11-06 12:05:00+05:30,1308.1500244140625,1310.199951171875,1308.0,1309.9000244140625,149403
2024-11-06 12:10:00+05:30,1308.449951171875,1308.949951171875,1307.1500244140625,1308.1500244140625,67344
2024-11-06 12:15:00+05:30,1308.449951171875,1308.949951171875,1307.300048828125,1308.449951171875,102247
2024-11-06 12:20:00+05:30,1309.4000244140625,1310.0,1308.0,1308.550048828125,140728
2024-11-06 12:25:00+05:30,1310.699951171875,1311.300048828125,1309.5,1309.5999755859375,199940
2024-11-06 12:30:00+05:30,1313.0,1313.050048828125,1310.699951171875,1310.699951171875,200503
2024-11-06 12:35:00+05:30,1319.0,1319.199951171875,1312.75,1313.050048828125,573911
2024-11-06 12:40:00+05:30,1317.5,1319.5999755859375,1317.1500244140625,1319.0,466915
2024-11-06 12:45:00+05:30,1315.199951171875,1318.199951171875,1315.0,1317.550048828125,406498
2024-11-06 12:50:00+05:30,1312.75,1315.1500244140625,1311.949951171875,1315.1500244140625,230721
2024-11-06 12:55:00+05:30,1313.4000244140625,1314.699951171875,1312.5999755859375,1312.5999755859375,135996
2024-11-06 13:00:00+05:30,1313.050048828125,1313.9000244140625,1312.1500244140625,1313.449951171875,174787
2024-11-06 13:05:00+05:30,1314.75,1314.949951171875,1313.050048828125,1313.0999755859375,147460
2024-11-06 13:10:00+05:30,1316.0999755859375,1317.0,1314.9000244140625,1314.9000244140625,146469
2024-11-06 13:15:00+05:30,1313.800048828125,1316.699951171875,1313.5999755859375,1316.0999755859375,136351
2024-11-06 13:20:00+05:30,1314.5999755859375,1314.949951171875,1312.8499755859375,1314.050048828125,131386
2024-11-06 13:25:00+05:30,1315.550048828125,1315.8499755859375,1313.1500244140625,1314.5,126052
2024-11-06 13:30:00+05:30,1317.800048828125,1318.199951171875,1315.1500244140625,1315.1500244140625,267962
2024-11-06 13:35:00+05:30,1318.8499755859375,1319.0,1317.5,1317.800048828125,234399
2024-11-06 13:40:00+05:30,1317.550048828125,1319.0,1315.550048828125,1319.0,177224
2024-11-06 13:45:00+05:30,1317.300048828125,1318.949951171875,1317.199951171875,1317.550048828125,125012
2024-11-06 13:50:00+05:30,1319.949951171875,1320.550048828125,1317.050048828125,1317.300048828125,275363
2024-11-06 13:55:00+05:30,1320.0999755859375,1320.699951171875,1319.9000244140625,1319.949951171875,439489
2024-11-06 14:00:00+05:30,1317.3499755859375,1320.0999755859375,1317.25,1320.0,232890
2024-11-06 14:05:00+05:30,1318.4000244140625,1318.75,1317.0,1317.0,80518
2024-11-06 14:10:00+05:30,1316.6500244140625,1318.800048828125,1316.5999755859375,1318.4000244140625,83775
2024-11-06 14:15:00+05:30,1320.25,1320.4000244140625,1316.5999755859375,1316.6500244140625,647211
2024-11-06 14:20:00+05:30,1325.0,1325.800048828125,1320.0999755859375,1320.300048828125,801535
2024-11-06 14:25:00+05:30,1324.300048828125,1325.0999755859375,1323.199951171875,1325.0999755859375,416433
2024-11-06 14:30:00+05:30,1325.050048828125,1325.1500244140625,1324.199951171875,1324.6500244140625,472470
2024-11-06 14:35:00+05:30,1325.0,1325.199951171875,1323.25,1325.050048828125,640166
2024-11-06 14:40:00+05:30,1325.0,1325.050048828125,1321.1500244140625,1325.0,781330
2024-11-06 14:45:00+05:30,1325.050048828125,1325.25,1322.800048828125,1325.050048828125,560756
2024-11-06 14:50:00+05:30,1326.8499755859375,1327.199951171875,1324.0,1325.0,447567
2024-11-06 14:55:00+05:30,1325.050048828125,1326.8499755859375,1324.25,1326.8499755859375,284907
2024-11-06 15:00:00+05:30,1326.25,1328.0,1325.0,1325.050048828125,483168
2024-11-06 15:05:00+05:30,1325.050048828125,1326.300048828125,1324.4000244140625,1326.199951171875,435383
2024-11-06 15:10:00+05:30,1325.0999755859375,1325.5,1324.1500244140625,1325.0999755859375,658039
2024-11-06 15:15:00+05:30,1325.5,1325.800048828125,1325.0,1325.0999755859375,494345
2024-11-06 15:20:00+05:30,1325.5,1325.949951171875,1324.949951171875,1325.5,599855
2024-11-06 15:25:00+05:30,1326.0,1326.199951171875,1324.800048828125,1325.449951171875,408172
2024-11-07 09:15:00+05:30,1316.800048828125,1318.949951171875,1315.550048828125,1318.949951171875,0
2024-11-07 09:20:00+05:30,1314.550048828125,1319.25,1314.550048828125,1316.9000244140625,276399
2024-11-07 09:25:00+05:30,1315.0999755859375,1315.800048828125,1312.5999755859375,1314.550048828125,214286
2024-11-07 09:30:00+05:30,1314.550048828125,1315.25,1314.0,1315.0,158412
2024-11-07 09:35:00+05:30,1314.1500244140625,1315.6500244140625,1314.0,1314.550048828125,169641
2024-11-07 09:40:00+05:30,1317.050048828125,1317.5999755859375,1314.0,1314.050048828125,164355
2024-11-07 09:45:00+05:30,1318.949951171875,1319.5,1316.300048828125,1317.25,147687
2024-11-07 09:50:00+05:30,1318.0,1319.4000244140625,1317.9000244140625,1318.6500244140625,103879
2024-11-07 09:55:00+05:30,1314.0999755859375,1319.0,1314.0,1318.199951171875,137872
2024-11-07 10:00:00+05:30,1310.4000244140625,1314.300048828125,1309.4000244140625,1314.0999755859375,346432
2024-11-07 10:05:00+05:30,1309.5999755859375,1311.0,1308.800048828125,1310.300048828125,160869
2024-11-07 10:10:00+05:30,1309.1500244140625,1310.0999755859375,1307.5,1309.5999755859375,177737
2024-11-07 10:15:00+05:30,1309.25,1310.0,1308.25,1309.050048828125,135283
2024-11-07 10:20:00+05:30,1310.0,1310.5,1309.0,1309.5,96128
2024-11-07 10:25:00+05:30,1308.8499755859375,1311.0,1307.949951171875,1310.0,152702
2024-11-07 10:30:00+05:30,1308.8499755859375,1309.300048828125,1307.550048828125,1308.8499755859375,91123
2024-11-07 10:35:00+05:30,1307.3499755859375,1309.8499755859375,1306.949951171875,1308.800048828125,207132
2024-11-07 10:40:00+05:30,1306.949951171875,1308.0,1306.0,1307.699951171875,135431
2024-11-07 10:45:00+05:30,1306.5999755859375,1308.6500244140625,1306.5,1306.5999755859375,108819
2024-11-07 10:50:00+05:30,1307.949951171875,1308.199951171875,1306.550048828125,1306.5999755859375,105798
2024-11-07 10:55:00+05:30,1309.050048828125,1309.4000244140625,1308.0,1308.199951171875,75463
2024-11-07 11:00:00+05:30,1308.699951171875,1309.699951171875,1307.949951171875,1309.050048828125,85199
2024-11-07 11:05:00+05:30,1307.0,1308.8499755859375,1306.5,1308.699951171875,89796
2024-11-07 11:10:00+05:30,1308.0,1308.0,1306.75,1306.800048828125,87458
2024-11-07 11:15:00+05:30,1306.1500244140625,1308.050048828125,1306.050048828125,1307.9000244140625,86426
2024-11-07 11:20:00+05:30,1304.75,1306.25,1303.6500244140625,1306.0999755859375,176953
2024-11-07 11:25:00+05:30,1304.3499755859375,1305.5999755859375,1303.0,1304.550048828125,77423
2024-11-07 11:30:00+05:30,1304.949951171875,1305.199951171875,1303.3499755859375,1304.3499755859375,56905
2024-11-07 11:35:00+05:30,1304.199951171875,1304.949951171875,1304.0999755859375,1304.949951171875,45833
2024-11-07 11:40:00+05:30,1304.5,1305.0,1304.050048828125,1304.550048828125,76238
2024-11-07 11:45:00+05:30,1303.8499755859375,1304.5999755859375,1303.4000244140625,1304.0999755859375,76129
2024-11-07 11:50:00+05:30,1303.75,1304.4000244140625,1303.300048828125,1304.25,56165
2024-11-07 11:55:00+05:30,1303.699951171875,1304.699951171875,1303.1500244140625,1303.699951171875,58063
2024-11-07 12:00:00+05:30,1303.5999755859375,1304.699951171875,1303.5,1303.699951171875,68612
2024-11-07 12:05:00+05:30,1305.800048828125,1305.8499755859375,1303.449951171875,1303.5999755859375,72599
2024-11-07 12:10:00+05:30,1305.5,1305.800048828125,1304.6500244140625,1305.800048828125,70228
2024-11-07 12:15:00+05:30,1305.050048828125,1305.550048828125,1304.6500244140625,1305.550048828125,57406
2024-11-07 12:20:00+05:30,1305.6500244140625,1306.300048828125,1305.0,1305.050048828125,56192
2024-11-07 12:25:00+05:30,1305.800048828125,1306.4000244140625,1305.300048828125,1305.5999755859375,75198
2024-11-07 12:30:00+05:30,1306.25,1307.4000244140625,1305.300048828125,1305.800048828125,113238
2024-11-07 12:35:00+05:30,1306.1500244140625,1306.6500244140625,1305.699951171875,1306.25,50447
2024-11-07 12:40:00+05:30,1306.5,1307.300048828125,1306.0,1306.0,68801
2024-11-07 12:45:00+05:30,1306.0999755859375,1306.550048828125,1305.449951171875,1306.5,56799
2024-11-07 12:50:00+05:30,1305.8499755859375,1306.5,1305.699951171875,1305.949951171875,61434
2024-11-07 12:55:00+05:30,1305.4000244140625,1306.449951171875,1305.0999755859375,1305.800048828125,60860
2024-11-07 13:00:00+05:30,1304.75,1305.9000244140625,1304.449951171875,1305.25,79676
2024-11-07 13:05:00+05:30,1305.0999755859375,1305.449951171875,1304.5,1304.8499755859375,80844
2024-11-07 13:10:00+05:30,1304.949951171875,1305.199951171875,1304.6500244140625,1305.199951171875,84344
2024-11-07 13:15:00+05:30,1304.6500244140625,1305.0,1304.0999755859375,1304.949951171875,80271
2024-11-07 13:20:00+05:30,1305.050048828125,1305.0999755859375,1304.199951171875,1304.6500244140625,94128
2024-11-07 13:25:00+05:30,1305.0,1305.9000244140625,1304.5999755859375,1305.050048828125,115749
2024-11-07 13:30:00+05:30,1307.449951171875,1307.449951171875,1304.300048828125,1305.0,140013
2024-11-07 13:35:00+05:30,1306.6500244140625,1308.550048828125,1306.6500244140625,1306.800048828125,121774
2024-11-07 13:40:00+05:30,1307.0,1307.6500244140625,1306.1500244140625,1307.0,106496
2024-11-07 13:45:00+05:30,1310.5999755859375,1310.699951171875,1306.6500244140625,1307.050048828125,172226
2024-11-07 13:50:00+05:30,1311.5,1313.0,1310.5,1310.550048828125,162031
2024-11-07 13:55:00+05:30,1309.449951171875,1311.550048828125,1309.3499755859375,1311.5,104735
2024-11-07 14:00:00+05:30,1309.0,1309.800048828125,1308.4000244140625,1309.699951171875,86287
2024-11-07 14:05:00+05:30,1308.0,1309.0999755859375,1307.3499755859375,1308.9000244140625,72119
2024-11-07 14:10:00+05:30,1309.0,1309.25,1307.550048828125,1308.0999755859375,62749
2024-11-07 14:15:00+05:30,1307.550048828125,1309.199951171875,1307.5,1309.199951171875,64250
2024-11-07 14:20:00+05:30,1306.0999755859375,1307.75,1306.0,1307.699951171875,145480
2024-11-07 14:25:00+05:30,1307.699951171875,1308.300048828125,1305.9000244140625,1306.0999755859375,116798
2024-11-07 14:30:00+05:30,1306.6500244140625,1307.9000244140625,1306.5,1307.8499755859375,85823
2024-11-07 14:35:00+05:30,1306.8499755859375,1307.300048828125,1306.0999755859375,1306.449951171875,130142
2024-11-07 14:40:00+05:30,1306.8499755859375,1307.9000244140625,1306.4000244140625,1306.9000244140625,116375
2024-11-07 14:45:00+05:30,1305.699951171875,1306.8499755859375,1305.3499755859375,1306.8499755859375,124547
2024-11-07 14:50:00+05:30,1305.4000244140625,1306.5999755859375,1305.3499755859375,1305.8499755859375,112330
2024-11-07 14:55:00+05:30,1306.4000244140625,1307.4000244140625,1305.300048828125,1305.5999755859375,127104
2024-11-07 15:00:00+05:30,1307.800048828125,1307.800048828125,1305.800048828125,1306.25,180847
2024-11-07 15:05:00+05:30,1306.699951171875,1308.199951171875,1306.0,1307.800048828125,174692
2024-11-07 15:10:00+05:30,1305.25,1307.4000244140625,1305.050048828125,1306.75,178719
2024-11-07 15:15:00+05:30,1305.5,1305.699951171875,1304.449951171875,1305.25,325510
2024-11-07 15:20:00+05:30,1305.1500244140625,1305.8499755859375,1304.5,1305.0,265310
2024-11-07 15:25:00+05:30,1305.0,1305.8499755859375,1305.0,1305.050048828125,289021
2024-11-08 09:15:00+05:30,1286.0999755859375,1299.449951171875,1285.5999755859375,1299.449951171875,0
2024-11-08 09:20:00+05:30,1282.3499755859375,1285.9000244140625,1278.6500244140625,1285.699951171875,833800
2024-11-08 09:25:00+05:30,1286.1500244140625,1288.0999755859375,1282.550048828125,1282.699951171875,495212
2024-11-08 09:30:00+05:30,1288.0999755859375,1289.5,1286.0,1286.4000244140625,335728
2024-11-08 09:35:00+05:30,1287.4000244140625,1288.800048828125,1285.0,1288.199951171875,228882
2024-11-08 09:40:00+05:30,1290.75,1291.1500244140625,1286.699951171875,1287.25,339245
2024-11-08 09:45:00+05:30,1294.0,1294.4000244140625,1290.8499755859375,1290.8499755859375,489145
2024-11-08 09:50:00+05:30,1289.800048828125,1294.25,1288.5,1294.0,1483884
2024-11-08 09:55:00+05:30,1291.4000244140625,1291.5,1288.4000244140625,1290.199951171875,116393
2024-11-08 10:00:00+05:30,1289.5999755859375,1292.0,1289.0,1291.5,108411
2024-11-08 10:05:00+05:30,1291.9000244140625,1291.9000244140625,1289.199951171875,1289.5999755859375,83514
2024-11-08 10:10:00+05:30,1292.800048828125,1293.949951171875,1291.050048828125,1291.9000244140625,117319
2024-11-08 10:15:00+05:30,1293.75,1295.050048828125,1291.0,1292.3499755859375,207676
2024-11-08 10:20:00+05:30,1294.050048828125,1294.949951171875,1293.3499755859375,1293.75,94930
2024-11-08 10:25:00+05:30,1291.75,1294.0999755859375,1291.5,1294.0999755859375,117965
2024-11-08 10:30:00+05:30,1291.050048828125,1292.3499755859375,1291.0,1291.949951171875,76047
2024-11-08 10:35:00+05:30,1290.3499755859375,1291.3499755859375,1290.0999755859375,1291.1500244140625,103495
2024-11-08 10:40:00+05:30,1289.199951171875,1290.800048828125,1288.9000244140625,1290.3499755859375,135650
2024-11-08 10:45:00+05:30,1288.0,1289.5,1287.75,1289.199951171875,95987
2024-11-08 10:50:00+05:30,1285.949951171875,1287.800048828125,1285.3499755859375,1287.5999755859375,116821
2024-11-08 10:55:00+05:30,1286.1500244140625,1286.3499755859375,1285.0,1285.949951171875,116693
2024-11-08 11:00:00+05:30,1285.449951171875,1286.199951171875,1284.800048828125,1286.199951171875,170106
2024-11-08 11:05:00+05:30,1283.8499755859375,1285.5,1283.5,1285.5,173520
2024-11-08 11:10:00+05:30,1285.3499755859375,1285.4000244140625,1283.0,1283.550048828125,122895
2024-11-08 11:15:00+05:30,1284.800048828125,1285.4000244140625,1284.0,1285.25,78521
2024-11-08 11:20:00+05:30,1283.699951171875,1285.199951171875,1283.699951171875,1284.800048828125,98551
2024-11-08 11:25:00+05:30,1282.9000244140625,1284.3499755859375,1282.5,1283.699951171875,97775
2024-11-08 11:30:00+05:30,1281.050048828125,1283.050048828125,1281.050048828125,1282.8499755859375,162885
2024-11-08 11:35:00+05:30,1281.75,1282.300048828125,1280.949951171875,1281.199951171875,163444
2024-11-08 11:40:00+05:30,1281.6500244140625,1282.25,1281.0,1281.699951171875,123712
2024-11-08 11:45:00+05:30,1281.800048828125,1282.449951171875,1281.0,1281.800048828125,133752
2024-11-08 11:50:00+05:30,1280.25,1283.0,1280.1500244140625,1281.75,214399
2024-11-08 11:55:00+05:30,1281.5999755859375,1282.050048828125,1280.050048828125,1280.0999755859375,251357
2024-11-08 12:00:00+05:30,1282.3499755859375,1282.5,1281.5,1281.699951171875,118900
2024-11-08 12:05:00+05:30,1282.449951171875,1283.4000244140625,1282.0,1282.3499755859375,107023
2024-11-08 12:10:00+05:30,1283.050048828125,1283.199951171875,1282.5,1282.9000244140625,88358
2024-11-08 12:15:00+05:30,1283.0,1283.0999755859375,1282.25,1283.0,104297
2024-11-08 12:20:00+05:30,1282.449951171875,1283.199951171875,1282.199951171875,1283.050048828125,85522
2024-11-08 12:25:00+05:30,1283.0,1283.25,1282.199951171875,1282.449951171875,97862
2024-11-08 12:30:00+05:30,1283.199951171875,1283.3499755859375,1282.449951171875,1282.949951171875,84129
2024-11-08 12:35:00+05:30,1283.550048828125,1283.699951171875,1282.800048828125,1283.1500244140625,88042
2024-11-08 12:40:00+05:30,1285.0,1285.4000244140625,1283.199951171875,1283.550048828125,186198
2024-11-08 12:45:00+05:30,1285.0,1285.5,1284.5,1285.050048828125,81626
2024-11-08 12:50:00+05:30,1285.050048828125,1285.449951171875,1285.0,1285.050048828125,100586
2024-11-08 12:55:00+05:30,1285.050048828125,1285.0999755859375,1285.0,1285.050048828125,60364
2024-11-08 13:00:00+05:30,1285.0,1285.1500244140625,1285.0,1285.050048828125,74880
2024-11-08 13:05:00+05:30,1285.050048828125,1285.050048828125,1284.949951171875,1285.050048828125,58765
2024-11-08 13:10:00+05:30,1285.6500244140625,1286.050048828125,1284.8499755859375,1284.949951171875,110335
2024-11-08 13:15:00+05:30,1283.199951171875,1285.6500244140625,1283.199951171875,1285.5999755859375,158301
2024-11-08 13:20:00+05:30,1284.4000244140625,1284.4000244140625,1282.6500244140625,1283.449951171875,137598
2024-11-08 13:25:00+05:30,1285.550048828125,1286.0,1284.4000244140625,1284.4000244140625,179625
2024-11-08 13:30:00+05:30,1284.75,1285.6500244140625,1284.550048828125,1285.5999755859375,166516
2024-11-08 13:35:00+05:30,1283.5999755859375,1284.800048828125,1283.0,1284.699951171875,141146
2024-11-08 13:40:00+05:30,1284.0999755859375,1284.0999755859375,1282.0,1283.449951171875,200293
2024-11-08 13:45:00+05:30,1282.25,1284.4000244140625,1282.0,1284.050048828125,116457
2024-11-08 13:50:00+05:30,1281.5,1282.5,1281.0,1282.25,192178
2024-11-08 13:55:00+05:30,1281.4000244140625,1281.9000244140625,1280.3499755859375,1281.5,173055
2024-11-08 14:00:00+05:30,1281.0,1281.5,1280.25,1281.4000244140625,155578
2024-11-08 14:05:00+05:30,1280.0999755859375,1281.550048828125,1280.050048828125,1281.550048828125,259632
2024-11-08 14:10:00+05:30,1280.5999755859375,1281.0,1280.0,1280.0999755859375,172345
2024-11-08 14:15:00+05:30,1279.75,1280.550048828125,1279.0,1280.300048828125,323367
2024-11-08 14:20:00+05:30,1280.699951171875,1280.8499755859375,1279.0,1279.699951171875,190309
2024-11-08 14:25:00+05:30,1282.050048828125,1283.3499755859375,1280.4000244140625,1280.699951171875,170686
2024-11-08 14:30:00+05:30,1280.699951171875,1282.0999755859375,1280.4000244140625,1282.050048828125,123327
2024-11-08 14:35:00+05:30,1280.550048828125,1282.550048828125,1279.0,1280.699951171875,395685
2024-11-08 14:40:00+05:30,1281.550048828125,1282.199951171875,1280.449951171875,1280.5999755859375,219318
2024-11-08 14:45:00+05:30,1282.0999755859375,1282.0999755859375,1280.449951171875,1281.5999755859375,182385
2024-11-08 14:50:00+05:30,1282.0999755859375,1284.75,1280.9000244140625,1282.1500244140625,3667870
2024-11-08 14:55:00+05:30,1281.6500244140625,1283.3499755859375,1281.3499755859375,1282.0999755859375,194645
2024-11-08 15:00:00+05:30,1283.449951171875,1284.4000244140625,1282.0999755859375,1282.0999755859375,366339
2024-11-08 15:05:00+05:30,1284.300048828125,1285.5999755859375,1283.050048828125,1283.5,494033
2024-11-08 15:10:00+05:30,1285.949951171875,1286.449951171875,1284.550048828125,1285.0,363502
2024-11-08 15:15:00+05:30,1284.6500244140625,1286.050048828125,1283.199951171875,1285.9000244140625,440646
2024-11-08 15:20:00+05:30,1281.9000244140625,1284.800048828125,1281.550048828125,1284.6500244140625,272280
2024-11-08 15:25:00+05:30,1280.199951171875,1281.9000244140625,1279.6500244140625,1281.9000244140625,323759
2024-11-11 09:15:00+05:30,1272.0,1279.449951171875,1267.0,1279.449951171875,0
2024-11-11 09:20:00+05:30,1271.0999755859375,1273.800048828125,1270.5,1272.0,203675
2024-11-11 09:25:00+05:30,1273.0,1273.25,1269.0,1270.0999755859375,275321
2024-11-11 09:30:00+05:30,1274.5999755859375,1275.75,1272.550048828125,1273.0999755859375,170309
2024-11-11 09:35:00+05:30,1274.449951171875,1275.4000244140625,1272.75,1274.449951171875,127929
2024-11-11 09:40:00+05:30,1276.300048828125,1276.6500244140625,1272.5999755859375,1274.75,153296
2024-11-11 09:45:00+05:30,1277.0,1277.199951171875,1274.050048828125,1276.0,121344
2024-11-11 09:50:00+05:30,1275.800048828125,1277.199951171875,1274.5,1277.199951171875,118035
2024-11-11 09:55:00+05:30,1275.0,1276.0,1273.550048828125,1275.800048828125,94578
2024-11-11 10:00:00+05:30,1272.8499755859375,1274.949951171875,1272.0999755859375,1274.949951171875,90714
2024-11-11 10:05:00+05:30,1273.5,1274.75,1272.300048828125,1272.550048828125,43992
2024-11-11 10:10:00+05:30,1273.0,1273.949951171875,1272.300048828125,1273.5,49032
2024-11-11 10:15:00+05:30,1270.550048828125,1273.0,1270.3499755859375,1273.0,86086
2024-11-11 10:20:00+05:30,1273.199951171875,1273.449951171875,1270.1500244140625,1270.300048828125,101714
2024-11-11 10:25:00+05:30,1278.8499755859375,1278.8499755859375,1272.6500244140625,1273.199951171875,180237
2024-11-11 10:30:00+05:30,1276.9000244140625,1278.9000244140625,1276.0,1278.300048828125,98251
2024-11-11 10:35:00+05:30,1280.25,1281.0,1276.8499755859375,1276.9000244140625,144116
2024-11-11 10:40:00+05:30,1279.3499755859375,1281.5,1278.1500244140625,1280.4000244140625,120509
2024-11-11 10:45:00+05:30,1279.0,1280.9000244140625,1278.449951171875,1279.0,65222
2024-11-11 10:50:00+05:30,1279.75,1279.8499755859375,1278.5,1279.300048828125,43512
2024-11-11 10:55:00+05:30,1282.800048828125,1283.0,1279.699951171875,1279.75,105989
2024-11-11 11:00:00+05:30,1282.949951171875,1283.300048828125,1281.75,1282.9000244140625,82165
2024-11-11 11:05:00+05:30,1282.0999755859375,1284.800048828125,1281.4000244140625,1283.25,107099
2024-11-11 11:10:00+05:30,1284.300048828125,1285.050048828125,1281.5,1282.050048828125,143573
2024-11-11 11:15:00+05:30,1284.0,1285.949951171875,1283.75,1284.5,78562
2024-11-11 11:20:00+05:30,1283.550048828125,1284.050048828125,1282.0,1284.0,80820
2024-11-11 11:25:00+05:30,1283.050048828125,1284.0,1282.5,1283.6500244140625,82119
2024-11-11 11:30:00+05:30,1283.300048828125,1284.0,1282.0,1283.050048828125,45228
2024-11-11 11:35:00+05:30,1282.9000244140625,1283.75,1282.0,1282.8499755859375,64131
2024-11-11 11:40:00+05:30,1285.5,1285.949951171875,1282.550048828125,1282.949951171875,102622
2024-11-11 11:45:00+05:30,1282.199951171875,1285.800048828125,1282.050048828125,1285.4000244140625,50745
2024-11-11 11:50:00+05:30,1280.3499755859375,1282.5,1280.0,1282.199951171875,134488
2024-11-11 11:55:00+05:30,1278.6500244140625,1281.050048828125,1278.5,1280.5,101948
2024-11-11 12:00:00+05:30,1279.699951171875,1280.3499755859375,1278.199951171875,1278.699951171875,125673
2024-11-11 12:05:00+05:30,1277.699951171875,1279.6500244140625,1277.550048828125,1279.300048828125,61525
2024-11-11 12:10:00+05:30,1277.199951171875,1277.699951171875,1275.949951171875,1277.6500244140625,75078
2024-11-11 12:15:00+05:30,1276.5,1278.800048828125,1276.0,1277.1500244140625,96828
2024-11-11 12:20:00+05:30,1276.1500244140625,1278.699951171875,1275.199951171875,1276.449951171875,109724
2024-11-11 12:25:00+05:30,1278.0,1278.3499755859375,1275.4000244140625,1276.199951171875,93032
2024-11-11 12:30:00+05:30,1277.550048828125,1279.5,1277.5,1277.8499755859375,60446
2024-11-11 12:35:00+05:30,1278.0,1278.8499755859375,1277.5,1277.8499755859375,52171
2024-11-11 12:40:00+05:30,1278.550048828125,1278.949951171875,1277.5,1278.1500244140625,58255
2024-11-11 12:45:00+05:30,1278.0,1279.8499755859375,1278.0,1278.4000244140625,63995
2024-11-11 12:50:00+05:30,1277.0999755859375,1278.449951171875,1277.0,1278.050048828125,85084
2024-11-11 12:55:00+05:30,1275.8499755859375,1277.4000244140625,1275.300048828125,1277.0999755859375,102984
2024-11-11 13:00:00+05:30,1275.3499755859375,1276.699951171875,1275.3499755859375,1275.949951171875,71492
2024-11-11 13:05:00+05:30,1275.6500244140625,1276.0,1274.9000244140625,1275.3499755859375,114144
2024-11-11 13:10:00+05:30,1275.0,1276.75,1274.0,1275.449951171875,150155
2024-11-11 13:15:00+05:30,1274.050048828125,1276.8499755859375,1273.550048828125,1275.0,95648
2024-11-11 13:20:00+05:30,1275.0999755859375,1275.949951171875,1273.800048828125,1273.800048828125,128003
2024-11-11 13:25:00+05:30,1274.699951171875,1276.0,1274.3499755859375,1275.25,118606
2024-11-11 13:30:00+05:30,1275.699951171875,1276.6500244140625,1274.0999755859375,1274.6500244140625,59702
2024-11-11 13:35:00+05:30,1275.4000244140625,1276.6500244140625,1275.050048828125,1275.75,36348
2024-11-11 13:40:00+05:30,1272.8499755859375,1275.449951171875,1272.0,1275.449951171875,80294
2024-11-11 13:45:00+05:30,1272.300048828125,1273.5999755859375,1271.75,1273.0999755859375,94744
2024-11-11 13:50:00+05:30,1273.300048828125,1273.5,1271.699951171875,1272.0999755859375,75361
2024-11-11 13:55:00+05:30,1275.5,1275.800048828125,1272.75,1272.8499755859375,119604
2024-11-11 14:00:00+05:30,1274.800048828125,1276.699951171875,1274.25,1275.5,87112
2024-11-11 14:05:00+05:30,1273.050048828125,1274.5999755859375,1272.75,1274.550048828125,106855
2024-11-11 14:10:00+05:30,1272.0999755859375,1273.949951171875,1271.800048828125,1272.800048828125,108575
2024-11-11 14:15:00+05:30,1271.0,1272.300048828125,1270.0,1272.0999755859375,228214
2024-11-11 14:20:00+05:30,1271.5999755859375,1272.1500244140625,1269.550048828125,1270.9000244140625,186259
2024-11-11 14:25:00+05:30,1274.300048828125,1274.5,1271.3499755859375,1271.75,89360
2024-11-11 14:30:00+05:30,1276.449951171875,1276.5,1273.5,1274.199951171875,82208
2024-11-11 14:35:00+05:30,1277.5,1277.9000244140625,1275.4000244140625,1276.75,121801
2024-11-11 14:40:00+05:30,1276.1500244140625,1277.8499755859375,1275.25,1277.3499755859375,81735
2024-11-11 14:45:00+05:30,1277.699951171875,1277.75,1275.75,1276.300048828125,123420
2024-11-11 14:50:00+05:30,1278.0,1279.0,1277.449951171875,1277.550048828125,147380
2024-11-11 14:55:00+05:30,1276.449951171875,1277.8499755859375,1276.050048828125,1277.8499755859375,73124
2024-11-11 15:00:00+05:30,1272.9000244140625,1276.5999755859375,1271.5999755859375,1276.5999755859375,199836
2024-11-11 15:05:00+05:30,1274.300048828125,1274.4000244140625,1272.0999755859375,1272.8499755859375,149422
2024-11-11 15:10:00+05:30,1272.0999755859375,1274.5,1271.949951171875,1274.199951171875,195016
2024-11-11 15:15:00+05:30,1271.5999755859375,1273.75,1271.550048828125,1272.1500244140625,278504
2024-11-11 15:20:00+05:30,1272.199951171875,1273.25,1271.5999755859375,1271.5999755859375,214325
2024-11-11 15:25:00+05:30,1272.699951171875,1273.5999755859375,1272.0,1272.300048828125,245898
2024-11-12 09:15:00+05:30,1278.1500244140625,1281.699951171875,1275.75,1276.0,0
2024-11-12 09:20:00+05:30,1282.3499755859375,1282.5999755859375,1278.199951171875,1278.199951171875,218995
2024-11-12 09:25:00+05:30,1279.550048828125,1282.3499755859375,1279.199951171875,1282.3499755859375,116156
2024-11-12 09:30:00+05:30,1280.949951171875,1281.75,1279.1500244140625,1279.449951171875,96387
2024-11-12 09:35:00+05:30,1277.75,1281.050048828125,1276.550048828125,1281.0,138894
2024-11-12 09:40:00+05:30,1276.1500244140625,1279.949951171875,1276.1500244140625,1277.75,159023
2024-11-12 09:45:00+05:30,1274.1500244140625,1276.300048828125,1273.0,1276.25,200262
2024-11-12 09:50:00+05:30,1273.6500244140625,1275.449951171875,1273.0999755859375,1274.300048828125,100251
2024-11-12 09:55:00+05:30,1279.0,1279.4000244140625,1273.300048828125,1273.6500244140625,162283
2024-11-12 10:00:00+05:30,1275.5,1279.5,1275.449951171875,1279.1500244140625,103032
2024-11-12 10:05:00+05:30,1275.550048828125,1275.9000244140625,1274.3499755859375,1275.4000244140625,73147
2024-11-12 10:10:00+05:30,1274.199951171875,1277.0,1274.0999755859375,1275.800048828125,121752
2024-11-12 10:15:00+05:30,1277.4000244140625,1278.25,1274.0,1274.199951171875,155402
2024-11-12 10:20:00+05:30,1276.6500244140625,1278.5,1276.199951171875,1277.4000244140625,73751
2024-11-12 10:25:00+05:30,1279.300048828125,1279.300048828125,1276.4000244140625,1276.6500244140625,74856
2024-11-12 10:30:00+05:30,1282.5,1283.300048828125,1278.6500244140625,1279.300048828125,201891
2024-11-12 10:35:00+05:30,1279.050048828125,1282.5,1278.050048828125,1282.25,125531
2024-11-12 10:40:00+05:30,1281.550048828125,1281.550048828125,1277.800048828125,1279.199951171875,111484
2024-11-12 10:45:00+05:30,1280.75,1281.5,1279.1500244140625,1281.300048828125,76786
2024-11-12 10:50:00+05:30,1282.3499755859375,1282.449951171875,1280.449951171875,1280.699951171875,102819
2024-11-12 10:55:00+05:30,1286.199951171875,1288.0,1282.0,1282.4000244140625,301913
2024-11-12 11:00:00+05:30,1285.75,1289.300048828125,1285.050048828125,1286.199951171875,179960
2024-11-12 11:05:00+05:30,1285.199951171875,1285.9000244140625,1284.449951171875,1285.75,108787
2024-11-12 11:10:00+05:30,1283.8499755859375,1285.5,1283.550048828125,1285.5,85294
2024-11-12 11:15:00+05:30,1282.75,1284.199951171875,1281.949951171875,1284.0999755859375,103725
2024-11-12 11:20:00+05:30,1284.9000244140625,1285.199951171875,1282.3499755859375,1282.75,74216
2024-11-12 11:25:00+05:30,1283.449951171875,1285.0,1283.300048828125,1284.8499755859375,44610
2024-11-12 11:30:00+05:30,1285.3499755859375,1286.75,1283.3499755859375,1283.4000244140625,93360
2024-11-12 11:35:00+05:30,1284.050048828125,1286.5,1283.550048828125,1285.050048828125,74000
2024-11-12 11:40:00+05:30,1282.6500244140625,1285.0999755859375,1282.5,1284.050048828125,57347
2024-11-12 11:45:00+05:30,1283.75,1285.0999755859375,1282.0,1282.5999755859375,50539
2024-11-12 11:50:00+05:30,1284.449951171875,1284.449951171875,1283.0,1284.199951171875,34099
2024-11-12 11:55:00+05:30,1283.6500244140625,1284.5,1282.8499755859375,1284.5,32116
2024-11-12 12:00:00+05:30,1283.6500244140625,1283.949951171875,1282.5,1283.699951171875,38622
2024-11-12 12:05:00+05:30,1282.75,1283.9000244140625,1282.0,1283.5999755859375,81140
2024-11-12 12:10:00+05:30,1280.699951171875,1283.300048828125,1279.3499755859375,1282.9000244140625,135979
2024-11-12 12:15:00+05:30,1281.800048828125,1282.0,1280.5,1280.699951171875,62974
2024-11-12 12:20:00+05:30,1281.0999755859375,1282.0,1280.550048828125,1281.949951171875,54559
2024-11-12 12:25:00+05:30,1280.25,1282.550048828125,1280.1500244140625,1281.050048828125,65032
2024-11-12 12:30:00+05:30,1280.4000244140625,1281.949951171875,1279.199951171875,1280.199951171875,130575
2024-11-12 12:35:00+05:30,1281.5,1282.449951171875,1280.050048828125,1280.5,118544
2024-11-12 12:40:00+05:30,1278.050048828125,1281.550048828125,1277.9000244140625,1281.5,149333
2024-11-12 12:45:00+05:30,1275.699951171875,1278.0999755859375,1275.5,1278.050048828125,106605
2024-11-12 12:50:00+05:30,1276.300048828125,1277.25,1275.5,1275.699951171875,102326
2024-11-12 12:55:00+05:30,1275.6500244140625,1276.8499755859375,1273.300048828125,1276.1500244140625,149184
2024-11-12 13:00:00+05:30,1277.4000244140625,1277.5,1274.8499755859375,1276.0,98551
2024-11-12 13:05:00+05:30,1275.9000244140625,1277.4000244140625,1275.4000244140625,1277.4000244140625,78744
2024-11-12 13:10:00+05:30,1276.25,1276.75,1275.050048828125,1275.9000244140625,92134
2024-11-12 13:15:00+05:30,1273.25,1276.5,1272.050048828125,1276.4000244140625,187549
2024-11-12 13:20:00+05:30,1274.800048828125,1275.9000244140625,1273.050048828125,1273.550048828125,60012
2024-11-12 13:25:00+05:30,1274.949951171875,1275.5,1273.550048828125,1274.5999755859375,98515
2024-11-12 13:30:00+05:30,1273.550048828125,1275.0999755859375,1273.199951171875,1274.949951171875,145914
2024-11-12 13:35:00+05:30,1272.949951171875,1273.800048828125,1272.199951171875,1273.550048828125,76254
2024-11-12 13:40:00+05:30,1273.699951171875,1274.1500244140625,1272.199951171875,1272.949951171875,78148
2024-11-12 13:45:00+05:30,1274.699951171875,1276.5,1273.050048828125,1273.75,82782
2024-11-12 13:50:00+05:30,1275.800048828125,1275.9000244140625,1274.0,1274.699951171875,47893
2024-11-12 13:55:00+05:30,1275.3499755859375,1276.75,1275.25,1275.8499755859375,53216
2024-11-12 14:00:00+05:30,1275.300048828125,1276.0,1275.050048828125,1275.5,49422
2024-11-12 14:05:00+05:30,1277.199951171875,1277.449951171875,1275.0,1275.300048828125,101083
2024-11-12 14:10:00+05:30,1277.4000244140625,1278.550048828125,1276.5,1277.0,90975
2024-11-12 14:15:00+05:30,1278.800048828125,1278.9000244140625,1276.4000244140625,1277.4000244140625,87084
2024-11-12 14:20:00+05:30,1279.550048828125,1280.3499755859375,1278.800048828125,1278.800048828125,96294
2024-11-12 14:25:00+05:30,1278.449951171875,1280.0,1278.449951171875,1279.550048828125,87688
2024-11-12 14:30:00+05:30,1280.800048828125,1281.1500244140625,1278.3499755859375,1278.75,118811
2024-11-12 14:35:00+05:30,1278.949951171875,1282.5,1278.949951171875,1280.8499755859375,138737
2024-11-12 14:40:00+05:30,1277.949951171875,1279.449951171875,1277.5999755859375,1279.449951171875,105913
2024-11-12 14:45:00+05:30,1278.4000244140625,1279.550048828125,1277.6500244140625,1277.949951171875,73634
2024-11-12 14:50:00+05:30,1277.3499755859375,1279.0,1277.0,1278.5,93385
2024-11-12 14:55:00+05:30,1276.050048828125,1277.6500244140625,1276.0,1277.300048828125,103654
2024-11-12 15:00:00+05:30,1278.5999755859375,1279.1500244140625,1275.25,1276.050048828125,411500
2024-11-12 15:05:00+05:30,1275.9000244140625,1278.949951171875,1275.5,1278.5999755859375,468186
2024-11-12 15:10:00+05:30,1273.3499755859375,1276.5999755859375,1272.949951171875,1276.5999755859375,549691
2024-11-12 15:15:00+05:30,1273.5999755859375,1274.300048828125,1271.75,1273.3499755859375,408237
2024-11-12 15:20:00+05:30,1272.3499755859375,1274.3499755859375,1272.0,1273.5999755859375,481909
2024-11-12 15:25:00+05:30,1269.050048828125,1272.5,1268.800048828125,1272.4000244140625,479557
2024-11-13 09:15:00+05:30,1267.75,1275.0999755859375,1265.75,1270.550048828125,0
2024-11-13 09:20:00+05:30,1270.4000244140625,1271.9000244140625,1266.0999755859375,1268.0,253322
2024-11-13 09:25:00+05:30,1264.949951171875,1271.199951171875,1264.949951171875,1270.300048828125,249132
2024-11-13 09:30:00+05:30,1263.5,1267.9000244140625,1263.0,1264.9000244140625,238477
2024-11-13 09:35:00+05:30,1261.449951171875,1264.800048828125,1261.199951171875,1263.1500244140625,212018
2024-11-13 09:40:00+05:30,1258.050048828125,1261.75,1258.050048828125,1261.5,260824
2024-11-13 09:45:00+05:30,1255.699951171875,1259.5,1254.25,1258.8499755859375,329754
2024-11-13 09:50:00+05:30,1257.300048828125,1260.3499755859375,1255.0,1255.699951171875,253214
2024-11-13 09:55:00+05:30,1259.0,1259.050048828125,1256.0,1257.3499755859375,129891
2024-11-13 10:00:00+05:30,1259.8499755859375,1261.300048828125,1258.0999755859375,1258.949951171875,128504
2024-11-13 10:05:00+05:30,1258.9000244140625,1260.6500244140625,1257.0,1259.800048828125,110003
2024-11-13 10:10:00+05:30,1257.300048828125,1260.550048828125,1257.0999755859375,1258.800048828125,108592
2024-11-13 10:15:00+05:30,1257.699951171875,1258.3499755859375,1255.25,1257.25,104458
2024-11-13 10:20:00+05:30,1258.0,1258.0,1256.5,1257.699951171875,83598
2024-11-13 10:25:00+05:30,1259.9000244140625,1260.300048828125,1258.0,1258.0,150690
2024-11-13 10:30:00+05:30,1258.699951171875,1260.8499755859375,1257.6500244140625,1259.9000244140625,206416
2024-11-13 10:35:00+05:30,1258.699951171875,1260.5999755859375,1258.5999755859375,1258.8499755859375,118176
2024-11-13 10:40:00+05:30,1256.8499755859375,1258.8499755859375,1256.300048828125,1258.699951171875,191549
2024-11-13 10:45:00+05:30,1257.699951171875,1258.75,1256.550048828125,1256.9000244140625,110893
2024-11-13 10:50:00+05:30,1262.3499755859375,1262.550048828125,1257.25,1257.949951171875,173785
2024-11-13 10:55:00+05:30,1262.1500244140625,1262.699951171875,1260.3499755859375,1262.300048828125,117097
2024-11-13 11:00:00+05:30,1261.550048828125,1263.800048828125,1260.9000244140625,1262.1500244140625,189592
2024-11-13 11:05:00+05:30,1259.9000244140625,1261.550048828125,1258.6500244140625,1261.550048828125,117990
2024-11-13 11:10:00+05:30,1260.8499755859375,1262.75,1259.4000244140625,1259.9000244140625,104526
2024-11-13 11:15:00+05:30,1260.3499755859375,1261.949951171875,1259.8499755859375,1260.75,190861
2024-11-13 11:20:00+05:30,1263.0,1263.5,1260.0999755859375,1260.699951171875,136481
2024-11-13 11:25:00+05:30,1261.050048828125,1263.199951171875,1261.050048828125,1263.199951171875,189925
2024-11-13 11:30:00+05:30,1263.0999755859375,1263.449951171875,1261.199951171875,1261.199951171875,244355
2024-11-13 11:35:00+05:30,1264.0999755859375,1264.0999755859375,1262.550048828125,1263.0999755859375,267062
2024-11-13 11:40:00+05:30,1263.3499755859375,1265.1500244140625,1262.75,1264.0999755859375,186682
2024-11-13 11:45:00+05:30,1265.0999755859375,1265.8499755859375,1263.1500244140625,1263.300048828125,194326
2024-11-13 11:50:00+05:30,1265.050048828125,1265.949951171875,1264.0,1265.0999755859375,232609
2024-11-13 11:55:00+05:30,1265.050048828125,1265.3499755859375,1264.25,1265.050048828125,90633
2024-11-13 12:00:00+05:30,1263.4000244140625,1265.3499755859375,1263.0,1265.050048828125,97095
2024-11-13 12:05:00+05:30,1263.699951171875,1264.9000244140625,1262.4000244140625,1263.4000244140625,73535
2024-11-13 12:10:00+05:30,1263.050048828125,1264.449951171875,1262.699951171875,1264.0,69373
2024-11-13 12:15:00+05:30,1264.0,1264.1500244140625,1262.6500244140625,1263.0999755859375,50366
2024-11-13 12:20:00+05:30,1263.5999755859375,1264.0,1263.0,1264.0,59410
2024-11-13 12:25:00+05:30,1261.550048828125,1263.5999755859375,1261.25,1263.300048828125,129541
2024-11-13 12:30:00+05:30,1263.0999755859375,1263.449951171875,1261.0999755859375,1261.5999755859375,81873
2024-11-13 12:35:00+05:30,1260.800048828125,1263.1500244140625,1260.300048828125,1263.0999755859375,89885
2024-11-13 12:40:00+05:30,1260.050048828125,1262.0,1260.050048828125,1260.800048828125,113972
2024-11-13 12:45:00+05:30,1259.449951171875,1260.800048828125,1258.25,1260.3499755859375,127762
2024-11-13 12:50:00+05:30,1259.0,1260.6500244140625,1258.4000244140625,1259.4000244140625,114639
2024-11-13 12:55:00+05:30,1257.050048828125,1258.949951171875,1256.550048828125,1258.949951171875,201290
2024-11-13 13:00:00+05:30,1257.0999755859375,1257.800048828125,1255.6500244140625,1257.0999755859375,193655
2024-11-13 13:05:00+05:30,1257.050048828125,1257.4000244140625,1255.75,1257.25,80752
2024-11-13 13:10:00+05:30,1257.300048828125,1258.449951171875,1256.0999755859375,1257.050048828125,106282
2024-11-13 13:15:00+05:30,1256.949951171875,1257.5,1255.0,1257.300048828125,170787
2024-11-13 13:20:00+05:30,1254.550048828125,1257.9000244140625,1254.050048828125,1256.8499755859375,252480
2024-11-13 13:25:00+05:30,1253.5,1255.0,1253.199951171875,1254.5,116463
2024-11-13 13:30:00+05:30,1252.199951171875,1254.0999755859375,1251.800048828125,1253.800048828125,186619
2024-11-13 13:35:00+05:30,1255.5,1256.050048828125,1252.199951171875,1252.199951171875,186842
2024-11-13 13:40:00+05:30,1256.0999755859375,1256.5999755859375,1254.550048828125,1255.4000244140625,101214
2024-11-13 13:45:00+05:30,1257.25,1258.300048828125,1256.300048828125,1256.300048828125,153193
2024-11-13 13:50:00+05:30,1255.3499755859375,1257.4000244140625,1255.0,1257.25,117635
2024-11-13 13:55:00+05:30,1256.199951171875,1257.5999755859375,1255.199951171875,1255.3499755859375,106849
2024-11-13 14:00:00+05:30,1255.5999755859375,1257.550048828125,1255.0,1256.199951171875,195995
2024-11-13 14:05:00+05:30,1256.4000244140625,1257.0,1255.300048828125,1255.5999755859375,131382
2024-11-13 14:10:00+05:30,1254.4000244140625,1256.449951171875,1254.050048828125,1256.050048828125,119550
2024-11-13 14:15:00+05:30,1254.25,1254.949951171875,1253.449951171875,1254.8499755859375,95090
2024-11-13 14:20:00+05:30,1251.949951171875,1254.3499755859375,1251.699951171875,1254.300048828125,134290
2024-11-13 14:25:00+05:30,1252.300048828125,1253.9000244140625,1251.8499755859375,1251.9000244140625,130491
2024-11-13 14:30:00+05:30,1251.75,1252.449951171875,1250.8499755859375,1252.300048828125,194585
2024-11-13 14:35:00+05:30,1251.8499755859375,1252.0,1250.5,1251.75,200657
2024-11-13 14:40:00+05:30,1250.949951171875,1252.550048828125,1250.4000244140625,1252.0,133011
2024-11-13 14:45:00+05:30,1251.0999755859375,1252.4000244140625,1250.199951171875,1251.0,129996
2024-11-13 14:50:00+05:30,1252.3499755859375,1252.449951171875,1250.0999755859375,1251.449951171875,167333
2024-11-13 14:55:00+05:30,1250.3499755859375,1252.3499755859375,1249.75,1252.3499755859375,357298
2024-11-13 15:00:00+05:30,1250.0,1251.699951171875,1249.8499755859375,1250.4000244140625,417019
2024-11-13 15:05:00+05:30,1251.4000244140625,1251.699951171875,1249.949951171875,1250.050048828125,420284
2024-11-13 15:10:00+05:30,1252.199951171875,1252.5,1251.0,1251.449951171875,417761
2024-11-13 15:15:00+05:30,1252.6500244140625,1253.050048828125,1251.699951171875,1252.199951171875,489711
2024-11-13 15:20:00+05:30,1253.5,1254.0,1252.5,1252.6500244140625,459351
2024-11-13 15:25:00+05:30,1252.699951171875,1255.8499755859375,1252.0,1253.5,497690
2024-11-14 09:15:00+05:30,1262.0,1262.0,1253.0,1254.699951171875,0
2024-11-14 09:20:00+05:30,1261.4000244140625,1261.9000244140625,1256.0,1261.25,421149
2024-11-14 09:25:00+05:30,1259.6500244140625,1262.9000244140625,1258.75,1261.050048828125,182004
2024-11-14 09:30:00+05:30,1261.5,1262.0,1259.0,1259.3499755859375,113336
2024-11-14 09:35:00+05:30,1259.949951171875,1262.0,1258.8499755859375,1261.6500244140625,129102
2024-11-14 09:40:00+05:30,1257.9000244140625,1259.949951171875,1253.449951171875,1259.949951171875,250952
2024-11-14 09:45:00+05:30,1256.9000244140625,1259.1500244140625,1256.5,1257.9000244140625,115918
2024-11-14 09:50:00+05:30,1255.25,1257.5,1254.5999755859375,1256.6500244140625,83327
2024-11-14 09:55:00+05:30,1258.9000244140625,1259.25,1255.0999755859375,1255.25,131827
2024-11-14 10:00:00+05:30,1261.6500244140625,1263.5,1258.3499755859375,1258.699951171875,189932
2024-11-14 10:05:00+05:30,1261.5999755859375,1263.5999755859375,1261.0,1261.6500244140625,112807
2024-11-14 10:10:00+05:30,1259.800048828125,1261.6500244140625,1259.550048828125,1261.6500244140625,93440
2024-11-14 10:15:00+05:30,1256.8499755859375,1260.0,1256.550048828125,1259.6500244140625,134569
2024-11-14 10:20:00+05:30,1256.5,1258.0,1256.0,1256.8499755859375,117762
2024-11-14 10:25:00+05:30,1254.800048828125,1256.800048828125,1254.800048828125,1256.449951171875,105337
2024-11-14 10:30:00+05:30,1258.050048828125,1258.199951171875,1254.5999755859375,1254.5999755859375,118476
2024-11-14 10:35:00+05:30,1256.3499755859375,1258.699951171875,1256.0,1258.050048828125,108244
2024-11-14 10:40:00+05:30,1257.0,1257.0,1255.449951171875,1256.3499755859375,85854
2024-11-14 10:45:00+05:30,1256.0999755859375,1257.0,1254.050048828125,1257.0,105544
2024-11-14 10:50:00+05:30,1255.199951171875,1256.449951171875,1254.800048828125,1256.050048828125,189807
2024-11-14 10:55:00+05:30,1257.25,1258.0999755859375,1255.050048828125,1255.0999755859375,120133
2024-11-14 11:00:00+05:30,1256.0,1257.75,1255.699951171875,1257.300048828125,93722
2024-11-14 11:05:00+05:30,1255.4000244140625,1256.949951171875,1254.5,1255.75,129572
2024-11-14 11:10:00+05:30,1255.449951171875,1256.0,1255.0,1255.4000244140625,93526
2024-11-14 11:15:00+05:30,1258.300048828125,1259.699951171875,1254.0999755859375,1254.0999755859375,257077
2024-11-14 11:20:00+05:30,1260.550048828125,1260.8499755859375,1258.0,1258.300048828125,110970
2024-11-14 11:25:00+05:30,1261.3499755859375,1262.9000244140625,1260.449951171875,1260.449951171875,173203
2024-11-14 11:30:00+05:30,1265.9000244140625,1266.0,1260.300048828125,1261.5999755859375,190927
2024-11-14 11:35:00+05:30,1264.0,1267.800048828125,1263.25,1265.9000244140625,190142
2024-11-14 11:40:00+05:30,1265.300048828125,1265.300048828125,1263.4000244140625,1264.0,130300
2024-11-14 11:45:00+05:30,1263.1500244140625,1266.0,1262.8499755859375,1264.9000244140625,109470
2024-11-14 11:50:00+05:30,1263.4000244140625,1264.800048828125,1262.3499755859375,1263.199951171875,108127
2024-11-14 11:55:00+05:30,1265.199951171875,1265.5,1263.0,1263.300048828125,102374
2024-11-14 12:00:00+05:30,1262.6500244140625,1265.25,1262.3499755859375,1265.199951171875,101471
2024-11-14 12:05:00+05:30,1262.550048828125,1264.4000244140625,1262.3499755859375,1262.75,73584
2024-11-14 12:10:00+05:30,1265.699951171875,1266.699951171875,1262.550048828125,1262.550048828125,106960
2024-11-14 12:15:00+05:30,1264.3499755859375,1265.9000244140625,1264.199951171875,1265.800048828125,106423
2024-11-14 12:20:00+05:30,1265.300048828125,1265.800048828125,1263.550048828125,1264.449951171875,97966
2024-11-14 12:25:00+05:30,1266.050048828125,1266.5999755859375,1264.75,1265.300048828125,74672
2024-11-14 12:30:00+05:30,1265.699951171875,1269.0,1265.550048828125,1266.199951171875,185304
2024-11-14 12:35:00+05:30,1263.800048828125,1265.800048828125,1263.550048828125,1265.699951171875,106243
2024-11-14 12:40:00+05:30,1264.050048828125,1265.3499755859375,1263.3499755859375,1263.9000244140625,77406
2024-11-14 12:45:00+05:30,1264.550048828125,1265.8499755859375,1264.3499755859375,1264.3499755859375,154469
2024-11-14 12:50:00+05:30,1267.300048828125,1267.5,1264.550048828125,1264.550048828125,100823
2024-11-14 12:55:00+05:30,1265.75,1267.6500244140625,1265.4000244140625,1267.300048828125,58698
2024-11-14 13:00:00+05:30,1267.0,1267.0,1265.5,1265.75,78577
2024-11-14 13:05:00+05:30,1267.0,1268.0,1266.199951171875,1267.199951171875,77563
2024-11-14 13:10:00+05:30,1267.0,1267.6500244140625,1266.6500244140625,1267.0,67252
2024-11-14 13:15:00+05:30,1267.0,1267.6500244140625,1266.5,1267.199951171875,73404
2024-11-14 13:20:00+05:30,1268.0,1268.4000244140625,1266.199951171875,1267.050048828125,76582
2024-11-14 13:25:00+05:30,1268.5,1269.4000244140625,1267.800048828125,1267.9000244140625,119321
2024-11-14 13:30:00+05:30,1268.5,1269.1500244140625,1266.8499755859375,1268.550048828125,218460
2024-11-14 13:35:00+05:30,1269.9000244140625,1269.9000244140625,1267.699951171875,1268.449951171875,259530
2024-11-14 13:40:00+05:30,1268.0,1270.449951171875,1267.75,1269.9000244140625,223120
2024-11-14 13:45:00+05:30,1267.5,1269.449951171875,1267.3499755859375,1267.949951171875,136340
2024-11-14 13:50:00+05:30,1267.4000244140625,1268.199951171875,1266.6500244140625,1267.4000244140625,86974
2024-11-14 13:55:00+05:30,1267.4000244140625,1268.800048828125,1267.1500244140625,1267.449951171875,91259
2024-11-14 14:00:00+05:30,1269.949951171875,1270.4000244140625,1267.3499755859375,1267.449951171875,107616
2024-11-14 14:05:00+05:30,1269.699951171875,1270.0,1268.699951171875,1270.0,56782
2024-11-14 14:10:00+05:30,1269.699951171875,1269.8499755859375,1268.5999755859375,1269.699951171875,74876
2024-11-14 14:15:00+05:30,1268.949951171875,1270.0,1268.4000244140625,1269.699951171875,90361
2024-11-14 14:20:00+05:30,1270.0,1270.199951171875,1267.9000244140625,1268.8499755859375,112133
2024-11-14 14:25:00+05:30,1271.199951171875,1271.699951171875,1269.75,1270.0,179771
2024-11-14 14:30:00+05:30,1270.699951171875,1272.5,1270.449951171875,1271.3499755859375,149908
2024-11-14 14:35:00+05:30,1269.8499755859375,1271.0,1269.4000244140625,1270.949951171875,103519
2024-11-14 14:40:00+05:30,1271.449951171875,1271.5,1269.0,1269.75,199254
2024-11-14 14:45:00+05:30,1270.5999755859375,1271.449951171875,1269.449951171875,1271.449951171875,144435
2024-11-14 14:50:00+05:30,1271.3499755859375,1271.449951171875,1270.1500244140625,1270.6500244140625,132215
2024-11-14 14:55:00+05:30,1269.4000244140625,1271.3499755859375,1269.0,1271.3499755859375,177291
2024-11-14 15:00:00+05:30,1268.949951171875,1269.4000244140625,1267.0,1269.4000244140625,412553
2024-11-14 15:05:00+05:30,1268.5,1270.0,1266.5999755859375,1268.5999755859375,434501
2024-11-14 15:10:00+05:30,1268.050048828125,1268.5999755859375,1266.050048828125,1268.449951171875,576678
2024-11-14 15:15:00+05:30,1268.0,1269.0,1266.8499755859375,1268.0,480207
2024-11-14 15:20:00+05:30,1267.0,1268.0999755859375,1266.949951171875,1268.0,433207
2024-11-14 15:25:00+05:30,1266.699951171875,1267.5,1266.199951171875,1266.949951171875,427900
2024-11-18 09:15:00+05:30,1266.800048828125,1272.5999755859375,1263.3499755859375,1267.5999755859375,0
2024-11-18 09:20:00+05:30,1265.800048828125,1268.300048828125,1264.5999755859375,1266.5,315840
2024-11-18 09:25:00+05:30,1263.0,1266.0,1263.0,1265.5999755859375,229874
2024-11-18 09:30:00+05:30,1258.050048828125,1263.25,1257.300048828125,1263.25,278908
2024-11-18 09:35:00+05:30,1252.75,1259.4000244140625,1252.050048828125,1258.0,319291
2024-11-18 09:40:00+05:30,1250.449951171875,1253.699951171875,1250.199951171875,1253.0999755859375,262846
2024-11-18 09:45:00+05:30,1253.050048828125,1254.1500244140625,1249.050048828125,1250.5,291676
2024-11-18 09:50:00+05:30,1251.0999755859375,1253.449951171875,1250.0,1253.050048828125,188817
2024-11-18 09:55:00+05:30,1247.949951171875,1251.75,1247.050048828125,1251.3499755859375,242560
2024-11-18 10:00:00+05:30,1250.699951171875,1251.5,1245.699951171875,1247.9000244140625,201756
2024-11-18 10:05:00+05:30,1253.3499755859375,1253.449951171875,1249.800048828125,1250.5999755859375,181580
2024-11-18 10:10:00+05:30,1251.3499755859375,1253.550048828125,1251.0,1253.3499755859375,131729
2024-11-18 10:15:00+05:30,1249.0,1252.0,1249.0,1251.3499755859375,145315
2024-11-18 10:20:00+05:30,1251.4000244140625,1252.4000244140625,1249.0,1249.0,129105
2024-11-18 10:25:00+05:30,1248.5999755859375,1251.949951171875,1248.25,1251.4000244140625,103489
2024-11-18 10:30:00+05:30,1247.199951171875,1249.5999755859375,1246.9000244140625,1248.550048828125,146104
2024-11-18 10:35:00+05:30,1246.300048828125,1247.199951171875,1246.0999755859375,1247.0,129514
2024-11-18 10:40:00+05:30,1245.75,1246.9000244140625,1243.9000244140625,1246.300048828125,242974
2024-11-18 10:45:00+05:30,1244.4000244140625,1246.5,1244.0,1245.75,116322
2024-11-18 10:50:00+05:30,1247.0,1247.0999755859375,1244.25,1244.25,93566
2024-11-18 10:55:00+05:30,1249.4000244140625,1249.4000244140625,1246.75,1247.0,121813
2024-11-18 11:00:00+05:30,1248.8499755859375,1249.699951171875,1248.0,1249.4000244140625,79952
2024-11-18 11:05:00+05:30,1248.3499755859375,1249.300048828125,1248.0,1248.8499755859375,89643
2024-11-18 11:10:00+05:30,1248.4000244140625,1248.800048828125,1248.0,1248.3499755859375,74711
2024-11-18 11:15:00+05:30,1252.0,1252.550048828125,1248.050048828125,1248.4000244140625,125319
2024-11-18 11:20:00+05:30,1252.25,1252.949951171875,1251.25,1252.0,87096
2024-11-18 11:25:00+05:30,1253.9000244140625,1255.25,1252.25,1252.25,181264
2024-11-18 11:30:00+05:30,1253.25,1253.949951171875,1252.5,1253.9000244140625,113044
2024-11-18 11:35:00+05:30,1252.949951171875,1253.25,1252.3499755859375,1253.25,80109
2024-11-18 11:40:00+05:30,1254.25,1254.449951171875,1252.0,1252.949951171875,115328
2024-11-18 11:45:00+05:30,1254.1500244140625,1255.5999755859375,1253.4000244140625,1254.25,231402
2024-11-18 11:50:00+05:30,1254.550048828125,1255.0,1253.300048828125,1254.0999755859375,68069
2024-11-18 11:55:00+05:30,1255.5,1255.8499755859375,1253.3499755859375,1254.3499755859375,70939
2024-11-18 12:00:00+05:30,1257.5999755859375,1258.0,1255.0999755859375,1255.449951171875,104566
2024-11-18 12:05:00+05:30,1257.699951171875,1258.300048828125,1256.550048828125,1257.5999755859375,183973
2024-11-18 12:10:00+05:30,1258.3499755859375,1259.25,1256.8499755859375,1257.8499755859375,153992
2024-11-18 12:15:00+05:30,1259.550048828125,1259.949951171875,1257.800048828125,1258.25,93030
2024-11-18 12:20:00+05:30,1258.9000244140625,1259.800048828125,1257.800048828125,1259.800048828125,65324
2024-11-18 12:25:00+05:30,1266.0,1266.0,1258.8499755859375,1258.9000244140625,227695
2024-11-18 12:30:00+05:30,1264.699951171875,1267.0,1263.5,1266.0,156604
2024-11-18 12:35:00+05:30,1264.25,1265.699951171875,1264.0,1264.75,108013
2024-11-18 12:40:00+05:30,1266.4000244140625,1267.050048828125,1264.0,1264.25,129171
2024-11-18 12:45:00+05:30,1269.800048828125,1270.0,1265.75,1266.5,179778
2024-11-18 12:50:00+05:30,1265.3499755859375,1270.0,1264.5,1269.800048828125,158663
2024-11-18 12:55:00+05:30,1263.699951171875,1265.1500244140625,1262.949951171875,1265.1500244140625,163900
2024-11-18 13:00:00+05:30,1263.699951171875,1265.550048828125,1263.0,1263.699951171875,84227
2024-11-18 13:05:00+05:30,1264.949951171875,1265.0999755859375,1263.199951171875,1263.8499755859375,86969
2024-11-18 13:10:00+05:30,1262.800048828125,1265.199951171875,1261.949951171875,1265.1500244140625,110200
2024-11-18 13:15:00+05:30,1260.3499755859375,1263.050048828125,1260.050048828125,1263.050048828125,118133
2024-11-18 13:20:00+05:30,1261.0,1261.699951171875,1260.050048828125,1260.3499755859375,108329
2024-11-18 13:25:00+05:30,1260.0,1261.0,1259.0,1260.699951171875,126289
2024-11-18 13:30:00+05:30,1262.25,1262.300048828125,1258.25,1260.0,120227
2024-11-18 13:35:00+05:30,1264.300048828125,1264.550048828125,1260.550048828125,1262.199951171875,112818
2024-11-18 13:40:00+05:30,1260.4000244140625,1264.300048828125,1260.3499755859375,1264.300048828125,83410
2024-11-18 13:45:00+05:30,1261.0999755859375,1261.300048828125,1260.199951171875,1260.6500244140625,78109
2024-11-18 13:50:00+05:30,1263.949951171875,1264.5,1261.1500244140625,1261.1500244140625,78169
2024-11-18 13:55:00+05:30,1262.800048828125,1263.949951171875,1262.5999755859375,1263.75,65711
2024-11-18 14:00:00+05:30,1261.9000244140625,1263.949951171875,1261.6500244140625,1262.949951171875,76160
2024-11-18 14:05:00+05:30,1262.449951171875,1262.8499755859375,1260.699951171875,1261.75,83571
2024-11-18 14:10:00+05:30,1262.949951171875,1263.3499755859375,1261.0,1262.449951171875,94669
2024-11-18 14:15:00+05:30,1261.949951171875,1262.9000244140625,1261.25,1262.9000244140625,114315
2024-11-18 14:20:00+05:30,1260.300048828125,1262.550048828125,1260.050048828125,1262.0,130076
2024-11-18 14:25:00+05:30,1258.5,1261.25,1257.5,1260.0999755859375,150638
2024-11-18 14:30:00+05:30,1256.3499755859375,1258.800048828125,1255.9000244140625,1258.5999755859375,113997
2024-11-18 14:35:00+05:30,1257.050048828125,1257.5999755859375,1256.050048828125,1256.5,110416
2024-11-18 14:40:00+05:30,1257.6500244140625,1258.0,1256.0,1257.199951171875,184212
2024-11-18 14:45:00+05:30,1259.550048828125,1259.6500244140625,1256.800048828125,1257.6500244140625,135507
2024-11-18 14:50:00+05:30,1261.199951171875,1261.25,1258.199951171875,1258.9000244140625,208223
2024-11-18 14:55:00+05:30,1259.75,1261.199951171875,1259.300048828125,1260.9000244140625,134388
2024-11-18 15:00:00+05:30,1260.0,1262.8499755859375,1259.5999755859375,1259.699951171875,498395
2024-11-18 15:05:00+05:30,1258.800048828125,1261.9000244140625,1258.800048828125,1260.050048828125,502954
2024-11-18 15:10:00+05:30,1260.0,1261.5,1258.25,1258.550048828125,439329
2024-11-18 15:15:00+05:30,1261.449951171875,1261.5,1259.9000244140625,1260.0,453175
2024-11-18 15:20:00+05:30,1261.449951171875,1262.6500244140625,1261.25,1261.449951171875,371087
2024-11-18 15:25:00+05:30,1259.0,1261.5,1258.0,1261.449951171875,387597
2024-11-19 09:15:00+05:30,1272.25,1275.1500244140625,1262.449951171875,1264.6500244140625,0
2024-11-19 09:20:00+05:30,1275.25,1275.4000244140625,1270.0,1271.699951171875,444551
2024-11-19 09:25:00+05:30,1277.25,1278.25,1273.0,1275.699951171875,364501
2024-11-19 09:30:00+05:30,1277.1500244140625,1279.75,1277.0,1277.449951171875,337043
2024-11-19 09:35:00+05:30,1280.449951171875,1280.5,1276.0,1277.0,272720
2024-11-19 09:40:00+05:30,1278.4000244140625,1281.300048828125,1277.0,1280.300048828125,197171
2024-11-19 09:45:00+05:30,1276.199951171875,1279.5,1276.0,1278.449951171875,155162
2024-11-19 09:50:00+05:30,1276.6500244140625,1276.75,1274.300048828125,1276.0999755859375,229540
2024-11-19 09:55:00+05:30,1276.5,1277.0,1275.050048828125,1276.25,120634
2024-11-19 10:00:00+05:30,1278.949951171875,1278.949951171875,1276.5,1276.5,134027
2024-11-19 10:05:00+05:30,1278.5,1280.0,1278.050048828125,1278.9000244140625,110338
2024-11-19 10:10:00+05:30,1275.0999755859375,1279.3499755859375,1275.0999755859375,1278.3499755859375,113837
2024-11-19 10:15:00+05:30,1274.5,1276.5,1274.5,1275.4000244140625,130608
2024-11-19 10:20:00+05:30,1276.5999755859375,1276.5999755859375,1274.449951171875,1274.550048828125,129159
2024-11-19 10:25:00+05:30,1278.3499755859375,1278.8499755859375,1276.5999755859375,1276.5999755859375,178367
2024-11-19 10:30:00+05:30,1276.6500244140625,1278.300048828125,1276.5,1278.1500244140625,93062
2024-11-19 10:35:00+05:30,1279.199951171875,1280.5,1276.5999755859375,1276.6500244140625,250773
2024-11-19 10:40:00+05:30,1276.050048828125,1279.25,1275.550048828125,1279.0,115368
2024-11-19 10:45:00+05:30,1275.25,1276.800048828125,1275.0999755859375,1276.050048828125,95650
2024-11-19 10:50:00+05:30,1274.9000244140625,1276.0,1274.300048828125,1275.25,194645
2024-11-19 10:55:00+05:30,1274.550048828125,1275.5999755859375,1274.1500244140625,1275.0,174353
2024-11-19 11:00:00+05:30,1277.9000244140625,1278.949951171875,1274.550048828125,1274.75,193375
2024-11-19 11:05:00+05:30,1276.9000244140625,1277.8499755859375,1276.0,1277.8499755859375,130128
2024-11-19 11:10:00+05:30,1276.800048828125,1277.75,1276.449951171875,1276.6500244140625,115099
2024-11-19 11:15:00+05:30,1277.5,1277.5,1275.5999755859375,1276.75,129152
2024-11-19 11:20:00+05:30,1278.0,1278.5,1276.449951171875,1277.5,87391
2024-11-19 11:25:00+05:30,1278.6500244140625,1279.800048828125,1277.949951171875,1278.0,156280
2024-11-19 11:30:00+05:30,1279.300048828125,1279.9000244140625,1278.25,1278.5999755859375,83427
2024-11-19 11:35:00+05:30,1279.050048828125,1279.699951171875,1278.550048828125,1279.0999755859375,76813
2024-11-19 11:40:00+05:30,1277.8499755859375,1279.9000244140625,1277.4000244140625,1279.25,115883
2024-11-19 11:45:00+05:30,1277.9000244140625,1278.800048828125,1277.0,1277.949951171875,108033
2024-11-19 11:50:00+05:30,1276.9000244140625,1278.0,1276.199951171875,1277.699951171875,147286
2024-11-19 11:55:00+05:30,1276.449951171875,1277.5999755859375,1276.050048828125,1276.949951171875,100915
2024-11-19 12:00:00+05:30,1277.0,1277.199951171875,1276.25,1276.449951171875,72645
2024-11-19 12:05:00+05:30,1275.75,1277.3499755859375,1275.699951171875,1276.75,142454
2024-11-19 12:10:00+05:30,1276.5,1276.5,1275.050048828125,1275.75,112704
2024-11-19 12:15:00+05:30,1277.4000244140625,1278.1500244140625,1276.0999755859375,1276.5,98363
2024-11-19 12:20:00+05:30,1276.25,1278.0999755859375,1276.25,1277.449951171875,94709
2024-11-19 12:25:00+05:30,1276.300048828125,1276.550048828125,1275.5,1276.4000244140625,105739
2024-11-19 12:30:00+05:30,1275.4000244140625,1276.300048828125,1275.0,1276.25,95276
2024-11-19 12:35:00+05:30,1273.9000244140625,1275.5999755859375,1273.5,1275.3499755859375,113651
2024-11-19 12:40:00+05:30,1272.199951171875,1273.800048828125,1271.0,1273.699951171875,324889
2024-11-19 12:45:00+05:30,1272.300048828125,1272.8499755859375,1271.0999755859375,1272.199951171875,75287
2024-11-19 12:50:00+05:30,1272.0,1272.75,1271.550048828125,1272.300048828125,83514
2024-11-19 12:55:00+05:30,1272.0,1272.1500244140625,1271.449951171875,1271.949951171875,67573
2024-11-19 13:00:00+05:30,1272.1500244140625,1273.199951171875,1272.0999755859375,1272.0999755859375,87040
2024-11-19 13:05:00+05:30,1271.8499755859375,1272.9000244140625,1271.5,1272.25,158441
2024-11-19 13:10:00+05:30,1271.6500244140625,1272.4000244140625,1270.75,1271.8499755859375,157298
2024-11-19 13:15:00+05:30,1273.550048828125,1273.75,1271.75,1271.75,83983
2024-11-19 13:20:00+05:30,1271.5,1273.75,1271.449951171875,1273.5,71579
2024-11-19 13:25:00+05:30,1271.199951171875,1271.75,1270.5999755859375,1271.5,66148
2024-11-19 13:30:00+05:30,1273.0999755859375,1273.449951171875,1271.0,1271.300048828125,58767
2024-11-19 13:35:00+05:30,1273.699951171875,1273.699951171875,1272.300048828125,1273.1500244140625,54872
2024-11-19 13:40:00+05:30,1271.550048828125,1274.0,1271.5,1273.5999755859375,75298
2024-11-19 13:45:00+05:30,1271.3499755859375,1272.4000244140625,1271.3499755859375,1271.5,63936
2024-11-19 13:50:00+05:30,1271.75,1271.949951171875,1271.050048828125,1271.3499755859375,66091
2024-11-19 13:55:00+05:30,1271.8499755859375,1272.5,1271.300048828125,1271.6500244140625,65691
2024-11-19 14:00:00+05:30,1268.199951171875,1272.0,1268.0999755859375,1271.8499755859375,247152
2024-11-19 14:05:00+05:30,1265.5999755859375,1268.6500244140625,1265.050048828125,1268.199951171875,213668
2024-11-19 14:10:00+05:30,1264.5,1266.8499755859375,1264.0,1265.5999755859375,159716
2024-11-19 14:15:00+05:30,1266.0,1266.300048828125,1264.0,1264.550048828125,129800
2024-11-19 14:20:00+05:30,1264.5,1266.0,1264.0999755859375,1266.0,95453
2024-11-19 14:25:00+05:30,1263.5,1265.0,1262.199951171875,1264.5,143346
2024-11-19 14:30:00+05:30,1263.8499755859375,1264.9000244140625,1263.0,1263.5,91492
2024-11-19 14:35:00+05:30,1264.300048828125,1264.300048828125,1262.8499755859375,1263.9000244140625,123319
2024-11-19 14:40:00+05:30,1262.449951171875,1264.199951171875,1261.4000244140625,1264.050048828125,167794
2024-11-19 14:45:00+05:30,1262.550048828125,1264.75,1262.1500244140625,1262.449951171875,128133
2024-11-19 14:50:00+05:30,1254.449951171875,1262.5999755859375,1254.25,1262.5999755859375,353487
2024-11-19 14:55:00+05:30,1250.25,1254.5999755859375,1248.5,1254.5999755859375,438234
2024-11-19 15:00:00+05:30,1246.3499755859375,1250.3499755859375,1242.449951171875,1250.3499755859375,601647
2024-11-19 15:05:00+05:30,1244.9000244140625,1249.300048828125,1244.4000244140625,1246.050048828125,425449
2024-11-19 15:10:00+05:30,1239.0999755859375,1245.75,1238.449951171875,1245.300048828125,565621
2024-11-19 15:15:00+05:30,1239.0,1241.9000244140625,1235.300048828125,1238.800048828125,629475
2024-11-19 15:20:00+05:30,1239.550048828125,1240.949951171875,1238.6500244140625,1238.949951171875,436465
2024-11-19 15:25:00+05:30,1236.5,1239.449951171875,1236.5,1239.449951171875,429681
2024-11-21 09:15:00+05:30,1227.0,1242.5,1225.0,1242.5,0
2024-11-21 09:20:00+05:30,1225.3499755859375,1232.75,1224.5,1227.1500244140625,614611
2024-11-21 09:25:00+05:30,1224.800048828125,1226.8499755859375,1224.0,1225.4000244140625,262776
2024-11-21 09:30:00+05:30,1224.0999755859375,1225.5999755859375,1223.0,1224.800048828125,288960
2024-11-21 09:35:00+05:30,1221.5,1226.550048828125,1220.9000244140625,1223.949951171875,256574
2024-11-21 09:40:00+05:30,1224.949951171875,1225.5,1220.3499755859375,1221.3499755859375,459666
2024-11-21 09:45:00+05:30,1225.6500244140625,1228.0,1224.0999755859375,1225.0,242523
2024-11-21 09:50:00+05:30,1228.550048828125,1229.3499755859375,1225.300048828125,1225.699951171875,203157
2024-11-21 09:55:00+05:30,1229.4000244140625,1231.300048828125,1228.199951171875,1228.5,216910
2024-11-21 10:00:00+05:30,1232.0,1232.0,1227.0999755859375,1229.5,195566
2024-11-21 10:05:00+05:30,1230.1500244140625,1233.5999755859375,1230.0,1231.949951171875,182772
2024-11-21 10:10:00+05:30,1228.0999755859375,1231.5,1227.8499755859375,1230.0,133161
2024-11-21 10:15:00+05:30,1228.800048828125,1229.449951171875,1227.0999755859375,1227.9000244140625,158618
2024-11-21 10:20:00+05:30,1230.5999755859375,1231.699951171875,1228.300048828125,1228.800048828125,114251
2024-11-21 10:25:00+05:30,1228.4000244140625,1231.199951171875,1227.550048828125,1230.5999755859375,143535
2024-11-21 10:30:00+05:30,1225.300048828125,1229.3499755859375,1225.0999755859375,1228.199951171875,124248
2024-11-21 10:35:00+05:30,1224.5,1226.3499755859375,1223.75,1225.5,507979
2024-11-21 10:40:00+05:30,1225.800048828125,1226.800048828125,1224.0999755859375,1224.0999755859375,152196
2024-11-21 10:45:00+05:30,1226.949951171875,1226.949951171875,1225.1500244140625,1225.800048828125,134051
2024-11-21 10:50:00+05:30,1227.6500244140625,1227.75,1226.199951171875,1226.949951171875,122192
2024-11-21 10:55:00+05:30,1226.3499755859375,1228.4000244140625,1226.3499755859375,1227.4000244140625,98207
2024-11-21 11:00:00+05:30,1226.0,1226.6500244140625,1225.0,1226.300048828125,158787
2024-11-21 11:05:00+05:30,1226.75,1227.5,1225.300048828125,1226.0999755859375,161482
2024-11-21 11:10:00+05:30,1225.050048828125,1227.050048828125,1225.0,1226.75,139091
2024-11-21 11:15:00+05:30,1224.0999755859375,1225.6500244140625,1223.0,1225.0999755859375,285148
2024-11-21 11:20:00+05:30,1223.0,1225.300048828125,1222.75,1224.0,213797
2024-11-21 11:25:00+05:30,1222.8499755859375,1223.75,1221.75,1223.050048828125,193309
2024-11-21 11:30:00+05:30,1223.25,1224.300048828125,1222.0,1222.699951171875,130162
2024-11-21 11:35:00+05:30,1223.25,1223.800048828125,1222.6500244140625,1223.199951171875,141916
2024-11-21 11:40:00+05:30,1223.550048828125,1223.800048828125,1223.0,1223.25,97321
2024-11-21 11:45:00+05:30,1225.199951171875,1225.199951171875,1223.0,1223.550048828125,155274
2024-11-21 11:50:00+05:30,1224.449951171875,1226.300048828125,1224.1500244140625,1225.75,101858
2024-11-21 11:55:00+05:30,1225.050048828125,1225.300048828125,1223.5,1224.199951171875,79798
2024-11-21 12:00:00+05:30,1225.6500244140625,1226.300048828125,1225.050048828125,1225.050048828125,134383
2024-11-21 12:05:00+05:30,1222.949951171875,1226.050048828125,1222.5999755859375,1225.550048828125,100679
2024-11-21 12:10:00+05:30,1223.25,1223.6500244140625,1222.800048828125,1222.949951171875,72929
2024-11-21 12:15:00+05:30,1223.0,1223.449951171875,1222.5,1223.199951171875,76077
2024-11-21 12:20:00+05:30,1221.25,1223.199951171875,1221.0999755859375,1223.050048828125,155854
2024-11-21 12:25:00+05:30,1221.699951171875,1222.1500244140625,1221.0999755859375,1221.0999755859375,121237
2024-11-21 12:30:00+05:30,1222.949951171875,1223.1500244140625,1221.4000244140625,1221.699951171875,131654
2024-11-21 12:35:00+05:30,1222.800048828125,1224.300048828125,1222.300048828125,1222.75,143017
2024-11-21 12:40:00+05:30,1222.4000244140625,1223.0999755859375,1222.0999755859375,1222.800048828125,119959
2024-11-21 12:45:00+05:30,1223.6500244140625,1223.800048828125,1222.0,1222.3499755859375,152777
2024-11-21 12:50:00+05:30,1224.0,1224.0999755859375,1222.6500244140625,1223.699951171875,127074
2024-11-21 12:55:00+05:30,1224.0999755859375,1225.25,1223.300048828125,1223.699951171875,752852
2024-11-21 13:00:00+05:30,1225.4000244140625,1225.800048828125,1223.6500244140625,1224.25,190736
2024-11-21 13:05:00+05:30,1224.5,1225.5999755859375,1224.1500244140625,1225.4000244140625,145228
2024-11-21 13:10:00+05:30,1223.8499755859375,1224.800048828125,1223.0,1224.5,67981
2024-11-21 13:15:00+05:30,1223.25,1224.199951171875,1222.8499755859375,1223.8499755859375,110941
2024-11-21 13:20:00+05:30,1223.6500244140625,1224.0,1222.6500244140625,1223.25,135215
2024-11-21 13:25:00+05:30,1224.75,1224.800048828125,1223.0,1223.5999755859375,115338
2024-11-21 13:30:00+05:30,1222.75,1224.75,1222.75,1224.3499755859375,122005
2024-11-21 13:35:00+05:30,1222.0,1223.550048828125,1221.050048828125,1222.800048828125,330911
2024-11-21 13:40:00+05:30,1223.75,1224.0,1221.5,1221.949951171875,141499
2024-11-21 13:45:00+05:30,1221.800048828125,1223.800048828125,1221.800048828125,1223.800048828125,347901
2024-11-21 13:50:00+05:30,1221.8499755859375,1222.0999755859375,1220.5,1221.8499755859375,143716
2024-11-21 13:55:00+05:30,1220.5999755859375,1221.8499755859375,1220.0,1221.8499755859375,348279
2024-11-21 14:00:00+05:30,1218.800048828125,1220.75,1218.0999755859375,1220.199951171875,382378
2024-11-21 14:05:00+05:30,1219.5999755859375,1220.300048828125,1218.800048828125,1219.1500244140625,99378
2024-11-21 14:10:00+05:30,1219.449951171875,1220.050048828125,1219.0,1219.5,134475
2024-11-21 14:15:00+05:30,1220.300048828125,1220.300048828125,1219.25,1219.300048828125,130146
2024-11-21 14:20:00+05:30,1219.949951171875,1220.4000244140625,1219.550048828125,1220.3499755859375,223756
2024-11-21 14:25:00+05:30,1219.6500244140625,1220.3499755859375,1219.3499755859375,1219.5999755859375,194898
2024-11-21 14:30:00+05:30,1218.0999755859375,1220.0,1217.4000244140625,1219.6500244140625,225860
2024-11-21 14:35:00+05:30,1221.0,1221.300048828125,1217.699951171875,1218.050048828125,289907
2024-11-21 14:40:00+05:30,1221.0,1221.0999755859375,1220.0,1221.0,206921
2024-11-21 14:45:00+05:30,1220.800048828125,1222.0,1219.8499755859375,1221.199951171875,305063
2024-11-21 14:50:00+05:30,1221.699951171875,1221.9000244140625,1220.0999755859375,1220.800048828125,216514
2024-11-21 14:55:00+05:30,1223.5999755859375,1223.699951171875,1220.550048828125,1221.5,321193
2024-11-21 15:00:00+05:30,1224.300048828125,1225.050048828125,1222.4000244140625,1223.9000244140625,707340
2024-11-21 15:05:00+05:30,1224.0,1224.1500244140625,1222.4000244140625,1224.050048828125,601985
2024-11-21 15:10:00+05:30,1223.8499755859375,1224.449951171875,1222.550048828125,1223.9000244140625,487108
2024-11-21 15:15:00+05:30,1222.3499755859375,1224.199951171875,1222.0,1223.8499755859375,551153
2024-11-21 15:20:00+05:30,1221.699951171875,1222.699951171875,1221.0999755859375,1222.550048828125,406738
2024-11-21 15:25:00+05:30,1220.449951171875,1222.0999755859375,1220.0,1221.9000244140625,402370
2024-11-22 09:15:00+05:30,1227.6500244140625,1229.4000244140625,1222.75,1229.4000244140625,0
2024-11-22 09:20:00+05:30,1230.5,1231.449951171875,1226.300048828125,1227.5999755859375,406753
2024-11-22 09:25:00+05:30,1231.25,1231.9000244140625,1230.300048828125,1230.5,261783
2024-11-22 09:30:00+05:30,1230.8499755859375,1232.5,1230.0999755859375,1230.75,244778
2024-11-22 09:35:00+05:30,1227.0,1231.5,1226.4000244140625,1230.8499755859375,601310
2024-11-22 09:40:00+05:30,1230.300048828125,1230.550048828125,1227.0,1227.0,268736
2024-11-22 09:45:00+05:30,1225.699951171875,1230.699951171875,1225.3499755859375,1230.0,193633
2024-11-22 09:50:00+05:30,1227.5,1227.5,1223.5999755859375,1225.800048828125,1089749
2024-11-22 09:55:00+05:30,1231.3499755859375,1231.949951171875,1227.199951171875,1227.6500244140625,200403
2024-11-22 10:00:00+05:30,1235.800048828125,1236.550048828125,1231.0999755859375,1231.3499755859375,294170
2024-11-22 10:05:00+05:30,1239.449951171875,1239.949951171875,1235.800048828125,1235.800048828125,338817
2024-11-22 10:10:00+05:30,1238.5,1239.9000244140625,1237.050048828125,1239.550048828125,185685
2024-11-22 10:15:00+05:30,1240.0999755859375,1241.75,1238.5,1238.5,271649
2024-11-22 10:20:00+05:30,1236.800048828125,1242.199951171875,1236.3499755859375,1240.25,275734
2024-11-22 10:25:00+05:30,1237.0,1237.0,1235.0,1236.800048828125,137076
2024-11-22 10:30:00+05:30,1236.449951171875,1237.5,1235.199951171875,1236.800048828125,70076
2024-11-22 10:35:00+05:30,1236.449951171875,1236.949951171875,1235.0999755859375,1236.449951171875,65223
2024-11-22 10:40:00+05:30,1233.949951171875,1236.5999755859375,1233.0999755859375,1236.449951171875,118274
2024-11-22 10:45:00+05:30,1230.550048828125,1234.949951171875,1229.699951171875,1234.300048828125,319609
2024-11-22 10:50:00+05:30,1232.199951171875,1232.300048828125,1230.0999755859375,1230.550048828125,113806
2024-11-22 10:55:00+05:30,1233.4000244140625,1233.699951171875,1231.1500244140625,1232.4000244140625,110794
2024-11-22 11:00:00+05:30,1232.199951171875,1233.6500244140625,1232.0,1233.4000244140625,85595
2024-11-22 11:05:00+05:30,1232.9000244140625,1233.699951171875,1232.300048828125,1232.5,95445
2024-11-22 11:10:00+05:30,1233.6500244140625,1233.6500244140625,1232.0,1232.9000244140625,90653
2024-11-22 11:15:00+05:30,1233.3499755859375,1234.199951171875,1233.0,1233.5,54388
2024-11-22 11:20:00+05:30,1232.050048828125,1233.800048828125,1232.0,1233.25,86865
2024-11-22 11:25:00+05:30,1233.449951171875,1233.75,1231.699951171875,1232.3499755859375,104854
2024-11-22 11:30:00+05:30,1232.9000244140625,1234.25,1232.4000244140625,1233.300048828125,135805
2024-11-22 11:35:00+05:30,1236.4000244140625,1236.9000244140625,1232.25,1232.9000244140625,110191
2024-11-22 11:40:00+05:30,1236.199951171875,1237.6500244140625,1235.0,1236.4000244140625,100110
2024-11-22 11:45:00+05:30,1236.5,1237.0,1235.1500244140625,1236.199951171875,79855
2024-11-22 11:50:00+05:30,1237.300048828125,1237.949951171875,1236.0999755859375,1236.5,70655
2024-11-22 11:55:00+05:30,1237.050048828125,1237.949951171875,1236.4000244140625,1237.3499755859375,77536
2024-11-22 12:00:00+05:30,1237.050048828125,1237.199951171875,1236.300048828125,1237.0999755859375,54821
2024-11-22 12:05:00+05:30,1240.1500244140625,1241.199951171875,1236.5999755859375,1237.1500244140625,308917
2024-11-22 12:10:00+05:30,1240.4000244140625,1240.800048828125,1238.800048828125,1240.0999755859375,115134
2024-11-22 12:15:00+05:30,1238.949951171875,1240.699951171875,1237.5999755859375,1240.0,129929
2024-11-22 12:20:00+05:30,1239.949951171875,1240.75,1238.5999755859375,1238.5999755859375,91367
2024-11-22 12:25:00+05:30,1239.8499755859375,1241.0,1239.5999755859375,1239.9000244140625,78236
2024-11-22 12:30:00+05:30,1239.75,1241.5999755859375,1239.449951171875,1240.050048828125,131990
2024-11-22 12:35:00+05:30,1239.5999755859375,1240.75,1239.1500244140625,1239.75,85024
2024-11-22 12:40:00+05:30,1241.6500244140625,1243.0,1239.449951171875,1239.949951171875,173854
2024-11-22 12:45:00+05:30,1241.75,1243.449951171875,1241.0,1241.949951171875,193841
2024-11-22 12:50:00+05:30,1240.9000244140625,1241.949951171875,1240.0,1241.75,70543
2024-11-22 12:55:00+05:30,1242.25,1242.300048828125,1240.0,1240.5999755859375,134534
2024-11-22 13:00:00+05:30,1242.699951171875,1244.0,1242.0999755859375,1242.300048828125,144543
2024-11-22 13:05:00+05:30,1242.6500244140625,1243.449951171875,1242.1500244140625,1242.9000244140625,73952
2024-11-22 13:10:00+05:30,1243.300048828125,1245.4000244140625,1242.0,1242.6500244140625,152380
2024-11-22 13:15:00+05:30,1244.8499755859375,1245.4000244140625,1243.300048828125,1243.300048828125,126681
2024-11-22 13:20:00+05:30,1246.699951171875,1248.25,1242.699951171875,1244.8499755859375,538558
2024-11-22 13:25:00+05:30,1244.550048828125,1247.050048828125,1243.0,1246.699951171875,128132
2024-11-22 13:30:00+05:30,1244.1500244140625,1245.4000244140625,1243.5,1244.6500244140625,144519
2024-11-22 13:35:00+05:30,1245.0,1245.0,1243.8499755859375,1244.199951171875,71716
2024-11-22 13:40:00+05:30,1246.800048828125,1247.199951171875,1244.3499755859375,1244.9000244140625,200960
2024-11-22 13:45:00+05:30,1249.4000244140625,1249.75,1246.449951171875,1246.5999755859375,188890
2024-11-22 13:50:00+05:30,1250.6500244140625,1251.6500244140625,1248.4000244140625,1249.5999755859375,284722
2024-11-22 13:55:00+05:30,1252.3499755859375,1252.4000244140625,1249.449951171875,1250.5999755859375,309239
2024-11-22 14:00:00+05:30,1253.550048828125,1253.75,1251.550048828125,1252.3499755859375,292904
2024-11-22 14:05:00+05:30,1257.1500244140625,1257.8499755859375,1253.699951171875,1253.75,335126
2024-11-22 14:10:00+05:30,1255.25,1257.8499755859375,1254.4000244140625,1257.0999755859375,375073
2024-11-22 14:15:00+05:30,1262.800048828125,1262.8499755859375,1254.449951171875,1255.050048828125,528093
2024-11-22 14:20:00+05:30,1260.050048828125,1263.5,1259.5999755859375,1262.9000244140625,416403
2024-11-22 14:25:00+05:30,1258.8499755859375,1260.75,1257.550048828125,1259.75,422723
2024-11-22 14:30:00+05:30,1258.8499755859375,1258.949951171875,1255.4000244140625,1258.449951171875,557676
2024-11-22 14:35:00+05:30,1255.800048828125,1258.699951171875,1255.3499755859375,1258.6500244140625,304629
2024-11-22 14:40:00+05:30,1260.6500244140625,1260.699951171875,1256.0,1256.0,244866
2024-11-22 14:45:00+05:30,1264.199951171875,1264.550048828125,1259.300048828125,1260.6500244140625,321467
2024-11-22 14:50:00+05:30,1265.300048828125,1265.75,1263.0,1264.300048828125,462207
2024-11-22 14:55:00+05:30,1264.699951171875,1267.0,1264.300048828125,1265.25,608064
2024-11-22 15:00:00+05:30,1265.5,1266.199951171875,1262.050048828125,1264.800048828125,781061
2024-11-22 15:05:00+05:30,1267.550048828125,1267.75,1265.300048828125,1265.449951171875,604284
2024-11-22 15:10:00+05:30,1267.6500244140625,1268.5,1267.300048828125,1267.550048828125,639560
2024-11-22 15:15:00+05:30,1264.5,1267.6500244140625,1263.75,1267.6500244140625,918984
2024-11-22 15:20:00+05:30,1265.5999755859375,1265.800048828125,1261.800048828125,1264.949951171875,623492
2024-11-22 15:25:00+05:30,1264.0,1265.5999755859375,1262.25,1265.4000244140625,430131
2024-11-25 09:15:00+05:30,1296.9000244140625,1299.6500244140625,1288.199951171875,1292.0,0
2024-11-25 09:20:00+05:30,1299.5,1300.199951171875,1293.75,1297.050048828125,1049219
2024-11-25 09:25:00+05:30,1299.0,1301.300048828125,1297.800048828125,1299.25,518636
2024-11-25 09:30:00+05:30,1298.6500244140625,1301.699951171875,1298.449951171875,1299.5,395048
2024-11-25 09:35:00+05:30,1298.9000244140625,1300.300048828125,1297.550048828125,1298.4000244140625,324738
2024-11-25 09:40:00+05:30,1300.0999755859375,1301.8499755859375,1298.8499755859375,1298.9000244140625,321527
2024-11-25 09:45:00+05:30,1299.75,1302.75,1299.0999755859375,1300.1500244140625,469397
2024-11-25 09:50:00+05:30,1296.0999755859375,1300.0999755859375,1296.0999755859375,1299.8499755859375,229414
2024-11-25 09:55:00+05:30,1291.0999755859375,1296.5999755859375,1290.25,1296.300048828125,312208
2024-11-25 10:00:00+05:30,1293.050048828125,1294.9000244140625,1290.9000244140625,1291.0999755859375,192548
2024-11-25 10:05:00+05:30,1293.800048828125,1294.5999755859375,1293.0,1293.0,107400
2024-11-25 10:10:00+05:30,1290.6500244140625,1294.0,1290.25,1293.5,157420
2024-11-25 10:15:00+05:30,1293.0,1294.4000244140625,1290.300048828125,1290.449951171875,179560
2024-11-25 10:20:00+05:30,1295.550048828125,1295.8499755859375,1292.5999755859375,1293.0,119400
2024-11-25 10:25:00+05:30,1297.050048828125,1297.0999755859375,1294.8499755859375,1295.550048828125,192655
2024-11-25 10:30:00+05:30,1298.0,1299.0,1296.800048828125,1297.050048828125,159110
2024-11-25 10:35:00+05:30,1297.9000244140625,1299.3499755859375,1297.199951171875,1298.0,188632
2024-11-25 10:40:00+05:30,1298.800048828125,1299.3499755859375,1297.4000244140625,1297.9000244140625,143559
2024-11-25 10:45:00+05:30,1299.449951171875,1300.0,1298.0,1299.300048828125,226139
2024-11-25 10:50:00+05:30,1298.800048828125,1300.0,1298.25,1299.300048828125,130368
2024-11-25 10:55:00+05:30,1300.0,1300.449951171875,1298.0,1298.8499755859375,214772
2024-11-25 11:00:00+05:30,1303.8499755859375,1303.8499755859375,1300.0,1300.0,308573
2024-11-25 11:05:00+05:30,1302.699951171875,1304.449951171875,1302.050048828125,1303.8499755859375,266048
2024-11-25 11:10:00+05:30,1301.0,1303.0,1300.449951171875,1302.699951171875,154863
2024-11-25 11:15:00+05:30,1301.8499755859375,1302.0,1300.800048828125,1301.0,118378
2024-11-25 11:20:00+05:30,1300.199951171875,1302.1500244140625,1300.199951171875,1301.800048828125,164457
2024-11-25 11:25:00+05:30,1300.5,1300.949951171875,1298.9000244140625,1300.300048828125,192881
2024-11-25 11:30:00+05:30,1299.25,1300.9000244140625,1299.0,1300.25,147199
2024-11-25 11:35:00+05:30,1298.199951171875,1299.75,1298.1500244140625,1299.5,198710
2024-11-25 11:40:00+05:30,1297.800048828125,1298.75,1297.550048828125,1298.199951171875,139834
2024-11-25 11:45:00+05:30,1297.0,1298.0,1296.5,1297.800048828125,117808
2024-11-25 11:50:00+05:30,1294.6500244140625,1297.1500244140625,1294.550048828125,1296.9000244140625,179535
2024-11-25 11:55:00+05:30,1294.050048828125,1295.550048828125,1292.550048828125,1294.5999755859375,357478
2024-11-25 12:00:00+05:30,1296.0,1296.0,1293.5999755859375,1293.949951171875,131071
2024-11-25 12:05:00+05:30,1297.199951171875,1298.1500244140625,1295.75,1296.0,110082
2024-11-25 12:10:00+05:30,1297.3499755859375,1298.0,1296.75,1297.5,100004
2024-11-25 12:15:00+05:30,1297.449951171875,1298.4000244140625,1295.5,1297.300048828125,226817
2024-11-25 12:20:00+05:30,1295.300048828125,1298.300048828125,1295.0,1297.449951171875,106638
2024-11-25 12:25:00+05:30,1296.0999755859375,1297.0,1295.3499755859375,1295.4000244140625,116457
2024-11-25 12:30:00+05:30,1296.4000244140625,1296.6500244140625,1295.0,1296.1500244140625,165175
2024-11-25 12:35:00+05:30,1296.75,1296.949951171875,1295.699951171875,1296.449951171875,82664
2024-11-25 12:40:00+05:30,1296.699951171875,1297.5,1296.550048828125,1296.800048828125,80688
2024-11-25 12:45:00+05:30,1296.699951171875,1297.3499755859375,1295.699951171875,1296.800048828125,86355
2024-11-25 12:50:00+05:30,1291.199951171875,1296.699951171875,1290.699951171875,1296.699951171875,232504
2024-11-25 12:55:00+05:30,1286.3499755859375,1290.949951171875,1284.699951171875,1290.949951171875,373780
2024-11-25 13:00:00+05:30,1286.9000244140625,1288.550048828125,1284.699951171875,1286.25,159491
2024-11-25 13:05:00+05:30,1286.0,1288.4000244140625,1285.3499755859375,1286.949951171875,151971
2024-11-25 13:10:00+05:30,1289.1500244140625,1290.699951171875,1286.0,1286.0999755859375,123044
2024-11-25 13:15:00+05:30,1289.449951171875,1290.1500244140625,1288.5999755859375,1289.300048828125,111127
2024-11-25 13:20:00+05:30,1291.0,1291.5999755859375,1288.9000244140625,1289.5,190937
2024-11-25 13:25:00+05:30,1292.4000244140625,1293.1500244140625,1290.9000244140625,1291.050048828125,113518
2024-11-25 13:30:00+05:30,1292.800048828125,1292.949951171875,1291.25,1292.25,93785
2024-11-25 13:35:00+05:30,1290.9000244140625,1293.050048828125,1290.75,1292.9000244140625,93425
2024-11-25 13:40:00+05:30,1286.0,1290.9000244140625,1286.0,1290.8499755859375,186525
2024-11-25 13:45:00+05:30,1287.199951171875,1288.0,1285.199951171875,1286.25,96224
2024-11-25 13:50:00+05:30,1287.9000244140625,1288.449951171875,1286.3499755859375,1287.0999755859375,102302
2024-11-25 13:55:00+05:30,1289.1500244140625,1289.4000244140625,1286.5999755859375,1287.9000244140625,90716
2024-11-25 14:00:00+05:30,1289.5999755859375,1289.8499755859375,1287.949951171875,1289.0999755859375,80772
2024-11-25 14:05:00+05:30,1291.1500244140625,1291.5999755859375,1288.9000244140625,1289.5999755859375,99240
2024-11-25 14:10:00+05:30,1289.949951171875,1291.5,1289.5999755859375,1291.199951171875,115930
2024-11-25 14:15:00+05:30,1291.3499755859375,1291.5,1289.800048828125,1289.800048828125,86630
2024-11-25 14:20:00+05:30,1289.75,1291.6500244140625,1288.75,1291.3499755859375,123885
2024-11-25 14:25:00+05:30,1289.4000244140625,1290.699951171875,1289.050048828125,1289.699951171875,96189
2024-11-25 14:30:00+05:30,1289.5999755859375,1290.0,1287.050048828125,1289.449951171875,174083
2024-11-25 14:35:00+05:30,1292.4000244140625,1292.699951171875,1289.6500244140625,1289.699951171875,171571
2024-11-25 14:40:00+05:30,1293.300048828125,1293.550048828125,1291.949951171875,1292.449951171875,124891
2024-11-25 14:45:00+05:30,1293.6500244140625,1294.300048828125,1292.75,1293.1500244140625,147352
2024-11-25 14:50:00+05:30,1293.699951171875,1294.0,1293.0,1293.5,106750
2024-11-25 14:55:00+05:30,1291.550048828125,1293.699951171875,1290.449951171875,1293.6500244140625,143095
2024-11-25 15:00:00+05:30,1283.8499755859375,1293.8499755859375,1283.800048828125,1291.5999755859375,2575199
2024-11-25 15:05:00+05:30,1287.949951171875,1287.949951171875,1282.6500244140625,1284.699951171875,2563968
2024-11-25 15:10:00+05:30,1287.25,1288.0,1285.4000244140625,1288.0,2590905
2024-11-25 15:15:00+05:30,1288.3499755859375,1288.550048828125,1286.1500244140625,1287.199951171875,2139312
2024-11-25 15:20:00+05:30,1287.3499755859375,1288.4000244140625,1285.8499755859375,1288.4000244140625,2416671
2024-11-25 15:25:00+05:30,1290.949951171875,1292.0,1287.199951171875,1287.300048828125,1657381
2024-11-26 09:15:00+05:30,1289.6500244140625,1293.3499755859375,1287.300048828125,1293.0,0
2024-11-26 09:20:00+05:30,1290.1500244140625,1291.800048828125,1288.9000244140625,1289.949951171875,259492
2024-11-26 09:25:00+05:30,1291.0,1291.5999755859375,1288.4000244140625,1290.1500244140625,199575
2024-11-26 09:30:00+05:30,1289.75,1291.300048828125,1289.5999755859375,1290.949951171875,154939
2024-11-26 09:35:00+05:30,1289.1500244140625,1290.0999755859375,1288.050048828125,1289.699951171875,139982
2024-11-26 09:40:00+05:30,1285.75,1289.0,1285.3499755859375,1289.0,184959
2024-11-26 09:45:00+05:30,1285.0,1286.75,1284.25,1285.949951171875,161878
2024-11-26 09:50:00+05:30,1287.25,1288.199951171875,1284.8499755859375,1285.0,101931
2024-11-26 09:55:00+05:30,1285.050048828125,1288.949951171875,1285.0,1287.3499755859375,109174
2024-11-26 10:00:00+05:30,1288.449951171875,1289.0,1285.0999755859375,1285.550048828125,95964
2024-11-26 10:05:00+05:30,1290.449951171875,1290.550048828125,1288.25,1288.449951171875,121220
2024-11-26 10:10:00+05:30,1288.9000244140625,1290.949951171875,1288.25,1290.449951171875,65001
2024-11-26 10:15:00+05:30,1285.699951171875,1288.9000244140625,1285.199951171875,1288.9000244140625,126265
2024-11-26 10:20:00+05:30,1286.0,1286.699951171875,1285.4000244140625,1285.75,60840
2024-11-26 10:25:00+05:30,1289.4000244140625,1289.6500244140625,1285.5999755859375,1285.699951171875,65289
2024-11-26 10:30:00+05:30,1287.5,1289.949951171875,1287.050048828125,1289.1500244140625,44974
2024-11-26 10:35:00+05:30,1289.199951171875,1289.449951171875,1287.1500244140625,1287.5,53516
2024-11-26 10:40:00+05:30,1289.5,1290.0,1289.0,1289.199951171875,103209
2024-11-26 10:45:00+05:30,1291.199951171875,1292.5,1289.0999755859375,1289.5,149725
2024-11-26 10:50:00+05:30,1294.1500244140625,1294.449951171875,1290.550048828125,1291.1500244140625,145275
2024-11-26 10:55:00+05:30,1296.0,1297.6500244140625,1294.1500244140625,1294.1500244140625,256511
2024-11-26 11:00:00+05:30,1295.4000244140625,1295.800048828125,1294.199951171875,1295.800048828125,77793
2024-11-26 11:05:00+05:30,1292.199951171875,1295.550048828125,1292.199951171875,1295.4000244140625,157319
2024-11-26 11:10:00+05:30,1293.0999755859375,1294.9000244140625,1292.5,1292.699951171875,55793
2024-11-26 11:15:00+05:30,1291.449951171875,1293.300048828125,1291.25,1293.300048828125,86540
2024-11-26 11:20:00+05:30,1291.449951171875,1291.9000244140625,1291.0,1291.300048828125,39286
2024-11-26 11:25:00+05:30,1291.949951171875,1292.9000244140625,1291.199951171875,1291.800048828125,49232
2024-11-26 11:30:00+05:30,1292.949951171875,1292.949951171875,1291.5,1292.0999755859375,29404
2024-11-26 11:35:00+05:30,1294.449951171875,1294.449951171875,1292.75,1292.8499755859375,61726
2024-11-26 11:40:00+05:30,1293.75,1294.949951171875,1293.5999755859375,1294.199951171875,70761
2024-11-26 11:45:00+05:30,1294.1500244140625,1295.4000244140625,1293.75,1294.050048828125,57628
2024-11-26 11:50:00+05:30,1293.300048828125,1294.550048828125,1293.0,1294.0,80212
2024-11-26 11:55:00+05:30,1292.449951171875,1293.5,1292.050048828125,1293.25,51970
2024-11-26 12:00:00+05:30,1292.25,1294.0,1292.0,1292.4000244140625,73335
2024-11-26 12:05:00+05:30,1292.0,1293.0,1291.9000244140625,1292.25,60795
2024-11-26 12:10:00+05:30,1293.0,1294.300048828125,1292.0,1292.0,97465
2024-11-26 12:15:00+05:30,1292.0999755859375,1293.1500244140625,1291.9000244140625,1292.699951171875,55847
2024-11-26 12:20:00+05:30,1289.3499755859375,1292.0999755859375,1288.5,1292.0999755859375,130048
2024-11-26 12:25:00+05:30,1289.6500244140625,1290.949951171875,1289.1500244140625,1289.3499755859375,78253
2024-11-26 12:30:00+05:30,1289.6500244140625,1290.800048828125,1289.0999755859375,1289.6500244140625,67316
2024-11-26 12:35:00+05:30,1289.4000244140625,1290.0,1288.5,1289.75,72134
2024-11-26 12:40:00+05:30,1290.0,1290.8499755859375,1289.0,1289.050048828125,47932
2024-11-26 12:45:00+05:30,1291.25,1291.3499755859375,1289.9000244140625,1290.4000244140625,51399
2024-11-26 12:50:00+05:30,1290.9000244140625,1291.3499755859375,1290.0999755859375,1291.050048828125,48209
2024-11-26 12:55:00+05:30,1291.0,1292.0,1290.4000244140625,1290.9000244140625,56943
2024-11-26 13:00:00+05:30,1291.699951171875,1291.949951171875,1290.4000244140625,1290.8499755859375,77355
2024-11-26 13:05:00+05:30,1289.699951171875,1291.9000244140625,1289.6500244140625,1291.699951171875,65687
2024-11-26 13:10:00+05:30,1290.199951171875,1290.5999755859375,1289.25,1289.800048828125,51339
2024-11-26 13:15:00+05:30,1290.050048828125,1290.949951171875,1290.0,1290.050048828125,39446
2024-11-26 13:20:00+05:30,1290.199951171875,1291.699951171875,1290.1500244140625,1290.5,65821
2024-11-26 13:25:00+05:30,1289.050048828125,1290.949951171875,1289.0,1290.0999755859375,50028
2024-11-26 13:30:00+05:30,1289.5,1289.800048828125,1288.050048828125,1289.050048828125,108381
2024-11-26 13:35:00+05:30,1287.199951171875,1289.75,1286.050048828125,1289.449951171875,129896
2024-11-26 13:40:00+05:30,1289.949951171875,1290.0,1286.5,1287.0,86323
2024-11-26 13:45:00+05:30,1291.25,1291.5,1288.699951171875,1289.949951171875,62535
2024-11-26 13:50:00+05:30,1290.1500244140625,1291.449951171875,1290.0,1291.1500244140625,45013
2024-11-26 13:55:00+05:30,1291.8499755859375,1291.9000244140625,1290.0,1290.0999755859375,64783
2024-11-26 14:00:00+05:30,1291.699951171875,1291.800048828125,1289.449951171875,1291.800048828125,93146
2024-11-26 14:05:00+05:30,1289.9000244140625,1292.300048828125,1289.25,1291.75,135697
2024-11-26 14:10:00+05:30,1291.25,1291.800048828125,1289.300048828125,1289.9000244140625,77769
2024-11-26 14:15:00+05:30,1292.050048828125,1292.949951171875,1290.550048828125,1290.75,110523
2024-11-26 14:20:00+05:30,1292.199951171875,1292.699951171875,1291.5,1292.300048828125,94458
2024-11-26 14:25:00+05:30,1291.300048828125,1292.5999755859375,1291.0,1292.5999755859375,57988
2024-11-26 14:30:00+05:30,1291.1500244140625,1291.699951171875,1290.1500244140625,1290.9000244140625,63721
2024-11-26 14:35:00+05:30,1294.300048828125,1294.4000244140625,1290.800048828125,1290.800048828125,133477
2024-11-26 14:40:00+05:30,1295.25,1295.9000244140625,1293.5999755859375,1294.300048828125,152914
2024-11-26 14:45:00+05:30,1295.6500244140625,1295.949951171875,1295.0,1295.3499755859375,119052
2024-11-26 14:50:00+05:30,1295.449951171875,1296.449951171875,1295.199951171875,1295.6500244140625,189466
2024-11-26 14:55:00+05:30,1297.0,1297.800048828125,1295.5,1295.5,173140
2024-11-26 15:00:00+05:30,1294.0999755859375,1296.9000244140625,1292.699951171875,1296.9000244140625,285027
2024-11-26 15:05:00+05:30,1296.4000244140625,1296.75,1293.949951171875,1294.0999755859375,284730
2024-11-26 15:10:00+05:30,1296.75,1296.8499755859375,1295.699951171875,1296.550048828125,299258
2024-11-26 15:15:00+05:30,1296.0,1296.75,1294.8499755859375,1296.550048828125,298338
2024-11-26 15:20:00+05:30,1295.75,1296.3499755859375,1295.3499755859375,1295.949951171875,333461
2024-11-26 15:25:00+05:30,1295.699951171875,1295.949951171875,1294.8499755859375,1295.699951171875,366037
2024-11-27 09:15:00+05:30,1290.550048828125,1292.9000244140625,1290.0,1292.5999755859375,0
2024-11-27 09:20:00+05:30,1287.25,1290.6500244140625,1286.25,1290.449951171875,374576
2024-11-27 09:25:00+05:30,1289.699951171875,1289.9000244140625,1286.699951171875,1287.25,199248
2024-11-27 09:30:00+05:30,1287.5999755859375,1289.699951171875,1287.449951171875,1289.6500244140625,172032
2024-11-27 09:35:00+05:30,1288.0,1291.25,1287.25,1287.550048828125,179764
2024-11-27 09:40:00+05:30,1286.5999755859375,1288.4000244140625,1286.0,1287.800048828125,136104
2024-11-27 09:45:00+05:30,1289.4000244140625,1289.9000244140625,1286.1500244140625,1286.75,145553
2024-11-27 09:50:00+05:30,1291.949951171875,1292.199951171875,1289.4000244140625,1289.75,361681
2024-11-27 09:55:00+05:30,1291.6500244140625,1292.75,1291.0,1291.800048828125,270748
2024-11-27 10:00:00+05:30,1291.75,1294.0,1290.949951171875,1291.800048828125,118224
2024-11-27 10:05:00+05:30,1291.0,1291.8499755859375,1289.75,1291.8499755859375,111391
2024-11-27 10:10:00+05:30,1291.5,1291.699951171875,1290.449951171875,1291.0,73985
2024-11-27 10:15:00+05:30,1291.4000244140625,1292.0,1290.449951171875,1291.5,41225
2024-11-27 10:20:00+05:30,1291.0,1291.6500244140625,1290.449951171875,1291.4000244140625,50901
2024-11-27 10:25:00+05:30,1291.300048828125,1291.699951171875,1290.300048828125,1291.0,76859
2024-11-27 10:30:00+05:30,1291.75,1291.9000244140625,1290.25,1291.3499755859375,45504
2024-11-27 10:35:00+05:30,1290.5999755859375,1291.800048828125,1290.5999755859375,1291.75,49571
2024-11-27 10:40:00+05:30,1289.9000244140625,1290.8499755859375,1289.1500244140625,1290.5999755859375,100251
2024-11-27 10:45:00+05:30,1290.0,1290.550048828125,1289.550048828125,1289.800048828125,50298
2024-11-27 10:50:00+05:30,1290.9000244140625,1290.949951171875,1289.699951171875,1289.9000244140625,61305
2024-11-27 10:55:00+05:30,1292.550048828125,1292.800048828125,1290.75,1290.9000244140625,83034
2024-11-27 11:00:00+05:30,1294.5999755859375,1295.5,1292.050048828125,1292.75,140561
2024-11-27 11:05:00+05:30,1294.1500244140625,1295.0,1293.6500244140625,1295.0,50304
2024-11-27 11:10:00+05:30,1294.300048828125,1294.6500244140625,1293.1500244140625,1294.1500244140625,66817
2024-11-27 11:15:00+05:30,1293.9000244140625,1294.25,1293.0,1294.199951171875,86283
2024-11-27 11:20:00+05:30,1294.1500244140625,1294.300048828125,1293.550048828125,1293.949951171875,34394
2024-11-27 11:25:00+05:30,1294.25,1294.25,1293.5,1294.199951171875,41885
2024-11-27 11:30:00+05:30,1294.75,1295.0,1294.0,1294.25,47354
2024-11-27 11:35:00+05:30,1294.199951171875,1295.3499755859375,1294.0,1294.5,62717
2024-11-27 11:40:00+05:30,1292.5,1294.25,1292.25,1294.199951171875,169918
2024-11-27 11:45:00+05:30,1291.6500244140625,1292.5,1290.5999755859375,1292.5,131978
2024-11-27 11:50:00+05:30,1291.0,1292.0,1289.5,1291.5,155397
2024-11-27 11:55:00+05:30,1290.699951171875,1291.0,1288.5999755859375,1290.6500244140625,197018
2024-11-27 12:00:00+05:30,1290.0,1292.0999755859375,1289.949951171875,1290.550048828125,95436
2024-11-27 12:05:00+05:30,1291.1500244140625,1291.1500244140625,1289.4000244140625,1290.0,97418
2024-11-27 12:10:00+05:30,1291.199951171875,1291.949951171875,1290.9000244140625,1291.0,53136
2024-11-27 12:15:00+05:30,1291.4000244140625,1291.75,1291.0,1291.199951171875,37903
2024-11-27 12:20:00+05:30,1293.3499755859375,1294.5,1291.050048828125,1291.4000244140625,101430
2024-11-27 12:25:00+05:30,1293.699951171875,1293.800048828125,1292.5,1293.3499755859375,66466
2024-11-27 12:30:00+05:30,1296.8499755859375,1297.0,1293.0999755859375,1293.5999755859375,161733
2024-11-27 12:35:00+05:30,1297.3499755859375,1297.75,1295.1500244140625,1297.0,145368
2024-11-27 12:40:00+05:30,1297.699951171875,1298.9000244140625,1297.0,1297.300048828125,141671
2024-11-27 12:45:00+05:30,1296.75,1297.699951171875,1295.25,1297.699951171875,85885
2024-11-27 12:50:00+05:30,1297.3499755859375,1297.75,1296.6500244140625,1296.800048828125,54476
2024-11-27 12:55:00+05:30,1297.9000244140625,1298.25,1296.949951171875,1297.3499755859375,135897
2024-11-27 13:00:00+05:30,1298.300048828125,1298.800048828125,1297.5999755859375,1298.25,99653
2024-11-27 13:05:00+05:30,1299.699951171875,1299.699951171875,1297.6500244140625,1298.050048828125,116128
2024-11-27 13:10:00+05:30,1299.949951171875,1300.949951171875,1298.800048828125,1299.550048828125,172894
2024-11-27 13:15:00+05:30,1301.300048828125,1302.6500244140625,1299.550048828125,1299.949951171875,156758
2024-11-27 13:20:00+05:30,1302.8499755859375,1303.0,1300.800048828125,1301.4000244140625,101689
2024-11-27 13:25:00+05:30,1301.6500244140625,1303.8499755859375,1301.6500244140625,1302.5,218360
2024-11-27 13:30:00+05:30,1298.5999755859375,1301.8499755859375,1298.3499755859375,1301.8499755859375,151339
2024-11-27 13:35:00+05:30,1300.050048828125,1300.8499755859375,1298.3499755859375,1298.5999755859375,58909
2024-11-27 13:40:00+05:30,1299.800048828125,1300.6500244140625,1299.5,1300.300048828125,41522
2024-11-27 13:45:00+05:30,1299.9000244140625,1300.050048828125,1299.1500244140625,1299.800048828125,42346
2024-11-27 13:50:00+05:30,1299.550048828125,1301.9000244140625,1299.1500244140625,1300.0,113416
2024-11-27 13:55:00+05:30,1298.3499755859375,1299.75,1295.9000244140625,1299.6500244140625,290928
2024-11-27 14:00:00+05:30,1298.25,1298.699951171875,1297.449951171875,1298.050048828125,75950
2024-11-27 14:05:00+05:30,1297.550048828125,1299.1500244140625,1297.5,1298.300048828125,83336
2024-11-27 14:10:00+05:30,1295.8499755859375,1297.550048828125,1295.25,1297.550048828125,142340
2024-11-27 14:15:00+05:30,1296.449951171875,1296.75,1295.0,1296.0999755859375,115833
2024-11-27 14:20:00+05:30,1296.4000244140625,1296.9000244140625,1296.0,1296.5999755859375,137417
2024-11-27 14:25:00+05:30,1298.050048828125,1298.5,1296.0999755859375,1296.550048828125,123415
2024-11-27 14:30:00+05:30,1297.0,1298.550048828125,1296.300048828125,1298.050048828125,102118
2024-11-27 14:35:00+05:30,1296.800048828125,1297.050048828125,1295.199951171875,1297.0,135325
2024-11-27 14:40:00+05:30,1296.0,1297.0,1296.0,1296.800048828125,91730
2024-11-27 14:45:00+05:30,1295.699951171875,1296.4000244140625,1295.0,1296.0999755859375,102351
2024-11-27 14:50:00+05:30,1295.8499755859375,1296.4000244140625,1295.0999755859375,1295.699951171875,131249
2024-11-27 14:55:00+05:30,1294.5,1295.949951171875,1294.5,1295.949951171875,93642
2024-11-27 15:00:00+05:30,1292.4000244140625,1294.8499755859375,1291.550048828125,1294.8499755859375,170728
2024-11-27 15:05:00+05:30,1291.949951171875,1293.199951171875,1291.300048828125,1292.1500244140625,162083
2024-11-27 15:10:00+05:30,1293.5,1294.1500244140625,1291.949951171875,1292.0,166109
2024-11-27 15:15:00+05:30,1293.800048828125,1294.0,1293.1500244140625,1293.449951171875,197785
2024-11-27 15:20:00+05:30,1293.9000244140625,1294.1500244140625,1292.6500244140625,1293.5,211445
2024-11-27 15:25:00+05:30,1294.0,1294.0,1292.5,1293.9000244140625,160518
2024-11-28 09:15:00+05:30,1289.0999755859375,1291.3499755859375,1288.800048828125,1289.9000244140625,0
2024-11-28 09:20:00+05:30,1289.6500244140625,1290.1500244140625,1288.5999755859375,1289.550048828125,237385
2024-11-28 09:25:00+05:30,1290.300048828125,1291.0,1289.449951171875,1289.800048828125,131901
2024-11-28 09:30:00+05:30,1291.0999755859375,1291.3499755859375,1289.699951171875,1290.199951171875,131759
2024-11-28 09:35:00+05:30,1290.550048828125,1291.25,1290.199951171875,1291.25,122712
2024-11-28 09:40:00+05:30,1292.199951171875,1292.25,1289.9000244140625,1290.5999755859375,162601
2024-11-28 09:45:00+05:30,1290.5999755859375,1292.4000244140625,1290.300048828125,1292.199951171875,100847
2024-11-28 09:50:00+05:30,1291.800048828125,1292.0,1290.5999755859375,1290.8499755859375,178661
2024-11-28 09:55:00+05:30,1291.3499755859375,1292.0,1291.0999755859375,1291.550048828125,90511
2024-11-28 10:00:00+05:30,1294.0999755859375,1294.8499755859375,1291.25,1291.550048828125,160439
2024-11-28 10:05:00+05:30,1295.5,1295.5999755859375,1293.699951171875,1293.949951171875,180377
2024-11-28 10:10:00+05:30,1292.4000244140625,1295.550048828125,1292.300048828125,1295.4000244140625,129256
2024-11-28 10:15:00+05:30,1293.4000244140625,1293.8499755859375,1292.0,1292.699951171875,86704
2024-11-28 10:20:00+05:30,1293.550048828125,1294.949951171875,1293.050048828125,1293.050048828125,84251
2024-11-28 10:25:00+05:30,1295.199951171875,1296.5999755859375,1293.550048828125,1293.949951171875,210060
2024-11-28 10:30:00+05:30,1291.5,1295.0999755859375,1290.5,1295.050048828125,291624
2024-11-28 10:35:00+05:30,1287.300048828125,1291.5,1287.0999755859375,1291.5,540881
2024-11-28 10:40:00+05:30,1285.8499755859375,1288.0,1283.5,1287.550048828125,512214
2024-11-28 10:45:00+05:30,1283.75,1286.550048828125,1283.25,1285.8499755859375,144263
2024-11-28 10:50:00+05:30,1285.8499755859375,1286.800048828125,1283.9000244140625,1283.949951171875,108910
2024-11-28 10:55:00+05:30,1287.5999755859375,1287.9000244140625,1285.050048828125,1286.0,108069
2024-11-28 11:00:00+05:30,1286.550048828125,1287.699951171875,1286.1500244140625,1287.5999755859375,73401
2024-11-28 11:05:00+05:30,1284.8499755859375,1286.5999755859375,1284.6500244140625,1286.5999755859375,104758
2024-11-28 11:10:00+05:30,1284.449951171875,1285.5,1283.5,1284.8499755859375,86083
2024-11-28 11:15:00+05:30,1283.6500244140625,1284.9000244140625,1283.0999755859375,1284.449951171875,112598
2024-11-28 11:20:00+05:30,1282.199951171875,1284.0,1282.050048828125,1283.550048828125,128800
2024-11-28 11:25:00+05:30,1282.9000244140625,1283.0999755859375,1282.050048828125,1282.25,83612
2024-11-28 11:30:00+05:30,1283.5,1283.699951171875,1281.0,1282.9000244140625,143253
2024-11-28 11:35:00+05:30,1283.199951171875,1283.550048828125,1282.0999755859375,1283.5,87453
2024-11-28 11:40:00+05:30,1282.75,1283.4000244140625,1282.0,1283.4000244140625,103841
2024-11-28 11:45:00+05:30,1288.0,1288.3499755859375,1282.0999755859375,1282.6500244140625,162201
2024-11-28 11:50:00+05:30,1286.3499755859375,1288.5999755859375,1286.050048828125,1288.199951171875,96420
2024-11-28 11:55:00+05:30,1284.800048828125,1286.199951171875,1284.050048828125,1286.050048828125,110811
2024-11-28 12:00:00+05:30,1284.050048828125,1285.6500244140625,1283.5,1285.5999755859375,96320
2024-11-28 12:05:00+05:30,1286.300048828125,1286.75,1283.6500244140625,1283.949951171875,79003
2024-11-28 12:10:00+05:30,1285.949951171875,1286.6500244140625,1285.25,1286.050048828125,58216
2024-11-28 12:15:00+05:30,1285.300048828125,1285.9000244140625,1284.75,1285.9000244140625,65089
2024-11-28 12:20:00+05:30,1284.5999755859375,1285.75,1284.449951171875,1285.3499755859375,61773
2024-11-28 12:25:00+05:30,1286.300048828125,1286.699951171875,1284.4000244140625,1284.5999755859375,99321
2024-11-28 12:30:00+05:30,1284.75,1286.3499755859375,1284.0,1286.300048828125,114192
2024-11-28 12:35:00+05:30,1282.0,1285.0,1281.5999755859375,1284.800048828125,190439
2024-11-28 12:40:00+05:30,1283.0,1283.199951171875,1281.3499755859375,1282.0,147561
2024-11-28 12:45:00+05:30,1281.5999755859375,1283.300048828125,1281.050048828125,1282.949951171875,117873
2024-11-28 12:50:00+05:30,1281.5999755859375,1282.4000244140625,1281.0,1281.5999755859375,102142
2024-11-28 12:55:00+05:30,1278.5,1281.9000244140625,1278.0,1281.25,369971
2024-11-28 13:00:00+05:30,1278.75,1279.300048828125,1278.0,1278.25,119586
2024-11-28 13:05:00+05:30,1278.75,1280.4000244140625,1278.0,1278.5,124287
2024-11-28 13:10:00+05:30,1279.75,1280.199951171875,1279.0,1279.0,109746
2024-11-28 13:15:00+05:30,1279.5999755859375,1279.949951171875,1278.8499755859375,1279.5999755859375,118222
2024-11-28 13:20:00+05:30,1279.5,1280.25,1278.949951171875,1279.6500244140625,95397
2024-11-28 13:25:00+05:30,1279.3499755859375,1280.050048828125,1279.0,1279.5,136966
2024-11-28 13:30:00+05:30,1276.800048828125,1279.550048828125,1276.0999755859375,1279.3499755859375,185499
2024-11-28 13:35:00+05:30,1277.800048828125,1277.800048828125,1275.1500244140625,1276.0999755859375,147486
2024-11-28 13:40:00+05:30,1277.25,1278.75,1277.0999755859375,1277.9000244140625,78607
2024-11-28 13:45:00+05:30,1275.6500244140625,1277.800048828125,1274.9000244140625,1277.5,165961
2024-11-28 13:50:00+05:30,1276.300048828125,1277.050048828125,1275.5,1275.6500244140625,91230
2024-11-28 13:55:00+05:30,1280.0,1280.5,1275.9000244140625,1276.300048828125,173803
2024-11-28 14:00:00+05:30,1281.800048828125,1281.949951171875,1279.0,1279.75,166787
2024-11-28 14:05:00+05:30,1281.25,1283.9000244140625,1280.449951171875,1281.300048828125,206608
2024-11-28 14:10:00+05:30,1277.0999755859375,1281.5999755859375,1273.75,1281.3499755859375,449414
2024-11-28 14:15:00+05:30,1275.050048828125,1277.25,1273.8499755859375,1276.6500244140625,242840
2024-11-28 14:20:00+05:30,1274.1500244140625,1275.0,1273.5,1274.5,153891
2024-11-28 14:25:00+05:30,1277.199951171875,1278.300048828125,1274.050048828125,1274.050048828125,220967
2024-11-28 14:30:00+05:30,1278.199951171875,1279.9000244140625,1276.199951171875,1277.199951171875,188236
2024-11-28 14:35:00+05:30,1275.75,1278.4000244140625,1273.5,1278.0999755859375,287704
2024-11-28 14:40:00+05:30,1274.4000244140625,1276.0,1273.8499755859375,1276.0,241954
2024-11-28 14:45:00+05:30,1273.550048828125,1274.5999755859375,1273.300048828125,1274.3499755859375,234709
2024-11-28 14:50:00+05:30,1273.75,1274.550048828125,1273.1500244140625,1273.5999755859375,287352
2024-11-28 14:55:00+05:30,1273.0,1273.75,1272.1500244140625,1273.199951171875,252984
2024-11-28 15:00:00+05:30,1270.4000244140625,1272.949951171875,1270.199951171875,1272.949951171875,550034
2024-11-28 15:05:00+05:30,1270.0,1270.4000244140625,1269.25,1270.4000244140625,646340
2024-11-28 15:10:00+05:30,1269.699951171875,1270.4000244140625,1269.3499755859375,1269.8499755859375,438215
2024-11-28 15:15:00+05:30,1271.050048828125,1271.300048828125,1269.25,1269.699951171875,729085
2024-11-28 15:20:00+05:30,1272.800048828125,1272.9000244140625,1270.699951171875,1271.199951171875,533607
2024-11-28 15:25:00+05:30,1272.699951171875,1273.9000244140625,1271.5,1272.699951171875,327239
2024-11-29 09:15:00+05:30,1278.0999755859375,1281.9000244140625,1276.3499755859375,1280.800048828125,0
2024-11-29 09:20:00+05:30,1277.5,1279.449951171875,1276.5,1278.6500244140625,206627
2024-11-29 09:25:00+05:30,1281.449951171875,1281.550048828125,1275.550048828125,1277.5,253876
2024-11-29 09:30:00+05:30,1282.25,1282.4000244140625,1280.0,1281.1500244140625,137060
2024-11-29 09:35:00+05:30,1280.199951171875,1283.0,1280.0,1282.4000244140625,103043
2024-11-29 09:40:00+05:30,1278.8499755859375,1281.0,1278.4000244140625,1280.0,172045
2024-11-29 09:45:00+05:30,1281.5999755859375,1281.5999755859375,1278.5,1278.8499755859375,74351
2024-11-29 09:50:00+05:30,1281.800048828125,1282.449951171875,1280.050048828125,1281.5999755859375,78314
2024-11-29 09:55:00+05:30,1283.75,1283.75,1280.050048828125,1281.6500244140625,115558
2024-11-29 10:00:00+05:30,1283.25,1283.9000244140625,1281.449951171875,1283.5999755859375,162867
2024-11-29 10:05:00+05:30,1283.550048828125,1284.4000244140625,1281.0999755859375,1283.25,110285
2024-11-29 10:10:00+05:30,1279.800048828125,1283.550048828125,1279.800048828125,1283.550048828125,109526
2024-11-29 10:15:00+05:30,1279.699951171875,1280.5999755859375,1279.050048828125,1279.6500244140625,97789
2024-11-29 10:20:00+05:30,1279.4000244140625,1280.9000244140625,1279.25,1279.699951171875,56890
2024-11-29 10:25:00+05:30,1283.1500244140625,1284.699951171875,1279.0,1279.5,149407
2024-11-29 10:30:00+05:30,1289.1500244140625,1289.75,1282.75,1283.0999755859375,258882
2024-11-29 10:35:00+05:30,1290.8499755859375,1291.9000244140625,1288.300048828125,1289.050048828125,240901
2024-11-29 10:40:00+05:30,1289.0,1292.9000244140625,1289.0,1291.0,152869
2024-11-29 10:45:00+05:30,1294.300048828125,1295.5,1289.0,1289.0999755859375,258017
2024-11-29 10:50:00+05:30,1296.0999755859375,1297.5999755859375,1294.5,1294.699951171875,302007
2024-11-29 10:55:00+05:30,1297.8499755859375,1298.4000244140625,1294.449951171875,1295.9000244140625,301690
2024-11-29 11:00:00+05:30,1299.0,1299.5,1296.050048828125,1297.6500244140625,287173
2024-11-29 11:05:00+05:30,1299.050048828125,1299.3499755859375,1297.0999755859375,1299.0,164448
2024-11-29 11:10:00+05:30,1297.199951171875,1299.199951171875,1296.25,1299.199951171875,89339
2024-11-29 11:15:00+05:30,1295.75,1298.550048828125,1295.199951171875,1297.0999755859375,118072
2024-11-29 11:20:00+05:30,1298.0,1298.0,1295.25,1295.6500244140625,61590
2024-11-29 11:25:00+05:30,1298.0999755859375,1298.5,1297.3499755859375,1297.9000244140625,101011
2024-11-29 11:30:00+05:30,1297.5999755859375,1298.9000244140625,1297.550048828125,1298.0999755859375,74933
2024-11-29 11:35:00+05:30,1295.75,1298.199951171875,1295.5999755859375,1297.550048828125,78651
2024-11-29 11:40:00+05:30,1294.9000244140625,1297.449951171875,1294.3499755859375,1295.75,108358
2024-11-29 11:45:00+05:30,1293.25,1295.5999755859375,1293.199951171875,1294.800048828125,86503
2024-11-29 11:50:00+05:30,1292.800048828125,1293.8499755859375,1292.050048828125,1293.3499755859375,89422
2024-11-29 11:55:00+05:30,1292.9000244140625,1293.800048828125,1292.3499755859375,1292.5,60146
2024-11-29 12:00:00+05:30,1293.0999755859375,1293.9000244140625,1292.5,1292.800048828125,45548
2024-11-29 12:05:00+05:30,1293.550048828125,1293.800048828125,1292.0999755859375,1293.0999755859375,45890
2024-11-29 12:10:00+05:30,1295.449951171875,1295.449951171875,1292.75,1293.300048828125,79499
2024-11-29 12:15:00+05:30,1295.8499755859375,1296.1500244140625,1294.800048828125,1295.25,93629
2024-11-29 12:20:00+05:30,1293.300048828125,1295.8499755859375,1292.75,1295.8499755859375,56248
2024-11-29 12:25:00+05:30,1293.449951171875,1293.6500244140625,1292.4000244140625,1293.300048828125,53967
2024-11-29 12:30:00+05:30,1292.199951171875,1293.5,1291.1500244140625,1293.449951171875,116502
2024-11-29 12:35:00+05:30,1291.8499755859375,1293.300048828125,1291.1500244140625,1291.1500244140625,112257
2024-11-29 12:40:00+05:30,1291.1500244140625,1292.6500244140625,1291.0999755859375,1291.800048828125,69771
2024-11-29 12:45:00+05:30,1291.25,1291.75,1290.4000244140625,1291.1500244140625,76295
2024-11-29 12:50:00+05:30,1291.449951171875,1291.6500244140625,1290.5,1291.25,56430
2024-11-29 12:55:00+05:30,1292.949951171875,1293.699951171875,1291.0,1291.3499755859375,80956
2024-11-29 13:00:00+05:30,1291.75,1293.6500244140625,1291.75,1292.8499755859375,56774
2024-11-29 13:05:00+05:30,1292.6500244140625,1292.949951171875,1291.0999755859375,1291.75,67378
2024-11-29 13:10:00+05:30,1294.0999755859375,1294.5,1291.949951171875,1292.6500244140625,78411
2024-11-29 13:15:00+05:30,1295.550048828125,1295.8499755859375,1293.5,1294.1500244140625,72107
2024-11-29 13:20:00+05:30,1296.5,1297.0,1294.9000244140625,1295.449951171875,108526
2024-11-29 13:25:00+05:30,1296.449951171875,1298.5999755859375,1296.1500244140625,1296.5999755859375,262057
2024-11-29 13:30:00+05:30,1297.0,1298.199951171875,1296.449951171875,1296.449951171875,148286
2024-11-29 13:35:00+05:30,1296.75,1297.5999755859375,1296.5,1297.199951171875,144943
2024-11-29 13:40:00+05:30,1295.0,1297.3499755859375,1294.9000244140625,1297.050048828125,146506
2024-11-29 13:45:00+05:30,1293.050048828125,1295.699951171875,1293.0,1295.199951171875,79858
2024-11-29 13:50:00+05:30,1293.1500244140625,1294.5,1292.75,1293.050048828125,93382
2024-11-29 13:55:00+05:30,1292.9000244140625,1294.3499755859375,1292.300048828125,1293.199951171875,111032
2024-11-29 14:00:00+05:30,1291.9000244140625,1293.4000244140625,1291.050048828125,1292.8499755859375,125275
2024-11-29 14:05:00+05:30,1292.300048828125,1292.5,1291.199951171875,1291.9000244140625,102759
2024-11-29 14:10:00+05:30,1290.6500244140625,1292.25,1290.199951171875,1292.0999755859375,109189
2024-11-29 14:15:00+05:30,1290.5999755859375,1291.949951171875,1290.0,1290.699951171875,155550
2024-11-29 14:20:00+05:30,1292.6500244140625,1292.949951171875,1290.5,1290.5,109221
2024-11-29 14:25:00+05:30,1292.0999755859375,1293.25,1291.8499755859375,1292.6500244140625,198659
2024-11-29 14:30:00+05:30,1294.0,1294.5,1292.1500244140625,1292.199951171875,216164
2024-11-29 14:35:00+05:30,1292.699951171875,1294.4000244140625,1291.449951171875,1294.4000244140625,264226
2024-11-29 14:40:00+05:30,1293.699951171875,1295.5999755859375,1292.1500244140625,1292.699951171875,190573
2024-11-29 14:45:00+05:30,1291.6500244140625,1294.75,1291.0999755859375,1293.6500244140625,124933
2024-11-29 14:50:00+05:30,1291.9000244140625,1292.5,1291.050048828125,1291.699951171875,119288
2024-11-29 14:55:00+05:30,1293.0999755859375,1293.300048828125,1291.0,1291.9000244140625,185757
2024-11-29 15:00:00+05:30,1292.949951171875,1294.75,1291.75,1292.550048828125,726626
2024-11-29 15:05:00+05:30,1293.949951171875,1294.1500244140625,1292.199951171875,1292.800048828125,692578
2024-11-29 15:10:00+05:30,1292.800048828125,1294.0,1290.4000244140625,1293.949951171875,551649
2024-11-29 15:15:00+05:30,1291.75,1293.699951171875,1291.3499755859375,1292.449951171875,595692
2024-11-29 15:20:00+05:30,1290.8499755859375,1291.9000244140625,1290.0999755859375,1291.800048828125,587449
2024-11-29 15:25:00+05:30,1291.5,1292.0,1290.550048828125,1290.8499755859375,520216
2024-12-02 09:15:00+05:30,1281.0,1290.949951171875,1281.0,1290.949951171875,0
2024-12-02 09:20:00+05:30,1278.4000244140625,1281.300048828125,1278.0,1281.25,293307
2024-12-02 09:25:00+05:30,1279.199951171875,1279.449951171875,1277.050048828125,1278.4000244140625,168265
2024-12-02 09:30:00+05:30,1281.800048828125,1281.9000244140625,1278.9000244140625,1279.1500244140625,140880
2024-12-02 09:35:00+05:30,1283.4000244140625,1283.5,1281.050048828125,1281.75,197771
2024-12-02 09:40:00+05:30,1285.199951171875,1285.4000244140625,1281.4000244140625,1283.25,181706
2024-12-02 09:45:00+05:30,1284.8499755859375,1286.949951171875,1284.5999755859375,1285.3499755859375,199830
2024-12-02 09:50:00+05:30,1283.0999755859375,1285.25,1283.0,1284.800048828125,128460
2024-12-02 09:55:00+05:30,1285.8499755859375,1286.449951171875,1282.449951171875,1283.0999755859375,118514
2024-12-02 10:00:00+05:30,1287.3499755859375,1287.9000244140625,1285.25,1286.0,91874
2024-12-02 10:05:00+05:30,1287.0,1288.75,1286.300048828125,1287.449951171875,77746
2024-12-02 10:10:00+05:30,1286.949951171875,1287.0,1284.0,1286.949951171875,80443
2024-12-02 10:15:00+05:30,1294.300048828125,1294.300048828125,1286.75,1286.75,254820
2024-12-02 10:20:00+05:30,1293.75,1295.5999755859375,1293.300048828125,1294.1500244140625,179560
2024-12-02 10:25:00+05:30,1293.949951171875,1294.4000244140625,1292.3499755859375,1293.699951171875,103964
2024-12-02 10:30:00+05:30,1292.699951171875,1294.699951171875,1292.0,1293.949951171875,92586
2024-12-02 10:35:00+05:30,1291.199951171875,1292.699951171875,1290.0,1292.4000244140625,74087
2024-12-02 10:40:00+05:30,1292.800048828125,1293.449951171875,1290.199951171875,1291.199951171875,68755
2024-12-02 10:45:00+05:30,1294.1500244140625,1294.1500244140625,1291.699951171875,1292.699951171875,69382
2024-12-02 10:50:00+05:30,1292.699951171875,1296.0,1292.5999755859375,1294.050048828125,110610
2024-12-02 10:55:00+05:30,1291.949951171875,1293.0,1291.550048828125,1292.75,51728
2024-12-02 11:00:00+05:30,1293.800048828125,1294.1500244140625,1291.4000244140625,1292.0,55570
2024-12-02 11:05:00+05:30,1293.3499755859375,1293.800048828125,1291.6500244140625,1293.5999755859375,54975
2024-12-02 11:10:00+05:30,1293.5,1294.0,1292.25,1293.3499755859375,39845
2024-12-02 11:15:00+05:30,1295.3499755859375,1295.5,1292.5999755859375,1293.5,69628
2024-12-02 11:20:00+05:30,1294.5,1295.75,1293.6500244140625,1295.1500244140625,84608
2024-12-02 11:25:00+05:30,1295.25,1297.449951171875,1294.300048828125,1294.5,148143
2024-12-02 11:30:00+05:30,1295.3499755859375,1297.449951171875,1294.5,1295.25,92675
2024-12-02 11:35:00+05:30,1294.050048828125,1295.699951171875,1293.699951171875,1295.300048828125,68649
2024-12-02 11:40:00+05:30,1296.5,1296.5999755859375,1292.9000244140625,1294.0,72367
2024-12-02 11:45:00+05:30,1294.5999755859375,1297.0,1294.300048828125,1296.199951171875,41278
2024-12-02 11:50:00+05:30,1295.199951171875,1295.75,1293.699951171875,1294.5,40470
2024-12-02 11:55:00+05:30,1297.0,1297.0,1295.0,1295.199951171875,77868
2024-12-02 12:00:00+05:30,1295.75,1297.75,1294.800048828125,1297.5,61939
2024-12-02 12:05:00+05:30,1294.449951171875,1295.9000244140625,1294.25,1295.550048828125,46208
2024-12-02 12:10:00+05:30,1293.0999755859375,1294.6500244140625,1293.0999755859375,1294.550048828125,42538
2024-12-02 12:15:00+05:30,1293.699951171875,1294.0,1292.6500244140625,1293.0999755859375,61552
2024-12-02 12:20:00+05:30,1295.199951171875,1295.449951171875,1293.5,1293.699951171875,67717
2024-12-02 12:25:00+05:30,1297.5,1297.9000244140625,1294.25,1295.199951171875,88692
2024-12-02 12:30:00+05:30,1297.1500244140625,1297.9000244140625,1295.6500244140625,1297.550048828125,87707
2024-12-02 12:35:00+05:30,1297.300048828125,1298.449951171875,1296.5,1297.25,87806
2024-12-02 12:40:00+05:30,1300.1500244140625,1300.9000244140625,1295.5,1297.3499755859375,269811
2024-12-02 12:45:00+05:30,1302.0999755859375,1302.449951171875,1298.449951171875,1300.3499755859375,169842
2024-12-02 12:50:00+05:30,1300.199951171875,1302.0,1299.0,1302.0,106416
2024-12-02 12:55:00+05:30,1300.3499755859375,1300.75,1298.699951171875,1300.199951171875,69044
2024-12-02 13:00:00+05:30,1300.050048828125,1300.5999755859375,1298.5,1300.0999755859375,97059
2024-12-02 13:05:00+05:30,1299.9000244140625,1300.5999755859375,1299.0,1300.199951171875,62125
2024-12-02 13:10:00+05:30,1299.699951171875,1300.3499755859375,1298.5,1299.9000244140625,62675
2024-12-02 13:15:00+05:30,1301.9000244140625,1304.0,1299.0999755859375,1299.6500244140625,251244
2024-12-02 13:20:00+05:30,1301.5999755859375,1302.050048828125,1300.800048828125,1301.800048828125,69989
2024-12-02 13:25:00+05:30,1300.3499755859375,1302.0,1299.25,1301.8499755859375,109621
2024-12-02 13:30:00+05:30,1301.300048828125,1301.5999755859375,1300.050048828125,1300.3499755859375,51786
2024-12-02 13:35:00+05:30,1305.0999755859375,1305.4000244140625,1301.0,1301.0999755859375,239521
2024-12-02 13:40:00+05:30,1306.300048828125,1307.0,1304.800048828125,1305.1500244140625,225287
2024-12-02 13:45:00+05:30,1305.0,1306.4000244140625,1304.3499755859375,1306.3499755859375,98312
2024-12-02 13:50:00+05:30,1303.9000244140625,1305.0,1303.199951171875,1304.75,67586
2024-12-02 13:55:00+05:30,1307.0,1307.0,1303.699951171875,1303.800048828125,121332
2024-12-02 14:00:00+05:30,1309.0999755859375,1309.25,1306.949951171875,1307.0,232531
2024-12-02 14:05:00+05:30,1307.5999755859375,1309.5999755859375,1307.5999755859375,1309.0999755859375,122686
2024-12-02 14:10:00+05:30,1308.5,1308.5,1306.949951171875,1307.800048828125,105029
2024-12-02 14:15:00+05:30,1308.25,1309.449951171875,1307.4000244140625,1308.5999755859375,88910
2024-12-02 14:20:00+05:30,1306.5999755859375,1308.5,1306.4000244140625,1308.25,109222
2024-12-02 14:25:00+05:30,1308.25,1308.5999755859375,1306.050048828125,1306.699951171875,149097
2024-12-02 14:30:00+05:30,1309.8499755859375,1310.25,1308.199951171875,1308.25,286133
2024-12-02 14:35:00+05:30,1308.800048828125,1310.0,1308.449951171875,1309.949951171875,165010
2024-12-02 14:40:00+05:30,1310.449951171875,1310.449951171875,1308.8499755859375,1308.8499755859375,136668
2024-12-02 14:45:00+05:30,1309.3499755859375,1311.0,1308.8499755859375,1310.050048828125,132277
2024-12-02 14:50:00+05:30,1306.699951171875,1309.75,1306.550048828125,1309.1500244140625,134522
2024-12-02 14:55:00+05:30,1307.3499755859375,1308.3499755859375,1306.300048828125,1306.5999755859375,118994
2024-12-02 15:00:00+05:30,1307.5999755859375,1308.949951171875,1307.0,1307.6500244140625,243085
2024-12-02 15:05:00+05:30,1309.800048828125,1310.1500244140625,1307.25,1307.75,479789
2024-12-02 15:10:00+05:30,1308.199951171875,1310.1500244140625,1307.75,1309.75,322975
2024-12-02 15:15:00+05:30,1307.550048828125,1308.800048828125,1307.0,1308.1500244140625,371749
2024-12-02 15:20:00+05:30,1310.3499755859375,1310.4000244140625,1306.800048828125,1307.5,476093
2024-12-02 15:25:00+05:30,1310.949951171875,1311.3499755859375,1309.949951171875,1310.449951171875,358265
2024-12-03 09:15:00+05:30,1310.25,1316.949951171875,1309.199951171875,1316.949951171875,0
2024-12-03 09:20:00+05:30,1311.25,1312.300048828125,1309.0999755859375,1310.300048828125,230378
2024-12-03 09:25:00+05:30,1309.949951171875,1311.550048828125,1309.199951171875,1311.199951171875,781071
2024-12-03 09:30:00+05:30,1310.25,1311.050048828125,1307.0999755859375,1309.949951171875,210246
2024-12-03 09:35:00+05:30,1313.5999755859375,1314.300048828125,1310.4000244140625,1310.5,235923
2024-12-03 09:40:00+05:30,1314.1500244140625,1314.9000244140625,1313.4000244140625,1313.5999755859375,189642
2024-12-03 09:45:00+05:30,1316.0,1316.199951171875,1313.199951171875,1313.9000244140625,259753
2024-12-03 09:50:00+05:30,1315.550048828125,1316.4000244140625,1315.25,1315.8499755859375,177533
2024-12-03 09:55:00+05:30,1318.0,1318.0,1315.0,1315.75,509594
2024-12-03 10:00:00+05:30,1316.8499755859375,1318.699951171875,1316.0999755859375,1317.9000244140625,184232
2024-12-03 10:05:00+05:30,1317.949951171875,1318.5,1316.699951171875,1316.9000244140625,157311
2024-12-03 10:10:00+05:30,1316.0999755859375,1319.0,1316.0,1317.949951171875,253041
2024-12-03 10:15:00+05:30,1317.300048828125,1318.25,1315.75,1316.050048828125,226103
2024-12-03 10:20:00+05:30,1317.4000244140625,1318.0,1316.800048828125,1317.1500244140625,177041
2024-12-03 10:25:00+05:30,1320.5,1320.9000244140625,1317.0999755859375,1317.199951171875,227609
2024-12-03 10:30:00+05:30,1320.9000244140625,1322.0,1320.449951171875,1320.800048828125,174988
2024-12-03 10:35:00+05:30,1322.449951171875,1323.6500244140625,1320.75,1320.9000244140625,225691
2024-12-03 10:40:00+05:30,1322.4000244140625,1323.800048828125,1322.199951171875,1322.449951171875,284244
2024-12-03 10:45:00+05:30,1323.800048828125,1324.4000244140625,1322.1500244140625,1322.5999755859375,219016
2024-12-03 10:50:00+05:30,1323.0,1324.449951171875,1323.0,1323.800048828125,230531
2024-12-03 10:55:00+05:30,1322.449951171875,1323.4000244140625,1320.8499755859375,1323.25,501467
2024-12-03 11:00:00+05:30,1322.300048828125,1323.449951171875,1322.0,1322.449951171875,105355
2024-12-03 11:05:00+05:30,1321.4000244140625,1322.75,1321.3499755859375,1322.550048828125,211219
2024-12-03 11:10:00+05:30,1320.949951171875,1321.800048828125,1320.300048828125,1321.800048828125,141868
2024-12-03 11:15:00+05:30,1322.550048828125,1323.0,1320.449951171875,1320.949951171875,97353
2024-12-03 11:20:00+05:30,1322.75,1323.449951171875,1322.5,1322.949951171875,108037
2024-12-03 11:25:00+05:30,1322.3499755859375,1323.0,1322.0,1322.75,77975
2024-12-03 11:30:00+05:30,1324.5,1324.5,1322.199951171875,1322.3499755859375,176473
2024-12-03 11:35:00+05:30,1325.199951171875,1326.800048828125,1324.3499755859375,1324.550048828125,361065
2024-12-03 11:40:00+05:30,1324.25,1325.199951171875,1323.3499755859375,1325.199951171875,132388
2024-12-03 11:45:00+05:30,1323.800048828125,1324.800048828125,1323.5,1324.050048828125,119035
2024-12-03 11:50:00+05:30,1322.75,1323.9000244140625,1322.550048828125,1323.800048828125,154607
2024-12-03 11:55:00+05:30,1325.550048828125,1325.9000244140625,1322.050048828125,1322.4000244140625,268114
2024-12-03 12:00:00+05:30,1324.5,1325.75,1324.0,1325.449951171875,127798
2024-12-03 12:05:00+05:30,1323.0,1324.550048828125,1322.300048828125,1324.550048828125,184466
2024-12-03 12:10:00+05:30,1323.949951171875,1324.5,1322.1500244140625,1322.800048828125,165657
2024-12-03 12:15:00+05:30,1323.5,1324.9000244140625,1323.050048828125,1323.949951171875,171820
2024-12-03 12:20:00+05:30,1321.25,1323.800048828125,1321.0,1323.800048828125,145690
2024-12-03 12:25:00+05:30,1320.0,1321.300048828125,1319.3499755859375,1321.0999755859375,214019
2024-12-03 12:30:00+05:30,1321.199951171875,1322.25,1319.75,1320.0,103038
2024-12-03 12:35:00+05:30,1323.949951171875,1324.0,1321.050048828125,1321.1500244140625,112757
2024-12-03 12:40:00+05:30,1324.4000244140625,1324.550048828125,1323.4000244140625,1323.9000244140625,110679
2024-12-03 12:45:00+05:30,1323.949951171875,1324.9000244140625,1323.550048828125,1324.4000244140625,120269
2024-12-03 12:50:00+05:30,1324.550048828125,1324.9000244140625,1323.550048828125,1323.949951171875,99488
2024-12-03 12:55:00+05:30,1324.699951171875,1324.9000244140625,1324.199951171875,1324.800048828125,56088
2024-12-03 13:00:00+05:30,1324.0,1324.800048828125,1323.5,1324.6500244140625,67336
2024-12-03 13:05:00+05:30,1323.9000244140625,1324.300048828125,1323.300048828125,1323.9000244140625,67782
2024-12-03 13:10:00+05:30,1323.199951171875,1324.199951171875,1323.199951171875,1323.800048828125,84885
2024-12-03 13:15:00+05:30,1323.550048828125,1323.9000244140625,1322.199951171875,1323.1500244140625,73790
2024-12-03 13:20:00+05:30,1322.199951171875,1323.800048828125,1322.199951171875,1323.25,95489
2024-12-03 13:25:00+05:30,1321.75,1323.050048828125,1321.5,1322.050048828125,91909
2024-12-03 13:30:00+05:30,1325.0,1325.0,1321.5,1321.5,100338
2024-12-03 13:35:00+05:30,1323.8499755859375,1325.0999755859375,1323.199951171875,1325.0,105688
2024-12-03 13:40:00+05:30,1323.5,1325.199951171875,1323.3499755859375,1323.8499755859375,168020
2024-12-03 13:45:00+05:30,1324.5,1325.0999755859375,1323.199951171875,1323.199951171875,127374
2024-12-03 13:50:00+05:30,1325.199951171875,1325.25,1323.699951171875,1324.5,418033
2024-12-03 13:55:00+05:30,1324.550048828125,1325.5,1323.75,1325.050048828125,162361
2024-12-03 14:00:00+05:30,1323.300048828125,1324.5,1323.0999755859375,1324.300048828125,181207
2024-12-03 14:05:00+05:30,1322.449951171875,1323.3499755859375,1322.0,1323.3499755859375,192396
2024-12-03 14:10:00+05:30,1321.699951171875,1323.300048828125,1321.6500244140625,1322.5,158865
2024-12-03 14:15:00+05:30,1321.449951171875,1322.75,1321.0999755859375,1322.0,263475
2024-12-03 14:20:00+05:30,1320.050048828125,1322.050048828125,1319.9000244140625,1321.5999755859375,202078
2024-12-03 14:25:00+05:30,1320.0999755859375,1321.199951171875,1319.699951171875,1320.0999755859375,205666
2024-12-03 14:30:00+05:30,1320.0,1320.550048828125,1319.75,1320.1500244140625,238686
2024-12-03 14:35:00+05:30,1320.5,1320.6500244140625,1319.449951171875,1320.0,417582
2024-12-03 14:40:00+05:30,1321.800048828125,1321.800048828125,1320.4000244140625,1320.449951171875,218599
2024-12-03 14:45:00+05:30,1322.0,1322.0999755859375,1321.199951171875,1321.75,127883
2024-12-03 14:50:00+05:30,1322.1500244140625,1322.75,1321.800048828125,1321.949951171875,178458
2024-12-03 14:55:00+05:30,1322.5999755859375,1323.0,1321.75,1322.1500244140625,192815
2024-12-03 15:00:00+05:30,1322.550048828125,1322.8499755859375,1321.300048828125,1322.699951171875,450591
2024-12-03 15:05:00+05:30,1322.9000244140625,1323.4000244140625,1322.550048828125,1322.5999755859375,482647
2024-12-03 15:10:00+05:30,1324.050048828125,1324.1500244140625,1322.6500244140625,1323.1500244140625,440757
2024-12-03 15:15:00+05:30,1323.6500244140625,1324.4000244140625,1323.1500244140625,1324.0,565362
2024-12-03 15:20:00+05:30,1323.5999755859375,1324.550048828125,1322.5999755859375,1323.1500244140625,617433
2024-12-03 15:25:00+05:30,1325.0,1325.1500244140625,1322.5999755859375,1323.6500244140625,509506
2024-12-04 09:15:00+05:30,1319.0,1326.949951171875,1318.5,1326.949951171875,0
2024-12-04 09:20:00+05:30,1317.6500244140625,1318.949951171875,1315.699951171875,1318.949951171875,222350
2024-12-04 09:25:00+05:30,1318.9000244140625,1319.9000244140625,1315.6500244140625,1318.0,206008
2024-12-04 09:30:00+05:30,1317.3499755859375,1319.0,1315.5999755859375,1319.0,192953
2024-12-04 09:35:00+05:30,1315.449951171875,1317.8499755859375,1315.25,1317.8499755859375,254074
2024-12-04 09:40:00+05:30,1317.25,1317.25,1315.3499755859375,1315.5,124067
2024-12-04 09:45:00+05:30,1315.75,1317.3499755859375,1313.550048828125,1317.3499755859375,207160
2024-12-04 09:50:00+05:30,1316.949951171875,1317.0,1314.75,1315.75,97640
2024-12-04 09:55:00+05:30,1317.75,1318.699951171875,1316.6500244140625,1317.0,123045
2024-12-04 10:00:00+05:30,1316.699951171875,1317.949951171875,1316.0999755859375,1317.699951171875,107062
2024-12-04 10:05:00+05:30,1318.449951171875,1319.0,1316.300048828125,1316.550048828125,73453
2024-12-04 10:10:00+05:30,1317.75,1318.449951171875,1317.1500244140625,1318.449951171875,57926
2024-12-04 10:15:00+05:30,1316.699951171875,1318.0,1315.550048828125,1317.75,64184
2024-12-04 10:20:00+05:30,1315.25,1316.550048828125,1314.5999755859375,1316.550048828125,132176
2024-12-04 10:25:00+05:30,1314.6500244140625,1315.449951171875,1312.800048828125,1315.050048828125,119600
2024-12-04 10:30:00+05:30,1315.550048828125,1315.8499755859375,1313.550048828125,1314.449951171875,67772
2024-12-04 10:35:00+05:30,1314.3499755859375,1315.9000244140625,1314.199951171875,1315.800048828125,42887
2024-12-04 10:40:00+05:30,1313.25,1314.800048828125,1313.0999755859375,1314.3499755859375,78047
2024-12-04 10:45:00+05:30,1313.3499755859375,1314.199951171875,1311.550048828125,1313.300048828125,110674
2024-12-04 10:50:00+05:30,1314.800048828125,1315.5,1313.0,1313.3499755859375,79782
2024-12-04 10:55:00+05:30,1313.4000244140625,1315.75,1311.5,1314.3499755859375,4700995
2024-12-04 11:00:00+05:30,1313.6500244140625,1314.0,1312.300048828125,1313.4000244140625,111453
2024-12-04 11:05:00+05:30,1311.949951171875,1313.699951171875,1311.699951171875,1313.5,63099
2024-12-04 11:10:00+05:30,1312.050048828125,1312.6500244140625,1311.449951171875,1312.0,810514
2024-12-04 11:15:00+05:30,1313.0999755859375,1313.0999755859375,1311.800048828125,1312.25,55028
2024-12-04 11:20:00+05:30,1312.449951171875,1313.4000244140625,1311.9000244140625,1313.0999755859375,81077
2024-12-04 11:25:00+05:30,1313.5,1313.949951171875,1312.449951171875,1312.550048828125,42631
2024-12-04 11:30:00+05:30,1314.0,1314.4000244140625,1313.449951171875,1313.800048828125,49980
2024-12-04 11:35:00+05:30,1314.4000244140625,1314.800048828125,1314.0,1314.050048828125,44226
2024-12-04 11:40:00+05:30,1314.050048828125,1315.449951171875,1314.0,1314.4000244140625,100542
2024-12-04 11:45:00+05:30,1312.800048828125,1314.1500244140625,1312.699951171875,1314.1500244140625,50918
2024-12-04 11:50:00+05:30,1313.3499755859375,1314.1500244140625,1312.699951171875,1312.800048828125,49810
2024-12-04 11:55:00+05:30,1309.1500244140625,1313.550048828125,1305.6500244140625,1313.5,510100
2024-12-04 12:00:00+05:30,1307.449951171875,1309.1500244140625,1306.0,1309.0,1366021
2024-12-04 12:05:00+05:30,1309.0999755859375,1312.300048828125,1306.0,1307.300048828125,193697
2024-12-04 12:10:00+05:30,1310.4000244140625,1310.4000244140625,1307.3499755859375,1309.300048828125,2464441
2024-12-04 12:15:00+05:30,1310.6500244140625,1312.1500244140625,1310.050048828125,1310.4000244140625,68057
2024-12-04 12:20:00+05:30,1312.5,1312.9000244140625,1310.050048828125,1310.6500244140625,79229
2024-12-04 12:25:00+05:30,1312.6500244140625,1312.8499755859375,1311.0,1312.1500244140625,117634
2024-12-04 12:30:00+05:30,1311.9000244140625,1312.75,1311.0999755859375,1312.699951171875,79726
2024-12-04 12:35:00+05:30,1310.4000244140625,1311.949951171875,1310.1500244140625,1311.949951171875,56191
2024-12-04 12:40:00+05:30,1309.0999755859375,1311.75,1308.300048828125,1310.75,75024
2024-12-04 12:45:00+05:30,1311.5999755859375,1311.9000244140625,1308.6500244140625,1308.9000244140625,65653
2024-12-04 12:50:00+05:30,1309.949951171875,1311.6500244140625,1309.4000244140625,1311.5999755859375,82704
2024-12-04 12:55:00+05:30,1311.0999755859375,1312.0,1309.25,1309.75,104755
2024-12-04 13:00:00+05:30,1309.949951171875,1311.699951171875,1309.550048828125,1311.0999755859375,161914
2024-12-04 13:05:00+05:30,1309.5,1310.050048828125,1309.1500244140625,1309.75,64142
2024-12-04 13:10:00+05:30,1309.4000244140625,1310.050048828125,1309.199951171875,1309.25,119593
2024-12-04 13:15:00+05:30,1309.0,1310.0,1309.0,1309.4000244140625,51198
2024-12-04 13:20:00+05:30,1308.300048828125,1309.25,1308.0,1309.0,138898
2024-12-04 13:25:00+05:30,1309.550048828125,1310.0,1308.449951171875,1308.5,120045
2024-12-04 13:30:00+05:30,1311.9000244140625,1312.800048828125,1309.199951171875,1309.4000244140625,294608
2024-12-04 13:35:00+05:30,1312.949951171875,1313.6500244140625,1311.8499755859375,1312.3499755859375,82488
2024-12-04 13:40:00+05:30,1311.4000244140625,1313.4000244140625,1311.1500244140625,1313.0,57508
2024-12-04 13:45:00+05:30,1311.6500244140625,1312.0,1311.0,1311.199951171875,93013
2024-12-04 13:50:00+05:30,1311.949951171875,1312.3499755859375,1311.050048828125,1311.699951171875,72388
2024-12-04 13:55:00+05:30,1312.949951171875,1313.5,1311.699951171875,1312.0,94937
2024-12-04 14:00:00+05:30,1312.3499755859375,1313.25,1311.5,1313.1500244140625,71327
2024-12-04 14:05:00+05:30,1312.0,1312.9000244140625,1311.8499755859375,1312.25,71420
2024-12-04 14:10:00+05:30,1311.4000244140625,1312.5999755859375,1311.050048828125,1312.25,78444
2024-12-04 14:15:00+05:30,1307.8499755859375,1311.6500244140625,1307.300048828125,1311.449951171875,145404
2024-12-04 14:20:00+05:30,1308.050048828125,1310.0,1306.300048828125,1307.3499755859375,158173
2024-12-04 14:25:00+05:30,1307.5999755859375,1308.300048828125,1306.449951171875,1308.300048828125,170847
2024-12-04 14:30:00+05:30,1306.300048828125,1307.6500244140625,1305.4000244140625,1307.25,210505
2024-12-04 14:35:00+05:30,1307.0,1307.0,1305.1500244140625,1306.25,180407
2024-12-04 14:40:00+05:30,1306.6500244140625,1307.25,1306.4000244140625,1307.0,134831
2024-12-04 14:45:00+05:30,1305.75,1306.6500244140625,1305.5,1306.6500244140625,135313
2024-12-04 14:50:00+05:30,1305.050048828125,1306.4000244140625,1305.0,1305.800048828125,239762
2024-12-04 14:55:00+05:30,1305.949951171875,1306.699951171875,1304.1500244140625,1305.4000244140625,240164
2024-12-04 15:00:00+05:30,1309.3499755859375,1309.4000244140625,1304.9000244140625,1306.0,367612
2024-12-04 15:05:00+05:30,1309.449951171875,1310.699951171875,1309.1500244140625,1309.300048828125,352346
2024-12-04 15:10:00+05:30,1307.8499755859375,1309.5,1307.4000244140625,1309.4000244140625,354764
2024-12-04 15:15:00+05:30,1310.0,1310.199951171875,1307.75,1307.75,367077
2024-12-04 15:20:00+05:30,1310.0,1310.199951171875,1308.5999755859375,1310.0999755859375,372525
2024-12-04 15:25:00+05:30,1309.4000244140625,1310.800048828125,1308.0999755859375,1310.0,331179
2024-12-05 09:15:00+05:30,1317.5,1318.5,1308.4000244140625,1308.4000244140625,0
2024-12-05 09:20:00+05:30,1315.449951171875,1319.949951171875,1314.550048828125,1317.8499755859375,399869
2024-12-05 09:25:00+05:30,1313.5,1315.5,1313.300048828125,1315.199951171875,150165
2024-12-05 09:30:00+05:30,1313.949951171875,1315.949951171875,1313.300048828125,1313.3499755859375,114710
2024-12-05 09:35:00+05:30,1311.75,1315.5999755859375,1310.4000244140625,1313.949951171875,145400
2024-12-05 09:40:00+05:30,1313.0999755859375,1313.1500244140625,1310.5,1311.75,103153
2024-12-05 09:45:00+05:30,1308.3499755859375,1314.0,1308.3499755859375,1313.0999755859375,178180
2024-12-05 09:50:00+05:30,1309.3499755859375,1309.550048828125,1307.199951171875,1308.5,158703
2024-12-05 09:55:00+05:30,1311.3499755859375,1311.9000244140625,1309.0,1309.199951171875,93071
2024-12-05 10:00:00+05:30,1309.699951171875,1312.9000244140625,1309.699951171875,1311.3499755859375,76621
2024-12-05 10:05:00+05:30,1308.8499755859375,1311.1500244140625,1308.6500244140625,1309.949951171875,54379
2024-12-05 10:10:00+05:30,1307.699951171875,1310.300048828125,1307.699951171875,1309.0999755859375,93052
2024-12-05 10:15:00+05:30,1307.5999755859375,1309.0999755859375,1306.449951171875,1307.9000244140625,151929
2024-12-05 10:20:00+05:30,1311.0,1311.449951171875,1307.800048828125,1307.949951171875,94552
2024-12-05 10:25:00+05:30,1310.75,1311.3499755859375,1309.1500244140625,1311.0,118826
2024-12-05 10:30:00+05:30,1310.6500244140625,1311.25,1309.5,1310.949951171875,43667
2024-12-05 10:35:00+05:30,1311.75,1311.75,1310.550048828125,1310.6500244140625,79294
2024-12-05 10:40:00+05:30,1312.1500244140625,1312.9000244140625,1311.0,1311.75,86571
2024-12-05 10:45:00+05:30,1313.699951171875,1313.949951171875,1310.5,1312.199951171875,88402
2024-12-05 10:50:00+05:30,1313.5999755859375,1314.949951171875,1313.050048828125,1313.300048828125,139873
2024-12-05 10:55:00+05:30,1309.3499755859375,1313.449951171875,1306.449951171875,1313.449951171875,224196
2024-12-05 11:00:00+05:30,1311.5,1311.8499755859375,1308.449951171875,1309.300048828125,129991
2024-12-05 11:05:00+05:30,1310.0,1311.75,1309.5,1311.300048828125,55320
2024-12-05 11:10:00+05:30,1310.699951171875,1311.5,1309.5,1310.0,81294
2024-12-05 11:15:00+05:30,1310.0,1311.3499755859375,1310.0,1310.5,88077
2024-12-05 11:20:00+05:30,1309.0,1310.800048828125,1308.550048828125,1310.4000244140625,56341
2024-12-05 11:25:00+05:30,1309.5999755859375,1310.199951171875,1308.550048828125,1309.0,39186
2024-12-05 11:30:00+05:30,1308.199951171875,1310.0,1308.0,1309.9000244140625,51547
2024-12-05 11:35:00+05:30,1308.0,1309.050048828125,1307.5,1308.199951171875,41193
2024-12-05 11:40:00+05:30,1309.300048828125,1309.75,1307.1500244140625,1308.199951171875,38933
2024-12-05 11:45:00+05:30,1309.8499755859375,1310.5,1309.0,1309.75,40089
2024-12-05 11:50:00+05:30,1311.6500244140625,1311.949951171875,1309.0,1309.8499755859375,93529
2024-12-05 11:55:00+05:30,1311.949951171875,1311.949951171875,1311.0999755859375,1311.699951171875,59211
2024-12-05 12:00:00+05:30,1313.699951171875,1314.1500244140625,1311.3499755859375,1311.949951171875,114866
2024-12-05 12:05:00+05:30,1317.75,1319.449951171875,1313.5,1313.5,552732
2024-12-05 12:10:00+05:30,1321.050048828125,1322.8499755859375,1317.25,1317.6500244140625,581165
2024-12-05 12:15:00+05:30,1323.6500244140625,1324.6500244140625,1321.25,1321.550048828125,378622
2024-12-05 12:20:00+05:30,1321.3499755859375,1323.949951171875,1320.1500244140625,1323.699951171875,292641
2024-12-05 12:25:00+05:30,1321.75,1322.8499755859375,1320.3499755859375,1321.3499755859375,161777
2024-12-05 12:30:00+05:30,1320.5999755859375,1322.699951171875,1320.5,1321.8499755859375,96336
2024-12-05 12:35:00+05:30,1319.4000244140625,1321.8499755859375,1319.0999755859375,1321.0,120540
2024-12-05 12:40:00+05:30,1320.5,1321.0,1318.75,1319.800048828125,99145
2024-12-05 12:45:00+05:30,1319.949951171875,1321.0,1318.4000244140625,1320.5,81328
2024-12-05 12:50:00+05:30,1319.0,1320.75,1318.199951171875,1319.75,75692
2024-12-05 12:55:00+05:30,1319.4000244140625,1319.949951171875,1318.5,1319.199951171875,54607
2024-12-05 13:00:00+05:30,1319.199951171875,1319.75,1318.199951171875,1319.5,54393
2024-12-05 13:05:00+05:30,1318.699951171875,1319.4000244140625,1318.300048828125,1318.949951171875,53393
2024-12-05 13:10:00+05:30,1321.4000244140625,1321.6500244140625,1318.050048828125,1318.699951171875,127352
2024-12-05 13:15:00+05:30,1320.6500244140625,1322.3499755859375,1320.5,1321.5,147756
2024-12-05 13:20:00+05:30,1319.5999755859375,1320.800048828125,1319.0999755859375,1320.6500244140625,90665
2024-12-05 13:25:00+05:30,1316.9000244140625,1319.5999755859375,1316.550048828125,1319.5999755859375,185619
2024-12-05 13:30:00+05:30,1319.550048828125,1320.6500244140625,1317.0,1317.199951171875,174038
2024-12-05 13:35:00+05:30,1320.300048828125,1321.0,1318.050048828125,1319.199951171875,151071
2024-12-05 13:40:00+05:30,1321.0,1322.949951171875,1320.25,1320.75,249104
2024-12-05 13:45:00+05:30,1321.75,1321.9000244140625,1319.949951171875,1320.949951171875,117481
2024-12-05 13:50:00+05:30,1321.0999755859375,1321.9000244140625,1320.199951171875,1321.800048828125,78177
2024-12-05 13:55:00+05:30,1322.050048828125,1323.0,1320.5,1321.199951171875,106450
2024-12-05 14:00:00+05:30,1320.449951171875,1322.6500244140625,1320.449951171875,1322.5,105770
2024-12-05 14:05:00+05:30,1320.25,1321.6500244140625,1320.0,1320.800048828125,83278
2024-12-05 14:10:00+05:30,1323.300048828125,1325.550048828125,1320.0999755859375,1320.25,557349
2024-12-05 14:15:00+05:30,1325.3499755859375,1325.6500244140625,1323.25,1323.25,375220
2024-12-05 14:20:00+05:30,1324.449951171875,1325.75,1324.0,1325.0999755859375,253734
2024-12-05 14:25:00+05:30,1327.5,1328.0,1323.050048828125,1324.0999755859375,430146
2024-12-05 14:30:00+05:30,1329.0999755859375,1329.800048828125,1326.300048828125,1327.9000244140625,537914
2024-12-05 14:35:00+05:30,1327.1500244140625,1329.9000244140625,1326.9000244140625,1329.3499755859375,370609
2024-12-05 14:40:00+05:30,1328.5,1329.0,1324.25,1327.199951171875,573636
2024-12-05 14:45:00+05:30,1328.699951171875,1329.949951171875,1327.550048828125,1327.9000244140625,379546
2024-12-05 14:50:00+05:30,1319.300048828125,1328.800048828125,1319.300048828125,1328.5,743304
2024-12-05 14:55:00+05:30,1314.449951171875,1320.6500244140625,1312.199951171875,1319.300048828125,979590
2024-12-05 15:00:00+05:30,1319.949951171875,1320.300048828125,1313.4000244140625,1314.25,524007
2024-12-05 15:05:00+05:30,1323.6500244140625,1325.0,1318.4000244140625,1320.0999755859375,721973
2024-12-05 15:10:00+05:30,1323.4000244140625,1325.5,1322.300048828125,1324.1500244140625,773373
2024-12-05 15:15:00+05:30,1322.1500244140625,1325.0999755859375,1321.0999755859375,1323.4000244140625,571423
2024-12-05 15:20:00+05:30,1321.449951171875,1323.0,1320.5,1322.199951171875,370820
2024-12-05 15:25:00+05:30,1320.5,1322.1500244140625,1320.050048828125,1321.0999755859375,208878
2024-12-06 09:15:00+05:30,1317.0,1322.75,1316.25,1322.199951171875,0
2024-12-06 09:20:00+05:30,1316.300048828125,1318.8499755859375,1316.300048828125,1317.0,149154
2024-12-06 09:25:00+05:30,1317.4000244140625,1319.0,1315.6500244140625,1316.300048828125,109346
2024-12-06 09:30:00+05:30,1316.0,1317.300048828125,1315.050048828125,1317.300048828125,115204
2024-12-06 09:35:00+05:30,1318.0,1318.0,1315.8499755859375,1316.0,74011
2024-12-06 09:40:00+05:30,1319.1500244140625,1319.5,1317.050048828125,1318.0,78597
2024-12-06 09:45:00+05:30,1318.050048828125,1319.3499755859375,1318.0,1319.0999755859375,64467
2024-12-06 09:50:00+05:30,1317.5,1318.3499755859375,1317.25,1318.25,80525
2024-12-06 09:55:00+05:30,1316.0999755859375,1317.550048828125,1315.25,1317.5,104131
2024-12-06 10:00:00+05:30,1318.0999755859375,1319.1500244140625,1315.5,1316.4000244140625,105495
2024-12-06 10:05:00+05:30,1315.550048828125,1318.199951171875,1314.300048828125,1318.0999755859375,161815
2024-12-06 10:10:00+05:30,1315.75,1317.699951171875,1315.0,1315.550048828125,105786
2024-12-06 10:15:00+05:30,1314.75,1316.1500244140625,1314.1500244140625,1315.8499755859375,93496
2024-12-06 10:20:00+05:30,1316.0,1317.4000244140625,1314.5,1314.699951171875,147727
2024-12-06 10:25:00+05:30,1315.4000244140625,1317.0,1315.1500244140625,1316.0,95762
2024-12-06 10:30:00+05:30,1315.0999755859375,1315.6500244140625,1314.300048828125,1315.25,86782
2024-12-06 10:35:00+05:30,1315.0999755859375,1316.0999755859375,1315.0,1315.050048828125,48618
2024-12-06 10:40:00+05:30,1317.0,1317.0999755859375,1315.050048828125,1315.0999755859375,67434
2024-12-06 10:45:00+05:30,1316.5,1317.4000244140625,1315.6500244140625,1317.0,150039
2024-12-06 10:50:00+05:30,1318.1500244140625,1319.3499755859375,1316.6500244140625,1316.800048828125,95614
2024-12-06 10:55:00+05:30,1317.8499755859375,1318.3499755859375,1317.5999755859375,1318.199951171875,35320
2024-12-06 11:00:00+05:30,1318.300048828125,1319.199951171875,1317.5999755859375,1317.8499755859375,72312
2024-12-06 11:05:00+05:30,1319.1500244140625,1320.699951171875,1318.199951171875,1318.25,109771
2024-12-06 11:10:00+05:30,1317.3499755859375,1319.050048828125,1317.0999755859375,1319.050048828125,48394
2024-12-06 11:15:00+05:30,1316.800048828125,1317.4000244140625,1316.0999755859375,1317.4000244140625,133593
2024-12-06 11:20:00+05:30,1316.800048828125,1317.699951171875,1316.199951171875,1316.6500244140625,109304
2024-12-06 11:25:00+05:30,1316.4000244140625,1317.75,1316.050048828125,1316.800048828125,73699
2024-12-06 11:30:00+05:30,1316.1500244140625,1317.0,1315.0,1316.4000244140625,102928
2024-12-06 11:35:00+05:30,1315.3499755859375,1316.8499755859375,1315.199951171875,1316.0999755859375,130957
2024-12-06 11:40:00+05:30,1315.5,1315.5,1314.0,1315.3499755859375,115927
2024-12-06 11:45:00+05:30,1315.550048828125,1316.300048828125,1315.050048828125,1315.5,114586
2024-12-06 11:50:00+05:30,1316.4000244140625,1317.25,1315.449951171875,1315.449951171875,86941
2024-12-06 11:55:00+05:30,1316.5,1317.449951171875,1315.699951171875,1316.4000244140625,56968
2024-12-06 12:00:00+05:30,1317.0,1317.1500244140625,1315.800048828125,1316.5,95403
2024-12-06 12:05:00+05:30,1317.0,1317.199951171875,1316.1500244140625,1317.050048828125,74928
2024-12-06 12:10:00+05:30,1316.0999755859375,1317.0,1315.0999755859375,1316.949951171875,48931
2024-12-06 12:15:00+05:30,1315.0999755859375,1316.0999755859375,1315.0,1316.0999755859375,67626
2024-12-06 12:20:00+05:30,1316.699951171875,1316.800048828125,1315.0,1315.0999755859375,41771
2024-12-06 12:25:00+05:30,1316.5,1316.800048828125,1316.0,1316.699951171875,33657
2024-12-06 12:30:00+05:30,1316.25,1316.800048828125,1316.0,1316.5,25015
2024-12-06 12:35:00+05:30,1316.4000244140625,1317.0,1316.25,1316.25,38969
2024-12-06 12:40:00+05:30,1317.300048828125,1318.199951171875,1316.25,1316.4000244140625,63145
2024-12-06 12:45:00+05:30,1317.6500244140625,1318.0,1317.050048828125,1317.6500244140625,35572
2024-12-06 12:50:00+05:30,1317.8499755859375,1318.0999755859375,1317.550048828125,1317.9000244140625,19990
2024-12-06 12:55:00+05:30,1315.949951171875,1317.8499755859375,1315.550048828125,1317.8499755859375,109433
2024-12-06 13:00:00+05:30,1315.550048828125,1316.4000244140625,1315.25,1315.949951171875,96045
2024-12-06 13:05:00+05:30,1315.1500244140625,1316.0,1315.0999755859375,1315.550048828125,55925
2024-12-06 13:10:00+05:30,1315.5,1315.8499755859375,1315.0999755859375,1315.0999755859375,48558
2024-12-06 13:15:00+05:30,1314.949951171875,1315.9000244140625,1314.5,1315.5999755859375,98013
2024-12-06 13:20:00+05:30,1314.25,1315.300048828125,1314.1500244140625,1314.949951171875,104891
2024-12-06 13:25:00+05:30,1313.3499755859375,1314.5,1313.0999755859375,1314.25,118696
2024-12-06 13:30:00+05:30,1312.9000244140625,1314.050048828125,1312.4000244140625,1313.3499755859375,97153
2024-12-06 13:35:00+05:30,1311.6500244140625,1313.0,1311.0,1312.9000244140625,127933
2024-12-06 13:40:00+05:30,1312.5999755859375,1313.5,1311.0,1311.5999755859375,128004
2024-12-06 13:45:00+05:30,1312.5,1313.3499755859375,1312.050048828125,1312.699951171875,51331
2024-12-06 13:50:00+05:30,1311.5,1312.8499755859375,1311.199951171875,1312.5,65661
2024-12-06 13:55:00+05:30,1312.0,1312.800048828125,1311.300048828125,1311.5,64850
2024-12-06 14:00:00+05:30,1312.75,1313.0,1311.5,1311.949951171875,67656
2024-12-06 14:05:00+05:30,1313.9000244140625,1314.0,1311.5,1312.75,99864
2024-12-06 14:10:00+05:30,1312.8499755859375,1313.9000244140625,1312.3499755859375,1313.5999755859375,73978
2024-12-06 14:15:00+05:30,1312.25,1313.449951171875,1311.5999755859375,1313.199951171875,65114
2024-12-06 14:20:00+05:30,1312.0999755859375,1312.800048828125,1310.6500244140625,1312.25,111645
2024-12-06 14:25:00+05:30,1311.75,1312.5999755859375,1311.5999755859375,1312.0999755859375,105579
2024-12-06 14:30:00+05:30,1310.5,1312.300048828125,1310.0,1311.75,149671
2024-12-06 14:35:00+05:30,1312.5999755859375,1312.699951171875,1310.25,1310.699951171875,87901
2024-12-06 14:40:00+05:30,1313.5,1313.5,1312.25,1312.6500244140625,92378
2024-12-06 14:45:00+05:30,1313.9000244140625,1314.9000244140625,1313.0,1313.5,122483
2024-12-06 14:50:00+05:30,1313.800048828125,1314.800048828125,1313.0999755859375,1313.8499755859375,236881
2024-12-06 14:55:00+05:30,1311.800048828125,1314.4000244140625,1311.75,1313.699951171875,117376
2024-12-06 15:00:00+05:30,1311.050048828125,1313.25,1310.800048828125,1311.800048828125,427557
2024-12-06 15:05:00+05:30,1311.550048828125,1312.199951171875,1310.5,1311.050048828125,577142
2024-12-06 15:10:00+05:30,1312.050048828125,1313.800048828125,1311.6500244140625,1311.6500244140625,331055
2024-12-06 15:15:00+05:30,1311.75,1312.8499755859375,1311.0,1312.050048828125,438769
2024-12-06 15:20:00+05:30,1311.0,1312.0,1310.75,1312.0,356438
2024-12-06 15:25:00+05:30,1311.550048828125,1311.949951171875,1310.8499755859375,1311.0,319559
2024-12-09 09:15:00+05:30,1310.199951171875,1310.8499755859375,1304.300048828125,1305.699951171875,0
2024-12-09 09:20:00+05:30,1313.5999755859375,1313.949951171875,1309.0999755859375,1310.0999755859375,428096
2024-12-09 09:25:00+05:30,1311.050048828125,1315.0,1311.0,1313.6500244140625,294382
2024-12-09 09:30:00+05:30,1310.3499755859375,1313.25,1309.4000244140625,1311.050048828125,280916
2024-12-09 09:35:00+05:30,1311.1500244140625,1311.3499755859375,1309.300048828125,1310.1500244140625,198310
2024-12-09 09:40:00+05:30,1312.0,1313.75,1310.449951171875,1311.1500244140625,226665
2024-12-09 09:45:00+05:30,1311.4000244140625,1314.449951171875,1311.1500244140625,1312.0,228806
2024-12-09 09:50:00+05:30,1309.949951171875,1311.4000244140625,1309.4000244140625,1311.4000244140625,236484
2024-12-09 09:55:00+05:30,1309.8499755859375,1310.699951171875,1309.199951171875,1310.0,154954
2024-12-09 10:00:00+05:30,1309.5,1310.0999755859375,1308.5,1309.6500244140625,180788
2024-12-09 10:05:00+05:30,1308.050048828125,1309.6500244140625,1307.949951171875,1309.6500244140625,134936
2024-12-09 10:10:00+05:30,1307.0,1308.050048828125,1307.0,1308.0,156579
2024-12-09 10:15:00+05:30,1307.8499755859375,1309.050048828125,1307.050048828125,1307.199951171875,177803
2024-12-09 10:20:00+05:30,1310.0999755859375,1310.199951171875,1307.5,1307.8499755859375,178021
2024-12-09 10:25:00+05:30,1309.300048828125,1310.199951171875,1308.449951171875,1310.0999755859375,144499
2024-12-09 10:30:00+05:30,1308.5999755859375,1309.9000244140625,1308.5,1309.25,156876
2024-12-09 10:35:00+05:30,1308.75,1309.75,1308.5999755859375,1308.5999755859375,123503
2024-12-09 10:40:00+05:30,1308.199951171875,1309.699951171875,1308.1500244140625,1308.949951171875,132502
2024-12-09 10:45:00+05:30,1309.9000244140625,1310.949951171875,1308.1500244140625,1308.199951171875,196994
2024-12-09 10:50:00+05:30,1309.0,1310.699951171875,1308.6500244140625,1309.8499755859375,138337
2024-12-09 10:55:00+05:30,1308.199951171875,1309.699951171875,1307.699951171875,1309.0,235683
2024-12-09 11:00:00+05:30,1307.8499755859375,1309.1500244140625,1307.699951171875,1308.199951171875,189911
2024-12-09 11:05:00+05:30,1307.5999755859375,1308.949951171875,1307.5,1307.8499755859375,117523
2024-12-09 11:10:00+05:30,1307.949951171875,1308.0,1306.6500244140625,1307.5999755859375,212989
2024-12-09 11:15:00+05:30,1306.550048828125,1307.949951171875,1306.25,1307.949951171875,146436
2024-12-09 11:20:00+05:30,1307.4000244140625,1308.0,1306.5,1306.5999755859375,187781
2024-12-09 11:25:00+05:30,1309.5999755859375,1309.5999755859375,1307.199951171875,1307.4000244140625,155140
2024-12-09 11:30:00+05:30,1309.699951171875,1310.0,1308.3499755859375,1309.550048828125,179863
2024-12-09 11:35:00+05:30,1308.8499755859375,1309.75,1308.6500244140625,1309.6500244140625,57279
2024-12-09 11:40:00+05:30,1309.5999755859375,1309.5999755859375,1308.050048828125,1308.75,162715
2024-12-09 11:45:00+05:30,1308.25,1310.050048828125,1308.050048828125,1309.5999755859375,76571
2024-12-09 11:50:00+05:30,1308.550048828125,1308.699951171875,1307.5999755859375,1308.25,118365
2024-12-09 11:55:00+05:30,1309.199951171875,1310.0,1308.3499755859375,1308.550048828125,110107
2024-12-09 12:00:00+05:30,1308.6500244140625,1309.75,1308.449951171875,1309.4000244140625,125228
2024-12-09 12:05:00+05:30,1308.5999755859375,1309.3499755859375,1308.0999755859375,1308.699951171875,105818
2024-12-09 12:10:00+05:30,1309.6500244140625,1309.75,1308.199951171875,1308.6500244140625,88221
2024-12-09 12:15:00+05:30,1309.550048828125,1311.3499755859375,1309.050048828125,1309.5,157369
2024-12-09 12:20:00+05:30,1308.5999755859375,1309.550048828125,1308.5,1309.550048828125,78979
2024-12-09 12:25:00+05:30,1308.300048828125,1308.5999755859375,1308.1500244140625,1308.5999755859375,108894
2024-12-09 12:30:00+05:30,1307.050048828125,1308.449951171875,1306.6500244140625,1308.300048828125,120131
2024-12-09 12:35:00+05:30,1306.550048828125,1307.0,1305.199951171875,1307.0,143769
2024-12-09 12:40:00+05:30,1305.6500244140625,1306.5,1305.25,1306.5,74976
2024-12-09 12:45:00+05:30,1305.699951171875,1306.5999755859375,1305.300048828125,1305.6500244140625,75298
2024-12-09 12:50:00+05:30,1305.5,1306.550048828125,1305.199951171875,1305.699951171875,86751
2024-12-09 12:55:00+05:30,1305.5,1306.0999755859375,1305.0,1305.5,92032
2024-12-09 13:00:00+05:30,1304.550048828125,1305.5999755859375,1304.550048828125,1305.5,196047
2024-12-09 13:05:00+05:30,1305.050048828125,1305.6500244140625,1304.5,1304.6500244140625,111209
2024-12-09 13:10:00+05:30,1305.3499755859375,1305.6500244140625,1304.5999755859375,1305.0999755859375,106766
2024-12-09 13:15:00+05:30,1305.25,1305.6500244140625,1305.0,1305.3499755859375,86386
2024-12-09 13:20:00+05:30,1304.6500244140625,1305.3499755859375,1304.550048828125,1305.1500244140625,80472
2024-12-09 13:25:00+05:30,1303.5999755859375,1305.449951171875,1303.5,1304.699951171875,143977
2024-12-09 13:30:00+05:30,1303.5999755859375,1304.550048828125,1303.0999755859375,1303.5999755859375,126384
2024-12-09 13:35:00+05:30,1302.1500244140625,1303.75,1301.699951171875,1303.6500244140625,195243
2024-12-09 13:40:00+05:30,1302.4000244140625,1302.949951171875,1301.699951171875,1302.1500244140625,126840
2024-12-09 13:45:00+05:30,1301.199951171875,1302.550048828125,1301.0999755859375,1302.300048828125,165814
2024-12-09 13:50:00+05:30,1301.9000244140625,1302.0,1301.050048828125,1301.0999755859375,133456
2024-12-09 13:55:00+05:30,1301.300048828125,1302.199951171875,1301.0999755859375,1302.0,151351
2024-12-09 14:00:00+05:30,1300.75,1301.300048828125,1300.4000244140625,1301.25,188978
2024-12-09 14:05:00+05:30,1301.5,1301.5,1300.050048828125,1300.800048828125,162637
2024-12-09 14:10:00+05:30,1298.75,1301.5,1298.75,1301.5,286211
2024-12-09 14:15:00+05:30,1298.25,1299.0,1297.5,1299.0,192181
2024-12-09 14:20:00+05:30,1298.0,1298.25,1297.0,1298.25,136852
2024-12-09 14:25:00+05:30,1297.5,1298.4000244140625,1297.300048828125,1298.050048828125,114067
2024-12-09 14:30:00+05:30,1298.5999755859375,1298.75,1297.050048828125,1297.550048828125,135132
2024-12-09 14:35:00+05:30,1297.1500244140625,1298.800048828125,1297.050048828125,1298.550048828125,168455
2024-12-09 14:40:00+05:30,1297.6500244140625,1298.300048828125,1296.050048828125,1297.050048828125,183602
2024-12-09 14:45:00+05:30,1299.1500244140625,1300.5999755859375,1297.300048828125,1297.75,188165
2024-12-09 14:50:00+05:30,1296.9000244140625,1299.050048828125,1295.300048828125,1299.050048828125,221876
2024-12-09 14:55:00+05:30,1295.75,1296.9000244140625,1295.6500244140625,1296.800048828125,130587
2024-12-09 15:00:00+05:30,1294.75,1295.75,1294.0,1295.699951171875,537855
2024-12-09 15:05:00+05:30,1295.8499755859375,1296.0,1294.699951171875,1294.75,431575
2024-12-09 15:10:00+05:30,1293.550048828125,1295.8499755859375,1293.550048828125,1295.8499755859375,454397
2024-12-09 15:15:00+05:30,1296.0,1296.050048828125,1293.3499755859375,1293.550048828125,565883
2024-12-09 15:20:00+05:30,1296.6500244140625,1296.800048828125,1295.4000244140625,1296.050048828125,463883
2024-12-09 15:25:00+05:30,1296.5,1296.9000244140625,1295.800048828125,1296.6500244140625,416658
2024-12-10 09:15:00+05:30,1292.5,1294.25,1289.300048828125,1289.300048828125,0
2024-12-10 09:20:00+05:30,1291.0,1294.9000244140625,1291.0,1292.25,465651
2024-12-10 09:25:00+05:30,1288.1500244140625,1292.25,1288.0,1290.800048828125,370453
2024-12-10 09:30:00+05:30,1290.8499755859375,1291.699951171875,1288.050048828125,1288.4000244140625,279820
2024-12-10 09:35:00+05:30,1290.449951171875,1291.199951171875,1289.699951171875,1290.9000244140625,229157
2024-12-10 09:40:00+05:30,1290.5999755859375,1290.6500244140625,1288.800048828125,1290.300048828125,197361
2024-12-10 09:45:00+05:30,1289.300048828125,1290.949951171875,1289.199951171875,1290.25,157553
2024-12-10 09:50:00+05:30,1290.1500244140625,1290.199951171875,1288.699951171875,1289.300048828125,183381
2024-12-10 09:55:00+05:30,1290.699951171875,1291.300048828125,1289.5,1290.1500244140625,188225
2024-12-10 10:00:00+05:30,1289.75,1291.550048828125,1289.300048828125,1290.9000244140625,164115
2024-12-10 10:05:00+05:30,1289.300048828125,1289.949951171875,1289.0,1289.9000244140625,147355
2024-12-10 10:10:00+05:30,1288.5,1289.300048828125,1288.199951171875,1289.25,174631
2024-12-10 10:15:00+05:30,1289.9000244140625,1289.949951171875,1288.0999755859375,1288.5,184237
2024-12-10 10:20:00+05:30,1287.6500244140625,1290.199951171875,1287.4000244140625,1289.9000244140625,178704
2024-12-10 10:25:00+05:30,1288.449951171875,1288.5999755859375,1287.6500244140625,1287.6500244140625,137370
2024-12-10 10:30:00+05:30,1287.25,1288.550048828125,1287.0,1288.5,147178
2024-12-10 10:35:00+05:30,1286.8499755859375,1287.9000244140625,1286.6500244140625,1287.199951171875,194465
2024-12-10 10:40:00+05:30,1286.050048828125,1287.5,1286.0,1286.8499755859375,142517
2024-12-10 10:45:00+05:30,1288.550048828125,1288.550048828125,1285.5999755859375,1286.050048828125,225903
2024-12-10 10:50:00+05:30,1288.0999755859375,1288.550048828125,1287.550048828125,1288.300048828125,120829
2024-12-10 10:55:00+05:30,1288.4000244140625,1288.449951171875,1287.6500244140625,1288.050048828125,174238
2024-12-10 11:00:00+05:30,1288.050048828125,1289.1500244140625,1288.0,1288.3499755859375,89599
2024-12-10 11:05:00+05:30,1288.5,1288.6500244140625,1288.0,1288.050048828125,96821
2024-12-10 11:10:00+05:30,1289.4000244140625,1289.5,1287.699951171875,1288.550048828125,227554
2024-12-10 11:15:00+05:30,1290.199951171875,1290.5,1289.449951171875,1289.449951171875,190761
2024-12-10 11:20:00+05:30,1289.1500244140625,1290.199951171875,1289.0999755859375,1290.199951171875,98669
2024-12-10 11:25:00+05:30,1290.050048828125,1290.050048828125,1289.0,1289.3499755859375,112965
2024-12-10 11:30:00+05:30,1291.8499755859375,1291.8499755859375,1290.0,1290.050048828125,136970
2024-12-10 11:35:00+05:30,1291.0999755859375,1291.9000244140625,1290.0,1291.6500244140625,92767
2024-12-10 11:40:00+05:30,1292.8499755859375,1293.3499755859375,1291.0,1291.050048828125,148408
2024-12-10 11:45:00+05:30,1290.1500244140625,1293.0,1290.0,1292.800048828125,106815
2024-12-10 11:50:00+05:30,1289.300048828125,1290.4000244140625,1289.300048828125,1290.1500244140625,105252
2024-12-10 11:55:00+05:30,1288.6500244140625,1289.5,1288.5,1289.4000244140625,139966
2024-12-10 12:00:00+05:30,1290.0999755859375,1290.199951171875,1288.300048828125,1288.6500244140625,144495
2024-12-10 12:05:00+05:30,1291.050048828125,1291.800048828125,1290.0999755859375,1290.0999755859375,187921
2024-12-10 12:10:00+05:30,1288.449951171875,1291.050048828125,1288.4000244140625,1291.0,117460
2024-12-10 12:15:00+05:30,1286.699951171875,1288.449951171875,1286.0,1288.4000244140625,190464
2024-12-10 12:20:00+05:30,1285.6500244140625,1286.699951171875,1285.0,1286.6500244140625,292681
2024-12-10 12:25:00+05:30,1285.550048828125,1286.0,1285.25,1285.6500244140625,106099
2024-12-10 12:30:00+05:30,1284.199951171875,1285.5999755859375,1284.0999755859375,1285.550048828125,213583
2024-12-10 12:35:00+05:30,1283.75,1284.5,1283.0,1284.199951171875,220045
2024-12-10 12:40:00+05:30,1283.25,1283.9000244140625,1281.699951171875,1283.699951171875,292953
2024-12-10 12:45:00+05:30,1283.1500244140625,1284.25,1282.699951171875,1283.25,165417
2024-12-10 12:50:00+05:30,1283.4000244140625,1283.5999755859375,1282.5,1283.199951171875,164435
2024-12-10 12:55:00+05:30,1284.4000244140625,1284.8499755859375,1283.050048828125,1283.1500244140625,136113
2024-12-10 13:00:00+05:30,1284.0999755859375,1284.5999755859375,1283.050048828125,1284.5,119616
2024-12-10 13:05:00+05:30,1282.75,1284.3499755859375,1282.75,1284.0999755859375,94458
2024-12-10 13:10:00+05:30,1282.199951171875,1282.949951171875,1282.050048828125,1282.699951171875,141081
2024-12-10 13:15:00+05:30,1280.800048828125,1282.25,1280.800048828125,1282.199951171875,204724
2024-12-10 13:20:00+05:30,1281.9000244140625,1281.9000244140625,1280.8499755859375,1280.9000244140625,139194
2024-12-10 13:25:00+05:30,1282.199951171875,1283.4000244140625,1281.699951171875,1281.8499755859375,163646
2024-12-10 13:30:00+05:30,1283.25,1285.050048828125,1281.8499755859375,1282.0999755859375,164826
2024-12-10 13:35:00+05:30,1282.25,1285.8499755859375,1282.0,1283.25,185954
2024-12-10 13:40:00+05:30,1281.199951171875,1282.5,1281.1500244140625,1282.4000244140625,174280
2024-12-10 13:45:00+05:30,1280.699951171875,1281.9000244140625,1280.25,1281.199951171875,152193
2024-12-10 13:50:00+05:30,1281.6500244140625,1281.75,1280.5,1280.6500244140625,111348
2024-12-10 13:55:00+05:30,1281.5999755859375,1282.050048828125,1281.050048828125,1281.5999755859375,106008
2024-12-10 14:00:00+05:30,1281.449951171875,1281.550048828125,1280.699951171875,1281.550048828125,118115
2024-12-10 14:05:00+05:30,1282.199951171875,1282.300048828125,1281.449951171875,1281.449951171875,116959
2024-12-10 14:10:00+05:30,1282.0,1282.449951171875,1281.5,1282.1500244140625,111912
2024-12-10 14:15:00+05:30,1281.800048828125,1282.050048828125,1281.550048828125,1281.949951171875,132742
2024-12-10 14:20:00+05:30,1281.4000244140625,1281.8499755859375,1281.199951171875,1281.6500244140625,131063
2024-12-10 14:25:00+05:30,1283.300048828125,1283.300048828125,1281.050048828125,1281.4000244140625,182249
2024-12-10 14:30:00+05:30,1281.050048828125,1283.300048828125,1281.0,1283.25,185482
2024-12-10 14:35:00+05:30,1281.199951171875,1281.9000244140625,1281.0,1281.0999755859375,121487
2024-12-10 14:40:00+05:30,1281.449951171875,1282.050048828125,1281.199951171875,1281.199951171875,119445
2024-12-10 14:45:00+05:30,1281.5999755859375,1281.949951171875,1281.199951171875,1281.449951171875,145838
2024-12-10 14:50:00+05:30,1282.050048828125,1282.75,1281.3499755859375,1281.699951171875,240190
2024-12-10 14:55:00+05:30,1282.449951171875,1282.699951171875,1281.949951171875,1282.0,162331
2024-12-10 15:00:00+05:30,1283.9000244140625,1284.949951171875,1282.4000244140625,1282.5,724030
2024-12-10 15:05:00+05:30,1286.6500244140625,1286.6500244140625,1283.9000244140625,1283.949951171875,648103
2024-12-10 15:10:00+05:30,1284.8499755859375,1287.050048828125,1284.1500244140625,1287.050048828125,519174
2024-12-10 15:15:00+05:30,1284.699951171875,1285.1500244140625,1284.0,1284.800048828125,512556
2024-12-10 15:20:00+05:30,1284.9000244140625,1284.9000244140625,1284.050048828125,1284.6500244140625,500005
2024-12-10 15:25:00+05:30,1285.949951171875,1286.199951171875,1284.699951171875,1284.8499755859375,417797
2024-12-11 09:15:00+05:30,1287.6500244140625,1289.6500244140625,1286.050048828125,1287.699951171875,0
2024-12-11 09:20:00+05:30,1289.5999755859375,1290.0,1286.4000244140625,1287.25,177438
2024-12-11 09:25:00+05:30,1288.1500244140625,1289.699951171875,1287.550048828125,1289.699951171875,133209
2024-12-11 09:30:00+05:30,1288.6500244140625,1289.5,1287.050048828125,1288.4000244140625,125068
2024-12-11 09:35:00+05:30,1286.949951171875,1288.800048828125,1286.6500244140625,1288.699951171875,119857
2024-12-11 09:40:00+05:30,1285.4000244140625,1287.300048828125,1284.4000244140625,1286.800048828125,193513
2024-12-11 09:45:00+05:30,1284.9000244140625,1285.6500244140625,1284.0999755859375,1285.199951171875,131100
2024-12-11 09:50:00+05:30,1283.699951171875,1284.9000244140625,1283.3499755859375,1284.9000244140625,161779
2024-12-11 09:55:00+05:30,1285.8499755859375,1286.0999755859375,1283.699951171875,1283.699951171875,137581
2024-12-11 10:00:00+05:30,1283.8499755859375,1286.25,1283.449951171875,1286.0,108569
2024-12-11 10:05:00+05:30,1283.8499755859375,1284.6500244140625,1283.050048828125,1283.9000244140625,103504
2024-12-11 10:10:00+05:30,1285.050048828125,1285.199951171875,1283.800048828125,1283.8499755859375,105153
2024-12-11 10:15:00+05:30,1281.300048828125,1286.25,1281.25,1285.0,193682
2024-12-11 10:20:00+05:30,1282.800048828125,1283.4000244140625,1281.0,1281.1500244140625,128154
2024-12-11 10:25:00+05:30,1283.6500244140625,1284.5,1283.0,1283.1500244140625,86935
2024-12-11 10:30:00+05:30,1283.9000244140625,1283.9000244140625,1281.5999755859375,1283.5999755859375,195435
2024-12-11 10:35:00+05:30,1282.8499755859375,1285.0,1282.8499755859375,1283.8499755859375,177544
2024-12-11 10:40:00+05:30,1284.6500244140625,1284.699951171875,1282.300048828125,1282.8499755859375,107962
2024-12-11 10:45:00+05:30,1284.449951171875,1285.5,1283.3499755859375,1284.25,156931
2024-12-11 10:50:00+05:30,1284.5,1285.050048828125,1284.0,1284.3499755859375,61345
2024-12-11 10:55:00+05:30,1283.5,1284.5,1283.5,1284.5,65092
2024-12-11 11:00:00+05:30,1283.25,1284.199951171875,1283.0999755859375,1284.050048828125,60295
2024-12-11 11:05:00+05:30,1283.800048828125,1283.8499755859375,1282.5999755859375,1283.1500244140625,78062
2024-12-11 11:10:00+05:30,1282.25,1284.4000244140625,1282.25,1283.550048828125,100341
2024-12-11 11:15:00+05:30,1283.300048828125,1283.5,1281.800048828125,1282.199951171875,219275
2024-12-11 11:20:00+05:30,1284.25,1285.0999755859375,1283.25,1283.25,101486
2024-12-11 11:25:00+05:30,1284.9000244140625,1285.4000244140625,1284.1500244140625,1284.4000244140625,141681
2024-12-11 11:30:00+05:30,1285.0,1285.0,1283.0,1284.9000244140625,149153
2024-12-11 11:35:00+05:30,1286.0999755859375,1286.949951171875,1284.949951171875,1284.949951171875,252663
2024-12-11 11:40:00+05:30,1286.25,1286.5,1285.75,1286.0999755859375,97309
2024-12-11 11:45:00+05:30,1285.9000244140625,1286.5,1285.6500244140625,1286.25,57850
2024-12-11 11:50:00+05:30,1286.0,1286.4000244140625,1285.050048828125,1285.800048828125,77578
2024-12-11 11:55:00+05:30,1286.0,1286.1500244140625,1285.0,1286.0,129044
2024-12-11 12:00:00+05:30,1286.199951171875,1286.800048828125,1285.0,1286.0,111115
2024-12-11 12:05:00+05:30,1285.050048828125,1287.949951171875,1284.949951171875,1286.199951171875,439998
2024-12-11 12:10:00+05:30,1283.9000244140625,1285.25,1283.800048828125,1285.25,168032
2024-12-11 12:15:00+05:30,1283.949951171875,1284.699951171875,1282.800048828125,1284.1500244140625,89068
2024-12-11 12:20:00+05:30,1283.449951171875,1284.4000244140625,1283.050048828125,1283.8499755859375,118151
2024-12-11 12:25:00+05:30,1283.1500244140625,1283.9000244140625,1283.050048828125,1283.6500244140625,53978
2024-12-11 12:30:00+05:30,1283.4000244140625,1284.0999755859375,1283.0999755859375,1283.1500244140625,65432
2024-12-11 12:35:00+05:30,1282.550048828125,1283.800048828125,1282.5,1283.4000244140625,67158
2024-12-11 12:40:00+05:30,1283.300048828125,1284.3499755859375,1282.0,1282.800048828125,123544
2024-12-11 12:45:00+05:30,1283.5999755859375,1283.949951171875,1281.5999755859375,1283.25,209321
2024-12-11 12:50:00+05:30,1283.1500244140625,1283.800048828125,1283.0,1283.75,89135
2024-12-11 12:55:00+05:30,1282.75,1283.1500244140625,1282.0,1283.0999755859375,114126
2024-12-11 13:00:00+05:30,1282.9000244140625,1283.199951171875,1282.0999755859375,1282.949951171875,60860
2024-12-11 13:05:00+05:30,1283.4000244140625,1283.449951171875,1282.5,1282.9000244140625,71427
2024-12-11 13:10:00+05:30,1283.199951171875,1284.0,1283.0,1283.4000244140625,57011
2024-12-11 13:15:00+05:30,1282.9000244140625,1283.6500244140625,1282.5,1283.199951171875,66462
2024-12-11 13:20:00+05:30,1282.949951171875,1283.25,1282.300048828125,1283.1500244140625,74567
2024-12-11 13:25:00+05:30,1283.6500244140625,1283.699951171875,1282.0999755859375,1282.699951171875,234392
2024-12-11 13:30:00+05:30,1282.8499755859375,1285.0,1282.75,1283.6500244140625,111775
2024-12-11 13:35:00+05:30,1281.75,1283.0999755859375,1281.0999755859375,1283.0999755859375,107974
2024-12-11 13:40:00+05:30,1280.949951171875,1281.75,1280.199951171875,1281.75,364765
2024-12-11 13:45:00+05:30,1283.4000244140625,1283.4000244140625,1280.9000244140625,1280.949951171875,121863
2024-12-11 13:50:00+05:30,1284.0999755859375,1284.5,1283.050048828125,1283.25,123592
2024-12-11 13:55:00+05:30,1281.4000244140625,1283.949951171875,1281.300048828125,1283.949951171875,122188
2024-12-11 14:00:00+05:30,1281.699951171875,1282.050048828125,1281.0,1281.699951171875,83754
2024-12-11 14:05:00+05:30,1281.5999755859375,1281.75,1281.0,1281.699951171875,69644
2024-12-11 14:10:00+05:30,1279.949951171875,1281.5999755859375,1279.449951171875,1281.199951171875,179683
2024-12-11 14:15:00+05:30,1280.1500244140625,1280.4000244140625,1279.75,1280.199951171875,123162
2024-12-11 14:20:00+05:30,1279.5,1280.199951171875,1278.75,1280.1500244140625,124823
2024-12-11 14:25:00+05:30,1279.199951171875,1279.9000244140625,1279.0,1279.5999755859375,88223
2024-12-11 14:30:00+05:30,1279.5,1279.5999755859375,1278.5999755859375,1279.199951171875,100621
2024-12-11 14:35:00+05:30,1279.800048828125,1280.449951171875,1279.0,1279.050048828125,128788
2024-12-11 14:40:00+05:30,1277.4000244140625,1279.800048828125,1276.8499755859375,1279.800048828125,169112
2024-12-11 14:45:00+05:30,1277.5999755859375,1277.9000244140625,1276.8499755859375,1277.0999755859375,129690
2024-12-11 14:50:00+05:30,1276.9000244140625,1277.5999755859375,1276.699951171875,1277.449951171875,147925
2024-12-11 14:55:00+05:30,1278.199951171875,1278.5,1276.3499755859375,1276.8499755859375,240056
2024-12-11 15:00:00+05:30,1278.699951171875,1279.300048828125,1278.0,1278.199951171875,358823
2024-12-11 15:05:00+05:30,1278.5,1278.800048828125,1277.5999755859375,1278.800048828125,429959
2024-12-11 15:10:00+05:30,1278.25,1278.75,1277.800048828125,1278.300048828125,350285
2024-12-11 15:15:00+05:30,1277.5,1278.75,1277.449951171875,1278.3499755859375,510669
2024-12-11 15:20:00+05:30,1278.6500244140625,1278.9000244140625,1277.0999755859375,1277.5,462114
2024-12-11 15:25:00+05:30,1279.0,1279.0,1278.0999755859375,1278.5999755859375,323790
2024-12-12 09:15:00+05:30,1274.5,1277.0,1274.25,1275.5999755859375,0
2024-12-12 09:20:00+05:30,1274.199951171875,1274.449951171875,1272.0999755859375,1274.449951171875,337827
2024-12-12 09:25:00+05:30,1277.5,1277.5,1273.5999755859375,1274.199951171875,211190
2024-12-12 09:30:00+05:30,1276.449951171875,1278.1500244140625,1276.3499755859375,1277.550048828125,152471
2024-12-12 09:35:00+05:30,1275.300048828125,1277.25,1275.0999755859375,1276.449951171875,113113
2024-12-12 09:40:00+05:30,1274.300048828125,1275.5,1273.5,1275.300048828125,130800
2024-12-12 09:45:00+05:30,1273.699951171875,1274.3499755859375,1272.5,1274.3499755859375,129048
2024-12-12 09:50:00+05:30,1273.8499755859375,1274.449951171875,1273.3499755859375,1273.699951171875,111369
2024-12-12 09:55:00+05:30,1274.4000244140625,1275.0,1272.699951171875,1273.800048828125,110701
2024-12-12 10:00:00+05:30,1272.9000244140625,1274.3499755859375,1272.9000244140625,1274.300048828125,92296
2024-12-12 10:05:00+05:30,1271.0,1272.9000244140625,1271.0,1272.9000244140625,198301
2024-12-12 10:10:00+05:30,1271.0999755859375,1272.449951171875,1271.0,1271.050048828125,142452
2024-12-12 10:15:00+05:30,1272.4000244140625,1273.0,1270.5999755859375,1271.050048828125,177184
2024-12-12 10:20:00+05:30,1271.25,1272.3499755859375,1271.0999755859375,1272.3499755859375,110990
2024-12-12 10:25:00+05:30,1270.6500244140625,1271.4000244140625,1270.0,1271.199951171875,185585
2024-12-12 10:30:00+05:30,1270.1500244140625,1271.199951171875,1269.5999755859375,1270.6500244140625,177038
2024-12-12 10:35:00+05:30,1269.3499755859375,1270.5,1268.800048828125,1270.1500244140625,191266
2024-12-12 10:40:00+05:30,1268.6500244140625,1269.449951171875,1268.25,1269.3499755859375,177736
2024-12-12 10:45:00+05:30,1270.0,1270.050048828125,1268.0999755859375,1268.6500244140625,103226
2024-12-12 10:50:00+05:30,1269.550048828125,1270.550048828125,1269.300048828125,1270.050048828125,209396
2024-12-12 10:55:00+05:30,1268.3499755859375,1270.0,1268.199951171875,1269.6500244140625,180527
2024-12-12 11:00:00+05:30,1268.550048828125,1268.699951171875,1267.6500244140625,1268.1500244140625,235787
2024-12-12 11:05:00+05:30,1267.300048828125,1268.699951171875,1266.800048828125,1268.5,246473
2024-12-12 11:10:00+05:30,1269.300048828125,1269.699951171875,1267.3499755859375,1267.3499755859375,191658
2024-12-12 11:15:00+05:30,1268.300048828125,1270.0,1268.0,1269.25,142738
2024-12-12 11:20:00+05:30,1268.1500244140625,1268.9000244140625,1268.0,1268.300048828125,130319
2024-12-12 11:25:00+05:30,1268.1500244140625,1269.0,1268.0999755859375,1268.0999755859375,117096
2024-12-12 11:30:00+05:30,1268.9000244140625,1269.1500244140625,1268.0,1268.1500244140625,122364
2024-12-12 11:35:00+05:30,1268.199951171875,1268.9000244140625,1268.0,1268.75,168946
2024-12-12 11:40:00+05:30,1268.949951171875,1269.4000244140625,1267.5,1268.1500244140625,98779
2024-12-12 11:45:00+05:30,1267.800048828125,1269.0,1267.550048828125,1268.949951171875,90170
2024-12-12 11:50:00+05:30,1268.1500244140625,1268.6500244140625,1266.800048828125,1267.8499755859375,145393
2024-12-12 11:55:00+05:30,1267.449951171875,1268.300048828125,1267.199951171875,1268.199951171875,112486
2024-12-12 12:00:00+05:30,1265.449951171875,1267.449951171875,1264.75,1267.449951171875,206062
2024-12-12 12:05:00+05:30,1265.5999755859375,1266.1500244140625,1263.800048828125,1265.550048828125,182097
2024-12-12 12:10:00+05:30,1262.949951171875,1265.6500244140625,1262.5999755859375,1265.5999755859375,124417
2024-12-12 12:15:00+05:30,1263.5,1264.25,1262.25,1263.0,119059
2024-12-12 12:20:00+05:30,1262.199951171875,1263.449951171875,1261.8499755859375,1263.449951171875,111841
2024-12-12 12:25:00+05:30,1262.9000244140625,1263.0,1261.0999755859375,1262.199951171875,96281
2024-12-12 12:30:00+05:30,1265.5,1266.0,1262.699951171875,1262.9000244140625,207033
2024-12-12 12:35:00+05:30,1265.1500244140625,1265.949951171875,1265.0,1265.9000244140625,88140
2024-12-12 12:40:00+05:30,1264.699951171875,1265.1500244140625,1263.5999755859375,1265.0999755859375,103224
2024-12-12 12:45:00+05:30,1264.4000244140625,1265.6500244140625,1264.0,1264.5999755859375,101114
2024-12-12 12:50:00+05:30,1265.3499755859375,1265.449951171875,1264.0,1264.4000244140625,95736
2024-12-12 12:55:00+05:30,1263.4000244140625,1265.550048828125,1263.0999755859375,1265.300048828125,122922
2024-12-12 13:00:00+05:30,1262.5999755859375,1263.6500244140625,1262.5,1263.5,101929
2024-12-12 13:05:00+05:30,1262.199951171875,1262.8499755859375,1261.5,1262.550048828125,130009
2024-12-12 13:10:00+05:30,1265.6500244140625,1269.800048828125,1261.5,1262.199951171875,3487895
2024-12-12 13:15:00+05:30,1266.75,1269.199951171875,1265.25,1265.25,250841
2024-12-12 13:20:00+05:30,1264.25,1267.5,1263.8499755859375,1266.75,158276
2024-12-12 13:25:00+05:30,1262.3499755859375,1264.3499755859375,1262.199951171875,1264.300048828125,136114
2024-12-12 13:30:00+05:30,1261.550048828125,1262.800048828125,1261.300048828125,1262.4000244140625,1562122
2024-12-12 13:35:00+05:30,1264.1500244140625,1264.800048828125,1261.25,1261.550048828125,136141
2024-12-12 13:40:00+05:30,1265.5999755859375,1265.8499755859375,1263.5,1264.1500244140625,127963
2024-12-12 13:45:00+05:30,1265.5,1268.0,1264.5,1265.5999755859375,219409
2024-12-12 13:50:00+05:30,1267.0,1267.5,1264.300048828125,1265.5,141703
2024-12-12 13:55:00+05:30,1264.5999755859375,1267.0,1264.050048828125,1267.0,168655
2024-12-12 14:00:00+05:30,1266.199951171875,1266.800048828125,1264.3499755859375,1264.6500244140625,139890
2024-12-12 14:05:00+05:30,1266.0,1266.800048828125,1265.300048828125,1266.1500244140625,160768
2024-12-12 14:10:00+05:30,1265.8499755859375,1266.5999755859375,1265.0,1266.0,100749
2024-12-12 14:15:00+05:30,1265.449951171875,1266.800048828125,1265.0,1265.8499755859375,154948
2024-12-12 14:20:00+05:30,1264.5999755859375,1266.1500244140625,1263.949951171875,1265.4000244140625,186962
2024-12-12 14:25:00+05:30,1264.550048828125,1265.1500244140625,1263.1500244140625,1264.6500244140625,151724
2024-12-12 14:30:00+05:30,1262.449951171875,1264.9000244140625,1262.449951171875,1264.5999755859375,137696
2024-12-12 14:35:00+05:30,1263.8499755859375,1264.800048828125,1262.4000244140625,1262.75,161984
2024-12-12 14:40:00+05:30,1263.0,1264.6500244140625,1262.9000244140625,1263.8499755859375,114710
2024-12-12 14:45:00+05:30,1263.300048828125,1263.4000244140625,1261.800048828125,1263.050048828125,192847
2024-12-12 14:50:00+05:30,1261.5,1263.6500244140625,1261.4000244140625,1263.1500244140625,823854
2024-12-12 14:55:00+05:30,1262.75,1262.9000244140625,1260.9000244140625,1261.050048828125,145846
2024-12-12 15:00:00+05:30,1263.0999755859375,1263.949951171875,1261.800048828125,1263.0,1591140
2024-12-12 15:05:00+05:30,1264.3499755859375,1264.699951171875,1262.949951171875,1263.0,560115
2024-12-12 15:10:00+05:30,1263.75,1264.449951171875,1263.449951171875,1264.050048828125,302840
2024-12-12 15:15:00+05:30,1263.300048828125,1263.949951171875,1263.0,1263.75,491340
2024-12-12 15:20:00+05:30,1262.9000244140625,1263.949951171875,1262.75,1263.300048828125,318567
2024-12-12 15:25:00+05:30,1261.5,1263.5,1261.5,1262.949951171875,745383
2024-12-13 09:15:00+05:30,1258.3499755859375,1260.4000244140625,1255.199951171875,1257.300048828125,0
2024-12-13 09:20:00+05:30,1253.3499755859375,1258.699951171875,1253.0,1258.699951171875,396026
2024-12-13 09:25:00+05:30,1254.300048828125,1256.5,1253.0,1253.3499755859375,284779
2024-12-13 09:30:00+05:30,1253.0,1255.6500244140625,1252.0999755859375,1254.3499755859375,302481
2024-12-13 09:35:00+05:30,1251.75,1254.9000244140625,1251.0,1252.800048828125,275996
2024-12-13 09:40:00+05:30,1252.0,1253.800048828125,1251.4000244140625,1251.5,297595
2024-12-13 09:45:00+05:30,1249.0,1252.449951171875,1248.699951171875,1252.449951171875,366752
2024-12-13 09:50:00+05:30,1247.4000244140625,1249.8499755859375,1247.3499755859375,1249.0999755859375,209539
2024-12-13 09:55:00+05:30,1247.75,1248.75,1247.0,1247.449951171875,306581
2024-12-13 10:00:00+05:30,1247.550048828125,1248.0,1246.0,1247.699951171875,180642
2024-12-13 10:05:00+05:30,1246.199951171875,1248.0,1246.0,1247.800048828125,132497
2024-12-13 10:10:00+05:30,1246.1500244140625,1246.8499755859375,1245.550048828125,1246.199951171875,112121
2024-12-13 10:15:00+05:30,1242.449951171875,1246.1500244140625,1242.1500244140625,1246.1500244140625,352734
2024-12-13 10:20:00+05:30,1241.5,1243.3499755859375,1240.25,1242.199951171875,307731
2024-12-13 10:25:00+05:30,1243.199951171875,1244.4000244140625,1240.9000244140625,1241.199951171875,2513512
2024-12-13 10:30:00+05:30,1241.550048828125,1243.25,1240.0,1243.050048828125,237511
2024-12-13 10:35:00+05:30,1240.550048828125,1243.199951171875,1240.199951171875,1241.449951171875,204806
2024-12-13 10:40:00+05:30,1242.199951171875,1242.449951171875,1239.699951171875,1240.550048828125,461393
2024-12-13 10:45:00+05:30,1242.1500244140625,1242.4000244140625,1239.75,1241.75,182136
2024-12-13 10:50:00+05:30,1245.6500244140625,1246.0,1242.0,1242.0999755859375,253092
2024-12-13 10:55:00+05:30,1245.6500244140625,1247.5999755859375,1245.0,1245.550048828125,249125
2024-12-13 11:00:00+05:30,1246.5,1247.6500244140625,1245.4000244140625,1245.6500244140625,199570
2024-12-13 11:05:00+05:30,1245.949951171875,1246.949951171875,1244.25,1246.5999755859375,219459
2024-12-13 11:10:00+05:30,1246.0999755859375,1248.449951171875,1245.300048828125,1245.3499755859375,342326
2024-12-13 11:15:00+05:30,1247.449951171875,1247.8499755859375,1245.0,1245.949951171875,267524
2024-12-13 11:20:00+05:30,1247.4000244140625,1248.5,1246.0,1247.5,310740
2024-12-13 11:25:00+05:30,1246.0,1249.5,1246.0,1247.8499755859375,249756
2024-12-13 11:30:00+05:30,1248.3499755859375,1249.25,1245.449951171875,1246.449951171875,123241
2024-12-13 11:35:00+05:30,1247.3499755859375,1248.699951171875,1247.0,1248.5999755859375,228085
2024-12-13 11:40:00+05:30,1247.449951171875,1248.4000244140625,1245.25,1247.300048828125,1344597
2024-12-13 11:45:00+05:30,1247.0999755859375,1248.5,1246.5,1247.4000244140625,102476
2024-12-13 11:50:00+05:30,1248.0,1248.4000244140625,1246.75,1247.0999755859375,285299
2024-12-13 11:55:00+05:30,1252.9000244140625,1253.0,1247.800048828125,1248.0,822116
2024-12-13 12:00:00+05:30,1250.75,1254.5999755859375,1249.3499755859375,1252.9000244140625,1552305
2024-12-13 12:05:00+05:30,1252.0999755859375,1252.6500244140625,1249.6500244140625,1251.0,304698
2024-12-13 12:10:00+05:30,1255.199951171875,1256.3499755859375,1250.550048828125,1252.3499755859375,382519
2024-12-13 12:15:00+05:30,1259.75,1261.5999755859375,1255.0999755859375,1255.550048828125,426905
2024-12-13 12:20:00+05:30,1260.300048828125,1263.0,1259.4000244140625,1260.0,442744
2024-12-13 12:25:00+05:30,1259.5999755859375,1262.5,1258.5,1260.0999755859375,221653
2024-12-13 12:30:00+05:30,1256.199951171875,1259.5999755859375,1254.0,1259.1500244140625,187550
2024-12-13 12:35:00+05:30,1258.199951171875,1259.449951171875,1255.300048828125,1256.1500244140625,166385
2024-12-13 12:40:00+05:30,1255.6500244140625,1258.6500244140625,1255.25,1258.449951171875,106485
2024-12-13 12:45:00+05:30,1258.75,1259.0,1254.1500244140625,1255.6500244140625,177435
2024-12-13 12:50:00+05:30,1259.1500244140625,1259.800048828125,1258.0,1258.699951171875,99425
2024-12-13 12:55:00+05:30,1262.699951171875,1263.75,1257.8499755859375,1259.0999755859375,259908
2024-12-13 13:00:00+05:30,1263.800048828125,1266.9000244140625,1262.199951171875,1262.699951171875,435140
2024-12-13 13:05:00+05:30,1262.949951171875,1265.0,1261.75,1264.699951171875,354367
2024-12-13 13:10:00+05:30,1261.5,1263.5999755859375,1260.5999755859375,1262.8499755859375,244860
2024-12-13 13:15:00+05:30,1261.0999755859375,1262.800048828125,1259.449951171875,1261.800048828125,202448
2024-12-13 13:20:00+05:30,1263.0,1264.1500244140625,1260.75,1261.0999755859375,278659
2024-12-13 13:25:00+05:30,1267.25,1267.25,1263.050048828125,1263.300048828125,362746
2024-12-13 13:30:00+05:30,1268.75,1269.699951171875,1266.1500244140625,1267.25,432546
2024-12-13 13:35:00+05:30,1270.449951171875,1271.800048828125,1268.5,1268.800048828125,478576
2024-12-13 13:40:00+05:30,1270.9000244140625,1272.5,1268.8499755859375,1270.4000244140625,337431
2024-12-13 13:45:00+05:30,1272.0,1273.9000244140625,1269.6500244140625,1270.8499755859375,575934
2024-12-13 13:50:00+05:30,1269.3499755859375,1272.449951171875,1269.25,1271.9000244140625,346004
2024-12-13 13:55:00+05:30,1270.699951171875,1271.5,1268.5,1269.550048828125,367910
2024-12-13 14:00:00+05:30,1273.5999755859375,1274.0,1270.5999755859375,1270.8499755859375,379205
2024-12-13 14:05:00+05:30,1272.8499755859375,1273.5999755859375,1271.9000244140625,1273.5,249189
2024-12-13 14:10:00+05:30,1272.5999755859375,1273.5,1270.5999755859375,1273.199951171875,247845
2024-12-13 14:15:00+05:30,1272.0,1273.550048828125,1271.5,1272.550048828125,212280
2024-12-13 14:20:00+05:30,1271.699951171875,1272.25,1271.1500244140625,1271.949951171875,193024
2024-12-13 14:25:00+05:30,1273.25,1273.9000244140625,1271.699951171875,1271.9000244140625,165102
2024-12-13 14:30:00+05:30,1273.25,1274.0,1272.449951171875,1273.050048828125,538329
2024-12-13 14:35:00+05:30,1271.4000244140625,1273.5999755859375,1270.949951171875,1273.4000244140625,224479
2024-12-13 14:40:00+05:30,1270.949951171875,1272.75,1270.449951171875,1271.449951171875,240577
2024-12-13 14:45:00+05:30,1270.25,1271.0,1270.0999755859375,1270.949951171875,213107
2024-12-13 14:50:00+05:30,1271.0,1271.0,1269.75,1270.300048828125,371811
2024-12-13 14:55:00+05:30,1269.9000244140625,1271.0,1269.4000244140625,1271.0,663456
2024-12-13 15:00:00+05:30,1271.699951171875,1271.75,1268.800048828125,1269.9000244140625,412336
2024-12-13 15:05:00+05:30,1274.25,1274.949951171875,1271.550048828125,1271.75,540708
2024-12-13 15:10:00+05:30,1272.75,1274.9000244140625,1271.5,1274.25,655449
2024-12-13 15:15:00+05:30,1273.0,1273.449951171875,1271.800048828125,1272.699951171875,609263
2024-12-13 15:20:00+05:30,1274.6500244140625,1274.949951171875,1272.699951171875,1273.0,446118
2024-12-13 15:25:00+05:30,1274.300048828125,1275.199951171875,1274.050048828125,1274.6500244140625,276076
2024-12-16 09:15:00+05:30,1278.5,1279.800048828125,1275.5999755859375,1278.800048828125,0
2024-12-16 09:20:00+05:30,1279.0,1280.0,1278.0,1278.5,251291
2024-12-16 09:25:00+05:30,1278.550048828125,1281.0,1278.300048828125,1279.0,288941
2024-12-16 09:30:00+05:30,1277.8499755859375,1279.800048828125,1277.3499755859375,1278.5,169940
2024-12-16 09:35:00+05:30,1276.949951171875,1278.5,1276.1500244140625,1277.8499755859375,122195
2024-12-16 09:40:00+05:30,1277.9000244140625,1278.25,1276.699951171875,1276.949951171875,172119
2024-12-16 09:45:00+05:30,1278.0,1278.75,1277.5,1277.9000244140625,129127
2024-12-16 09:50:00+05:30,1278.75,1278.9000244140625,1277.3499755859375,1278.0,108059
2024-12-16 09:55:00+05:30,1276.300048828125,1278.75,1276.300048828125,1278.75,84835
2024-12-16 10:00:00+05:30,1276.0,1276.4000244140625,1275.050048828125,1276.300048828125,115235
2024-12-16 10:05:00+05:30,1277.0,1277.0,1275.5,1276.0999755859375,69458
2024-12-16 10:10:00+05:30,1276.25,1277.0,1275.4000244140625,1277.0,45161
2024-12-16 10:15:00+05:30,1274.4000244140625,1276.25,1273.1500244140625,1276.25,146954
2024-12-16 10:20:00+05:30,1274.3499755859375,1274.449951171875,1273.0,1274.4000244140625,39536
2024-12-16 10:25:00+05:30,1272.0,1274.4000244140625,1271.550048828125,1274.4000244140625,126720
2024-12-16 10:30:00+05:30,1272.75,1272.75,1271.699951171875,1272.0,103203
2024-12-16 10:35:00+05:30,1273.699951171875,1273.699951171875,1271.4000244140625,1272.75,147048
2024-12-16 10:40:00+05:30,1273.0999755859375,1273.9000244140625,1272.800048828125,1273.5,52805
2024-12-16 10:45:00+05:30,1274.199951171875,1274.5999755859375,1273.0,1273.0999755859375,86723
2024-12-16 10:50:00+05:30,1273.5999755859375,1275.0,1273.550048828125,1274.300048828125,99888
2024-12-16 10:55:00+05:30,1271.1500244140625,1274.5,1271.050048828125,1274.300048828125,107644
2024-12-16 11:00:00+05:30,1271.300048828125,1272.449951171875,1271.050048828125,1271.3499755859375,101112
2024-12-16 11:05:00+05:30,1272.199951171875,1272.550048828125,1270.5,1271.0999755859375,156222
2024-12-16 11:10:00+05:30,1270.5,1272.5,1269.800048828125,1272.0,134650
2024-12-16 11:15:00+05:30,1269.8499755859375,1270.550048828125,1268.800048828125,1270.550048828125,114475
2024-12-16 11:20:00+05:30,1271.1500244140625,1271.449951171875,1269.449951171875,1269.949951171875,198750
2024-12-16 11:25:00+05:30,1271.199951171875,1271.75,1270.0,1271.25,111048
2024-12-16 11:30:00+05:30,1270.75,1271.449951171875,1270.1500244140625,1271.1500244140625,86751
2024-12-16 11:35:00+05:30,1271.75,1271.949951171875,1270.449951171875,1270.550048828125,122717
2024-12-16 11:40:00+05:30,1270.300048828125,1271.9000244140625,1270.199951171875,1271.5,96160
2024-12-16 11:45:00+05:30,1272.1500244140625,1272.25,1270.0,1270.25,188546
2024-12-16 11:50:00+05:30,1272.0,1272.8499755859375,1272.0,1272.25,120999
2024-12-16 11:55:00+05:30,1271.0999755859375,1272.449951171875,1271.0,1272.0999755859375,76724
2024-12-16 12:00:00+05:30,1270.949951171875,1271.300048828125,1270.300048828125,1271.25,101121
2024-12-16 12:05:00+05:30,1271.050048828125,1271.5,1270.5,1271.0,83060
2024-12-16 12:10:00+05:30,1270.050048828125,1271.050048828125,1270.0,1271.0,82050
2024-12-16 12:15:00+05:30,1270.4000244140625,1270.5999755859375,1269.5,1270.0,130989
2024-12-16 12:20:00+05:30,1270.449951171875,1270.699951171875,1270.0,1270.4000244140625,96681
2024-12-16 12:25:00+05:30,1270.5999755859375,1272.300048828125,1270.3499755859375,1270.5,248417
2024-12-16 12:30:00+05:30,1271.4000244140625,1271.5,1269.5,1271.0,184398
2024-12-16 12:35:00+05:30,1271.25,1271.949951171875,1270.6500244140625,1271.5,120131
2024-12-16 12:40:00+05:30,1271.449951171875,1271.699951171875,1271.0,1271.199951171875,39245
2024-12-16 12:45:00+05:30,1271.949951171875,1271.949951171875,1271.0999755859375,1271.5,52968
2024-12-16 12:50:00+05:30,1270.949951171875,1272.0,1270.5,1272.0,36428
2024-12-16 12:55:00+05:30,1271.75,1271.949951171875,1270.550048828125,1271.0,39391
2024-12-16 13:00:00+05:30,1272.0,1272.6500244140625,1271.550048828125,1271.9000244140625,48308
2024-12-16 13:05:00+05:30,1271.25,1272.6500244140625,1271.25,1272.0,269170
2024-12-16 13:10:00+05:30,1271.449951171875,1272.0,1270.699951171875,1271.800048828125,37742
2024-12-16 13:15:00+05:30,1270.9000244140625,1271.5,1269.949951171875,1271.449951171875,466070
2024-12-16 13:20:00+05:30,1270.0999755859375,1271.25,1270.0999755859375,1271.0,66451
2024-12-16 13:25:00+05:30,1269.9000244140625,1270.800048828125,1269.9000244140625,1270.300048828125,92998
2024-12-16 13:30:00+05:30,1269.300048828125,1270.199951171875,1269.300048828125,1270.0,96985
2024-12-16 13:35:00+05:30,1268.8499755859375,1269.699951171875,1267.75,1269.3499755859375,125231
2024-12-16 13:40:00+05:30,1269.5,1269.800048828125,1268.550048828125,1268.8499755859375,57034
2024-12-16 13:45:00+05:30,1268.0999755859375,1269.9000244140625,1268.0,1269.5,64102
2024-12-16 13:50:00+05:30,1269.25,1269.25,1268.0,1268.199951171875,71014
2024-12-16 13:55:00+05:30,1268.800048828125,1269.75,1268.0999755859375,1269.25,88493
2024-12-16 14:00:00+05:30,1269.0,1269.25,1268.300048828125,1268.800048828125,47214
2024-12-16 14:05:00+05:30,1269.550048828125,1269.550048828125,1268.949951171875,1269.199951171875,57896
2024-12-16 14:10:00+05:30,1269.0,1269.949951171875,1268.4000244140625,1269.5,83088
2024-12-16 14:15:00+05:30,1268.199951171875,1269.0,1268.0,1268.9000244140625,85659
2024-12-16 14:20:00+05:30,1267.800048828125,1268.5999755859375,1267.5,1268.199951171875,52902
2024-12-16 14:25:00+05:30,1267.1500244140625,1268.0,1266.550048828125,1267.5999755859375,70119
2024-12-16 14:30:00+05:30,1267.800048828125,1268.0,1267.1500244140625,1267.1500244140625,54143
2024-12-16 14:35:00+05:30,1269.4000244140625,1269.699951171875,1267.699951171875,1267.8499755859375,122924
2024-12-16 14:40:00+05:30,1268.449951171875,1269.5,1267.0,1269.449951171875,88970
2024-12-16 14:45:00+05:30,1269.9000244140625,1269.949951171875,1268.300048828125,1268.5,92518
2024-12-16 14:50:00+05:30,1268.449951171875,1269.699951171875,1268.0999755859375,1269.699951171875,95511
2024-12-16 14:55:00+05:30,1269.0999755859375,1269.449951171875,1267.75,1268.4000244140625,165515
2024-12-16 15:00:00+05:30,1268.300048828125,1269.949951171875,1268.0,1269.0999755859375,232257
2024-12-16 15:05:00+05:30,1268.199951171875,1268.9000244140625,1267.300048828125,1268.300048828125,210723
2024-12-16 15:10:00+05:30,1268.9000244140625,1269.050048828125,1268.0,1268.4000244140625,218266
2024-12-16 15:15:00+05:30,1268.3499755859375,1268.949951171875,1267.5,1268.550048828125,225620
2024-12-16 15:20:00+05:30,1268.449951171875,1268.5,1267.0,1268.3499755859375,252296
2024-12-16 15:25:00+05:30,1268.0,1268.5999755859375,1267.5,1268.449951171875,176916
2024-12-17 09:15:00+05:30,1256.0999755859375,1262.6500244140625,1254.0,1262.6500244140625,0
2024-12-17 09:20:00+05:30,1256.6500244140625,1257.9000244140625,1254.5,1255.8499755859375,261843
2024-12-17 09:25:00+05:30,1257.199951171875,1257.5999755859375,1255.8499755859375,1256.550048828125,247897
2024-12-17 09:30:00+05:30,1256.0,1257.5,1255.6500244140625,1257.199951171875,182483
2024-12-17 09:35:00+05:30,1254.75,1256.0,1254.0,1256.0,216586
2024-12-17 09:40:00+05:30,1254.5,1255.300048828125,1254.300048828125,1254.800048828125,150804
2024-12-17 09:45:00+05:30,1251.9000244140625,1254.4000244140625,1251.5,1254.300048828125,398516
2024-12-17 09:50:00+05:30,1252.1500244140625,1252.300048828125,1251.449951171875,1251.699951171875,189476
2024-12-17 09:55:00+05:30,1252.699951171875,1252.8499755859375,1251.949951171875,1252.1500244140625,182665
2024-12-17 10:00:00+05:30,1252.199951171875,1252.8499755859375,1251.550048828125,1252.8499755859375,131126
2024-12-17 10:05:00+05:30,1253.0,1253.25,1251.75,1252.199951171875,165207
2024-12-17 10:10:00+05:30,1253.550048828125,1253.8499755859375,1252.5999755859375,1253.0,124171
2024-12-17 10:15:00+05:30,1252.8499755859375,1253.949951171875,1252.550048828125,1253.449951171875,112759
2024-12-17 10:20:00+05:30,1249.949951171875,1252.8499755859375,1249.050048828125,1252.8499755859375,433524
2024-12-17 10:25:00+05:30,1250.8499755859375,1250.949951171875,1249.5,1249.6500244140625,190050
2024-12-17 10:30:00+05:30,1249.800048828125,1250.8499755859375,1249.050048828125,1250.8499755859375,2198787
2024-12-17 10:35:00+05:30,1249.75,1250.0,1249.199951171875,1249.6500244140625,158924
2024-12-17 10:40:00+05:30,1250.800048828125,1250.800048828125,1248.0,1249.699951171875,421627
2024-12-17 10:45:00+05:30,1252.0,1253.550048828125,1250.8499755859375,1251.0,222863
2024-12-17 10:50:00+05:30,1251.3499755859375,1252.3499755859375,1250.800048828125,1252.3499755859375,172781
2024-12-17 10:55:00+05:30,1253.550048828125,1253.9000244140625,1251.199951171875,1251.3499755859375,243692
2024-12-17 11:00:00+05:30,1251.949951171875,1253.550048828125,1251.5,1253.4000244140625,87490
2024-12-17 11:05:00+05:30,1253.3499755859375,1253.800048828125,1251.199951171875,1251.949951171875,107937
2024-12-17 11:10:00+05:30,1251.0,1253.300048828125,1250.5999755859375,1253.300048828125,114568
2024-12-17 11:15:00+05:30,1250.800048828125,1253.0,1250.550048828125,1251.050048828125,147244
2024-12-17 11:20:00+05:30,1250.800048828125,1252.1500244140625,1250.550048828125,1250.800048828125,110493
2024-12-17 11:25:00+05:30,1250.25,1251.199951171875,1250.0999755859375,1250.800048828125,98254
2024-12-17 11:30:00+05:30,1250.699951171875,1250.949951171875,1249.75,1250.699951171875,168958
2024-12-17 11:35:00+05:30,1250.75,1250.8499755859375,1249.25,1250.699951171875,130864
2024-12-17 11:40:00+05:30,1249.25,1250.9000244140625,1248.5999755859375,1250.75,246223
2024-12-17 11:45:00+05:30,1250.0,1250.0,1249.0,1249.300048828125,120974
2024-12-17 11:50:00+05:30,1250.4000244140625,1250.4000244140625,1249.300048828125,1249.8499755859375,164159
2024-12-17 11:55:00+05:30,1249.3499755859375,1250.4000244140625,1249.0,1250.4000244140625,110540
2024-12-17 12:00:00+05:30,1249.9000244140625,1250.0,1248.5999755859375,1249.3499755859375,169480
2024-12-17 12:05:00+05:30,1248.699951171875,1250.0,1248.5,1249.9000244140625,154510
2024-12-17 12:10:00+05:30,1248.949951171875,1249.5,1248.550048828125,1248.699951171875,103935
2024-12-17 12:15:00+05:30,1247.949951171875,1248.949951171875,1247.3499755859375,1248.949951171875,290348
2024-12-17 12:20:00+05:30,1247.550048828125,1248.1500244140625,1247.0,1247.949951171875,129119
2024-12-17 12:25:00+05:30,1249.300048828125,1249.5,1247.4000244140625,1247.550048828125,156750
2024-12-17 12:30:00+05:30,1251.5999755859375,1251.5999755859375,1249.0999755859375,1249.300048828125,214631
2024-12-17 12:35:00+05:30,1248.4000244140625,1251.9000244140625,1248.199951171875,1251.4000244140625,143868
2024-12-17 12:40:00+05:30,1248.0999755859375,1249.1500244140625,1248.0,1248.4000244140625,95938
2024-12-17 12:45:00+05:30,1247.949951171875,1248.300048828125,1247.550048828125,1248.1500244140625,74097
2024-12-17 12:50:00+05:30,1248.3499755859375,1248.800048828125,1246.699951171875,1247.949951171875,191085
2024-12-17 12:55:00+05:30,1249.949951171875,1250.050048828125,1247.800048828125,1248.3499755859375,141134
2024-12-17 13:00:00+05:30,1247.25,1249.949951171875,1247.0999755859375,1249.949951171875,152354
2024-12-17 13:05:00+05:30,1249.0,1250.25,1247.050048828125,1247.25,174369
2024-12-17 13:10:00+05:30,1248.0999755859375,1250.0999755859375,1248.0999755859375,1249.3499755859375,142290
2024-12-17 13:15:00+05:30,1247.5999755859375,1249.25,1247.25,1248.0999755859375,127547
2024-12-17 13:20:00+05:30,1248.449951171875,1248.550048828125,1247.3499755859375,1247.5,118445
2024-12-17 13:25:00+05:30,1246.800048828125,1248.449951171875,1246.449951171875,1248.449951171875,181764
2024-12-17 13:30:00+05:30,1246.25,1246.8499755859375,1245.5999755859375,1246.5999755859375,171042
2024-12-17 13:35:00+05:30,1247.75,1247.75,1246.0,1246.25,95607
2024-12-17 13:40:00+05:30,1246.8499755859375,1248.0,1246.699951171875,1247.6500244140625,129124
2024-12-17 13:45:00+05:30,1247.3499755859375,1247.949951171875,1246.0999755859375,1246.8499755859375,101906
2024-12-17 13:50:00+05:30,1245.8499755859375,1247.4000244140625,1245.25,1247.4000244140625,212053
2024-12-17 13:55:00+05:30,1246.699951171875,1246.75,1245.050048828125,1245.800048828125,152289
2024-12-17 14:00:00+05:30,1245.8499755859375,1247.199951171875,1245.5999755859375,1246.699951171875,196342
2024-12-17 14:05:00+05:30,1245.4000244140625,1246.949951171875,1245.4000244140625,1245.9000244140625,150504
2024-12-17 14:10:00+05:30,1245.3499755859375,1246.199951171875,1245.0999755859375,1245.4000244140625,151032
2024-12-17 14:15:00+05:30,1245.800048828125,1246.25,1245.050048828125,1245.3499755859375,181177
2024-12-17 14:20:00+05:30,1245.1500244140625,1245.949951171875,1245.0,1245.800048828125,220635
2024-12-17 14:25:00+05:30,1244.699951171875,1245.5999755859375,1244.0999755859375,1245.199951171875,205366
2024-12-17 14:30:00+05:30,1244.1500244140625,1245.0,1243.550048828125,1244.699951171875,204729
2024-12-17 14:35:00+05:30,1245.8499755859375,1246.199951171875,1244.1500244140625,1244.199951171875,201371
2024-12-17 14:40:00+05:30,1245.6500244140625,1246.25,1245.0,1245.8499755859375,188968
2024-12-17 14:45:00+05:30,1244.9000244140625,1245.949951171875,1244.449951171875,1245.6500244140625,207562
2024-12-17 14:50:00+05:30,1243.9000244140625,1245.0,1243.5,1244.949951171875,262636
2024-12-17 14:55:00+05:30,1243.949951171875,1243.949951171875,1243.0,1243.9000244140625,256164
2024-12-17 15:00:00+05:30,1244.699951171875,1245.800048828125,1243.5,1244.0,550090
2024-12-17 15:05:00+05:30,1246.25,1246.25,1244.699951171875,1244.699951171875,421279
2024-12-17 15:10:00+05:30,1245.9000244140625,1247.0,1245.8499755859375,1246.949951171875,392069
2024-12-17 15:15:00+05:30,1245.1500244140625,1246.0,1244.9000244140625,1245.949951171875,432852
2024-12-17 15:20:00+05:30,1245.4000244140625,1245.5,1244.5,1245.1500244140625,393234
2024-12-17 15:25:00+05:30,1244.699951171875,1245.449951171875,1244.0,1245.4000244140625,323004
2024-12-18 09:15:00+05:30,1246.550048828125,1247.449951171875,1242.050048828125,1244.0,698901
2024-12-18 09:20:00+05:30,1248.050048828125,1249.0,1244.949951171875,1247.1500244140625,380208
2024-12-18 09:25:00+05:30,1252.300048828125,1252.5,1246.5,1248.050048828125,240362
2024-12-18 09:30:00+05:30,1253.199951171875,1254.0,1251.550048828125,1252.050048828125,272671
2024-12-18 09:35:00+05:30,1255.1500244140625,1255.550048828125,1252.4000244140625,1252.4000244140625,343163
2024-12-18 09:40:00+05:30,1257.8499755859375,1258.25,1255.050048828125,1255.1500244140625,350879
2024-12-18 09:45:00+05:30,1258.050048828125,1258.4000244140625,1256.550048828125,1257.949951171875,324599
2024-12-18 09:50:00+05:30,1254.25,1258.1500244140625,1252.9000244140625,1258.1500244140625,167799
2024-12-18 09:55:00+05:30,1251.75,1255.0,1251.1500244140625,1254.300048828125,241638
2024-12-18 10:00:00+05:30,1251.5,1253.699951171875,1250.300048828125,1251.5999755859375,170001
2024-12-18 10:05:00+05:30,1251.25,1252.449951171875,1250.5999755859375,1251.1500244140625,133695
2024-12-18 10:10:00+05:30,1253.300048828125,1253.3499755859375,1250.199951171875,1251.3499755859375,160388
2024-12-18 10:15:00+05:30,1251.949951171875,1254.800048828125,1251.9000244140625,1253.300048828125,196316
2024-12-18 10:20:00+05:30,1255.550048828125,1255.75,1251.800048828125,1251.949951171875,155724
2024-12-18 10:25:00+05:30,1254.449951171875,1255.9000244140625,1254.050048828125,1255.550048828125,89607
2024-12-18 10:30:00+05:30,1257.199951171875,1258.0,1254.4000244140625,1254.5,138287
2024-12-18 10:35:00+05:30,1256.199951171875,1257.4000244140625,1255.949951171875,1257.0999755859375,100991
2024-12-18 10:40:00+05:30,1258.8499755859375,1259.8499755859375,1256.25,1256.3499755859375,213121
2024-12-18 10:45:00+05:30,1255.25,1259.949951171875,1254.6500244140625,1258.9000244140625,236371
2024-12-18 10:50:00+05:30,1254.6500244140625,1256.300048828125,1254.5,1254.550048828125,156486
2024-12-18 10:55:00+05:30,1254.3499755859375,1255.199951171875,1253.3499755859375,1254.949951171875,172014
2024-12-18 11:00:00+05:30,1254.449951171875,1255.300048828125,1253.4000244140625,1254.5,96819
2024-12-18 11:05:00+05:30,1254.199951171875,1255.9000244140625,1253.5,1254.5,115038
2024-12-18 11:10:00+05:30,1253.449951171875,1254.6500244140625,1253.25,1254.449951171875,66695
2024-12-18 11:15:00+05:30,1253.8499755859375,1254.5,1252.0,1253.449951171875,106210
2024-12-18 11:20:00+05:30,1254.050048828125,1254.9000244140625,1253.800048828125,1254.300048828125,76184
2024-12-18 11:25:00+05:30,1254.949951171875,1255.800048828125,1253.0999755859375,1254.0,95954
2024-12-18 11:30:00+05:30,1254.6500244140625,1254.949951171875,1254.0,1254.9000244140625,69855
2024-12-18 11:35:00+05:30,1256.25,1256.5,1254.0999755859375,1254.699951171875,120235
2024-12-18 11:40:00+05:30,1254.6500244140625,1256.5,1254.6500244140625,1256.5,65629
2024-12-18 11:45:00+05:30,1255.1500244140625,1255.5999755859375,1254.5999755859375,1254.800048828125,68151
2024-12-18 11:50:00+05:30,1253.75,1255.25,1253.75,1255.25,68353
2024-12-18 11:55:00+05:30,1253.300048828125,1254.0,1253.0999755859375,1253.75,97956
2024-12-18 12:00:00+05:30,1252.0999755859375,1254.0999755859375,1252.0999755859375,1253.0999755859375,111785
2024-12-18 12:05:00+05:30,1253.050048828125,1253.25,1251.300048828125,1252.3499755859375,120930
2024-12-18 12:10:00+05:30,1252.050048828125,1253.5,1252.0,1253.1500244140625,78820
2024-12-18 12:15:00+05:30,1250.4000244140625,1252.75,1250.0,1252.0999755859375,122786
2024-12-18 12:20:00+05:30,1248.3499755859375,1250.449951171875,1247.6500244140625,1250.449951171875,241390
2024-12-18 12:25:00+05:30,1248.75,1249.5999755859375,1247.5,1248.0,137636
2024-12-18 12:30:00+05:30,1248.199951171875,1249.3499755859375,1247.550048828125,1248.800048828125,143894
2024-12-18 12:35:00+05:30,1246.4000244140625,1248.199951171875,1245.8499755859375,1248.0,165005
2024-12-18 12:40:00+05:30,1246.800048828125,1247.199951171875,1246.0999755859375,1246.4000244140625,144618
2024-12-18 12:45:00+05:30,1246.0999755859375,1247.1500244140625,1245.5999755859375,1246.800048828125,130170
2024-12-18 12:50:00+05:30,1247.5999755859375,1247.8499755859375,1245.9000244140625,1246.0,88992
2024-12-18 12:55:00+05:30,1249.300048828125,1249.5999755859375,1247.5,1247.75,137870
2024-12-18 13:00:00+05:30,1250.8499755859375,1251.0,1248.9000244140625,1249.550048828125,90554
2024-12-18 13:05:00+05:30,1251.3499755859375,1253.0,1249.5,1251.3499755859375,181921
2024-12-18 13:10:00+05:30,1252.199951171875,1252.949951171875,1250.5,1251.050048828125,113154
2024-12-18 13:15:00+05:30,1253.3499755859375,1254.1500244140625,1251.949951171875,1252.050048828125,106811
2024-12-18 13:20:00+05:30,1253.0,1254.0999755859375,1252.199951171875,1253.5999755859375,117866
2024-12-18 13:25:00+05:30,1252.3499755859375,1254.0,1251.75,1252.8499755859375,156312
2024-12-18 13:30:00+05:30,1252.1500244140625,1252.949951171875,1251.3499755859375,1252.699951171875,132542
2024-12-18 13:35:00+05:30,1252.699951171875,1253.5,1252.0,1252.550048828125,106529
2024-12-18 13:40:00+05:30,1251.550048828125,1252.949951171875,1251.550048828125,1252.449951171875,96769
2024-12-18 13:45:00+05:30,1253.0999755859375,1253.550048828125,1251.300048828125,1251.5999755859375,136836
2024-12-18 13:50:00+05:30,1252.25,1254.300048828125,1251.699951171875,1253.0,185929
2024-12-18 13:55:00+05:30,1253.6500244140625,1253.9000244140625,1252.0,1252.199951171875,103822
2024-12-18 14:00:00+05:30,1254.8499755859375,1254.8499755859375,1252.949951171875,1253.6500244140625,107466
2024-12-18 14:05:00+05:30,1253.949951171875,1254.9000244140625,1253.0,1254.75,95947
2024-12-18 14:10:00+05:30,1254.4000244140625,1254.5,1253.699951171875,1253.699951171875,79808
2024-12-18 14:15:00+05:30,1257.4000244140625,1257.800048828125,1253.9000244140625,1254.4000244140625,176803
2024-12-18 14:20:00+05:30,1255.4000244140625,1257.5999755859375,1255.0,1257.3499755859375,118927
2024-12-18 14:25:00+05:30,1255.0,1256.050048828125,1255.0,1255.4000244140625,119759
2024-12-18 14:30:00+05:30,1255.1500244140625,1255.5999755859375,1254.0,1254.800048828125,141545
2024-12-18 14:35:00+05:30,1254.550048828125,1255.75,1254.4000244140625,1255.0999755859375,146318
2024-12-18 14:40:00+05:30,1255.0,1255.5999755859375,1254.5,1254.5999755859375,145890
2024-12-18 14:45:00+05:30,1255.1500244140625,1255.5999755859375,1254.5,1255.0,136122
2024-12-18 14:50:00+05:30,1255.1500244140625,1255.5999755859375,1254.699951171875,1255.1500244140625,136174
2024-12-18 14:55:00+05:30,1254.449951171875,1255.300048828125,1253.9000244140625,1255.0999755859375,133538
2024-12-18 15:00:00+05:30,1254.25,1254.5,1253.3499755859375,1254.300048828125,306779
2024-12-18 15:05:00+05:30,1252.9000244140625,1254.300048828125,1252.550048828125,1254.199951171875,301976
2024-12-18 15:10:00+05:30,1253.3499755859375,1253.699951171875,1252.0999755859375,1252.9000244140625,336333
2024-12-18 15:15:00+05:30,1252.75,1253.3499755859375,1252.0999755859375,1253.3499755859375,372797
2024-12-18 15:20:00+05:30,1253.9000244140625,1254.0,1252.4000244140625,1252.800048828125,371311
2024-12-18 15:25:00+05:30,1254.3499755859375,1254.800048828125,1253.0,1253.8499755859375,297055
2024-12-19 09:15:00+05:30,1238.5999755859375,1244.300048828125,1235.449951171875,1237.6500244140625,0
2024-12-19 09:20:00+05:30,1239.5999755859375,1240.4000244140625,1237.300048828125,1238.5999755859375,216221
2024-12-19 09:25:00+05:30,1235.800048828125,1240.25,1235.5999755859375,1240.25,241361
2024-12-19 09:30:00+05:30,1237.449951171875,1237.949951171875,1234.5999755859375,1235.75,232001
2024-12-19 09:35:00+05:30,1239.1500244140625,1240.0,1237.199951171875,1237.4000244140625,127912
2024-12-19 09:40:00+05:30,1241.050048828125,1242.75,1238.1500244140625,1239.1500244140625,155637
2024-12-19 09:45:00+05:30,1240.550048828125,1241.6500244140625,1239.449951171875,1241.0999755859375,139143
2024-12-19 09:50:00+05:30,1242.8499755859375,1243.0,1240.050048828125,1240.699951171875,105042
2024-12-19 09:55:00+05:30,1241.050048828125,1243.199951171875,1240.449951171875,1242.8499755859375,264211
2024-12-19 10:00:00+05:30,1242.25,1242.25,1239.5999755859375,1240.5,149425
2024-12-19 10:05:00+05:30,1241.449951171875,1244.9000244140625,1241.0999755859375,1242.5,1128645
2024-12-19 10:10:00+05:30,1240.25,1241.6500244140625,1238.25,1241.449951171875,219545
2024-12-19 10:15:00+05:30,1239.300048828125,1240.8499755859375,1238.550048828125,1240.25,145219
2024-12-19 10:20:00+05:30,1240.449951171875,1241.550048828125,1239.050048828125,1239.300048828125,91728
2024-12-19 10:25:00+05:30,1239.5,1240.6500244140625,1239.199951171875,1240.449951171875,68543
2024-12-19 10:30:00+05:30,1239.8499755859375,1240.699951171875,1238.949951171875,1239.75,71052
2024-12-19 10:35:00+05:30,1240.699951171875,1241.25,1239.199951171875,1239.4000244140625,74879
2024-12-19 10:40:00+05:30,1241.3499755859375,1241.6500244140625,1240.25,1240.449951171875,73607
2024-12-19 10:45:00+05:30,1239.5999755859375,1241.550048828125,1239.0999755859375,1240.8499755859375,69839
2024-12-19 10:50:00+05:30,1239.0,1239.949951171875,1238.5,1239.5,47813
2024-12-19 10:55:00+05:30,1238.699951171875,1239.0,1238.0,1239.0,66639
2024-12-19 11:00:00+05:30,1237.0999755859375,1238.75,1236.699951171875,1238.75,117077
2024-12-19 11:05:00+05:30,1236.5999755859375,1237.949951171875,1236.199951171875,1237.0999755859375,153579
2024-12-19 11:10:00+05:30,1237.75,1238.449951171875,1236.449951171875,1236.75,124312
2024-12-19 11:15:00+05:30,1238.4000244140625,1238.550048828125,1237.300048828125,1237.699951171875,87534
2024-12-19 11:20:00+05:30,1239.050048828125,1239.1500244140625,1237.699951171875,1238.050048828125,91688
2024-12-19 11:25:00+05:30,1238.0,1239.5,1238.0,1239.050048828125,95069
2024-12-19 11:30:00+05:30,1236.8499755859375,1238.199951171875,1236.0,1238.1500244140625,121980
2024-12-19 11:35:00+05:30,1237.199951171875,1238.3499755859375,1235.550048828125,1236.550048828125,129646
2024-12-19 11:40:00+05:30,1237.199951171875,1237.949951171875,1236.9000244140625,1237.3499755859375,127155
2024-12-19 11:45:00+05:30,1237.5999755859375,1238.0999755859375,1236.5,1237.449951171875,100174
2024-12-19 11:50:00+05:30,1236.1500244140625,1238.0,1235.9000244140625,1237.5999755859375,182093
2024-12-19 11:55:00+05:30,1237.5999755859375,1237.800048828125,1236.0,1236.0,116838
2024-12-19 12:00:00+05:30,1236.6500244140625,1237.800048828125,1236.25,1237.75,142391
2024-12-19 12:05:00+05:30,1238.699951171875,1238.800048828125,1236.5,1236.5,100837
2024-12-19 12:10:00+05:30,1238.449951171875,1239.050048828125,1237.3499755859375,1238.3499755859375,177282
2024-12-19 12:15:00+05:30,1239.1500244140625,1240.0,1238.0,1238.800048828125,170690
2024-12-19 12:20:00+05:30,1238.5999755859375,1239.300048828125,1237.550048828125,1238.949951171875,90759
2024-12-19 12:25:00+05:30,1238.0999755859375,1238.8499755859375,1237.699951171875,1238.5999755859375,131176
2024-12-19 12:30:00+05:30,1237.0999755859375,1238.300048828125,1237.0,1238.1500244140625,83356
2024-12-19 12:35:00+05:30,1237.300048828125,1237.300048828125,1236.550048828125,1237.0999755859375,78563
2024-12-19 12:40:00+05:30,1235.75,1237.6500244140625,1235.5,1237.199951171875,157356
2024-12-19 12:45:00+05:30,1234.949951171875,1236.0,1234.5999755859375,1235.75,339637
2024-12-19 12:50:00+05:30,1233.550048828125,1235.449951171875,1233.050048828125,1235.0,250894
2024-12-19 12:55:00+05:30,1233.949951171875,1234.3499755859375,1233.199951171875,1233.5,156800
2024-12-19 13:00:00+05:30,1234.199951171875,1234.699951171875,1233.3499755859375,1233.949951171875,165678
2024-12-19 13:05:00+05:30,1233.9000244140625,1235.0,1233.550048828125,1234.199951171875,155062
2024-12-19 13:10:00+05:30,1234.25,1234.5,1233.300048828125,1233.9000244140625,122035
2024-12-19 13:15:00+05:30,1231.5,1234.0,1231.5,1233.800048828125,208365
2024-12-19 13:20:00+05:30,1231.449951171875,1232.0,1231.0,1231.949951171875,118014
2024-12-19 13:25:00+05:30,1231.800048828125,1232.75,1231.5,1231.5999755859375,84227
2024-12-19 13:30:00+05:30,1231.9000244140625,1232.3499755859375,1231.5,1231.5999755859375,78752
2024-12-19 13:35:00+05:30,1231.199951171875,1231.949951171875,1231.050048828125,1231.550048828125,105324
2024-12-19 13:40:00+05:30,1231.3499755859375,1231.6500244140625,1231.0,1231.050048828125,126155
2024-12-19 13:45:00+05:30,1230.4000244140625,1231.550048828125,1230.0999755859375,1231.550048828125,123897
2024-12-19 13:50:00+05:30,1231.8499755859375,1232.0,1230.1500244140625,1230.4000244140625,131961
2024-12-19 13:55:00+05:30,1231.6500244140625,1232.449951171875,1231.449951171875,1231.949951171875,115926
2024-12-19 14:00:00+05:30,1232.449951171875,1233.1500244140625,1231.6500244140625,1231.6500244140625,124022
2024-12-19 14:05:00+05:30,1232.550048828125,1232.8499755859375,1231.550048828125,1232.5,103852
2024-12-19 14:10:00+05:30,1231.9000244140625,1232.6500244140625,1231.3499755859375,1232.449951171875,109037
2024-12-19 14:15:00+05:30,1231.300048828125,1231.800048828125,1230.5,1231.75,149401
2024-12-19 14:20:00+05:30,1230.25,1231.300048828125,1230.050048828125,1231.25,231745
2024-12-19 14:25:00+05:30,1231.3499755859375,1231.3499755859375,1229.6500244140625,1230.199951171875,280882
2024-12-19 14:30:00+05:30,1232.1500244140625,1232.8499755859375,1231.1500244140625,1231.25,218192
2024-12-19 14:35:00+05:30,1232.4000244140625,1232.949951171875,1232.0,1232.199951171875,179596
2024-12-19 14:40:00+05:30,1231.550048828125,1232.449951171875,1231.4000244140625,1232.4000244140625,131469
2024-12-19 14:45:00+05:30,1232.199951171875,1233.0999755859375,1231.4000244140625,1231.9000244140625,164766
2024-12-19 14:50:00+05:30,1231.199951171875,1232.4000244140625,1230.5,1232.1500244140625,208344
2024-12-19 14:55:00+05:30,1231.050048828125,1231.449951171875,1230.449951171875,1231.0,172268
2024-12-19 15:00:00+05:30,1231.449951171875,1232.4000244140625,1230.949951171875,1230.949951171875,259432
2024-12-19 15:05:00+05:30,1231.199951171875,1231.550048828125,1231.0,1231.550048828125,395092
2024-12-19 15:10:00+05:30,1230.25,1231.6500244140625,1230.0,1231.6500244140625,470599
2024-12-19 15:15:00+05:30,1229.550048828125,1230.5,1229.25,1230.25,503798
2024-12-19 15:20:00+05:30,1230.300048828125,1230.5,1229.0999755859375,1229.550048828125,363165
2024-12-19 15:25:00+05:30,1230.5,1230.5,1229.25,1230.3499755859375,381890
2024-12-20 09:15:00+05:30,1230.449951171875,1230.449951171875,1225.0,1225.3499755859375,0
2024-12-20 09:20:00+05:30,1232.1500244140625,1232.75,1230.300048828125,1230.5,254782
2024-12-20 09:25:00+05:30,1230.199951171875,1232.8499755859375,1229.5999755859375,1232.25,172452
2024-12-20 09:30:00+05:30,1234.050048828125,1234.800048828125,1230.1500244140625,1230.3499755859375,178627
2024-12-20 09:35:00+05:30,1237.949951171875,1238.4000244140625,1233.75,1234.050048828125,211035
2024-12-20 09:40:00+05:30,1237.5,1239.5,1236.5999755859375,1237.75,151524
2024-12-20 09:45:00+05:30,1227.0,1237.550048828125,1227.0,1237.5,419113
2024-12-20 09:50:00+05:30,1228.6500244140625,1229.449951171875,1225.300048828125,1227.050048828125,220377
2024-12-20 09:55:00+05:30,1226.4000244140625,1230.5,1226.4000244140625,1228.6500244140625,123631
2024-12-20 10:00:00+05:30,1225.75,1227.4000244140625,1224.8499755859375,1226.1500244140625,157182
2024-12-20 10:05:00+05:30,1222.949951171875,1225.9000244140625,1222.4000244140625,1225.9000244140625,216737
2024-12-20 10:10:00+05:30,1224.75,1225.3499755859375,1222.699951171875,1222.9000244140625,107039
2024-12-20 10:15:00+05:30,1229.449951171875,1230.0,1223.1500244140625,1224.550048828125,166652
2024-12-20 10:20:00+05:30,1228.199951171875,1229.9000244140625,1225.75,1229.0,161084
2024-12-20 10:25:00+05:30,1228.4000244140625,1229.0,1226.949951171875,1227.8499755859375,72382
2024-12-20 10:30:00+05:30,1231.1500244140625,1232.0,1228.5999755859375,1228.5999755859375,172715
2024-12-20 10:35:00+05:30,1233.4000244140625,1234.0,1231.0,1231.1500244140625,117637
2024-12-20 10:40:00+05:30,1233.1500244140625,1234.9000244140625,1231.4000244140625,1233.5,151695
2024-12-20 10:45:00+05:30,1233.5999755859375,1233.5999755859375,1232.300048828125,1233.1500244140625,90374
2024-12-20 10:50:00+05:30,1235.8499755859375,1237.0,1233.3499755859375,1233.8499755859375,108162
2024-12-20 10:55:00+05:30,1234.4000244140625,1236.0,1233.300048828125,1235.550048828125,90853
2024-12-20 11:00:00+05:30,1233.800048828125,1235.0,1233.0,1234.0999755859375,38261
2024-12-20 11:05:00+05:30,1235.1500244140625,1235.199951171875,1233.25,1233.800048828125,59826
2024-12-20 11:10:00+05:30,1234.1500244140625,1235.25,1234.0,1235.050048828125,50205
2024-12-20 11:15:00+05:30,1232.5,1234.699951171875,1231.25,1234.1500244140625,207383
2024-12-20 11:20:00+05:30,1233.800048828125,1235.0,1232.3499755859375,1232.5999755859375,58689
2024-12-20 11:25:00+05:30,1233.0,1234.6500244140625,1232.449951171875,1234.0999755859375,125576
2024-12-20 11:30:00+05:30,1232.949951171875,1233.4000244140625,1232.0999755859375,1233.0999755859375,133015
2024-12-20 11:35:00+05:30,1233.75,1234.0,1232.550048828125,1232.699951171875,53699
2024-12-20 11:40:00+05:30,1233.4000244140625,1233.949951171875,1232.800048828125,1233.75,35088
2024-12-20 11:45:00+05:30,1233.75,1233.8499755859375,1233.0,1233.4000244140625,46209
2024-12-20 11:50:00+05:30,1234.0,1234.699951171875,1233.5,1233.75,65985
2024-12-20 11:55:00+05:30,1234.5999755859375,1235.0,1233.5999755859375,1234.25,61560
2024-12-20 12:00:00+05:30,1234.1500244140625,1234.949951171875,1233.449951171875,1234.5999755859375,71002
2024-12-20 12:05:00+05:30,1232.8499755859375,1235.25,1232.550048828125,1234.0,125563
2024-12-20 12:10:00+05:30,1230.0,1232.8499755859375,1229.550048828125,1232.6500244140625,158756
2024-12-20 12:15:00+05:30,1228.050048828125,1230.0,1227.5,1230.0,195487
2024-12-20 12:20:00+05:30,1228.199951171875,1229.0,1227.050048828125,1228.050048828125,128008
2024-12-20 12:25:00+05:30,1228.0,1229.3499755859375,1227.800048828125,1228.300048828125,117603
2024-12-20 12:30:00+05:30,1227.5,1228.699951171875,1227.0999755859375,1228.0,131645
2024-12-20 12:35:00+05:30,1226.949951171875,1228.5999755859375,1226.699951171875,1228.050048828125,152658
2024-12-20 12:40:00+05:30,1225.3499755859375,1227.3499755859375,1224.5,1227.199951171875,185789
2024-12-20 12:45:00+05:30,1222.199951171875,1225.5,1222.0,1225.050048828125,196095
2024-12-20 12:50:00+05:30,1220.9000244140625,1222.699951171875,1220.5999755859375,1222.300048828125,254456
2024-12-20 12:55:00+05:30,1221.449951171875,1222.5,1220.5999755859375,1221.050048828125,107835
2024-12-20 13:00:00+05:30,1219.6500244140625,1222.0,1219.6500244140625,1221.449951171875,265568
2024-12-20 13:05:00+05:30,1219.800048828125,1220.5,1219.449951171875,1219.550048828125,159046
2024-12-20 13:10:00+05:30,1219.800048828125,1220.6500244140625,1218.6500244140625,1219.800048828125,155682
2024-12-20 13:15:00+05:30,1219.449951171875,1220.4000244140625,1218.5999755859375,1219.800048828125,184144
2024-12-20 13:20:00+05:30,1219.4000244140625,1219.949951171875,1217.6500244140625,1219.449951171875,239657
2024-12-20 13:25:00+05:30,1219.699951171875,1220.449951171875,1219.25,1219.5999755859375,174283
2024-12-20 13:30:00+05:30,1220.4000244140625,1221.0,1219.050048828125,1220.0,163388
2024-12-20 13:35:00+05:30,1218.300048828125,1220.4000244140625,1217.5999755859375,1220.4000244140625,151612
2024-12-20 13:40:00+05:30,1217.3499755859375,1218.75,1217.050048828125,1218.300048828125,225405
2024-12-20 13:45:00+05:30,1215.5,1217.5,1215.050048828125,1217.3499755859375,264128
2024-12-20 13:50:00+05:30,1216.5999755859375,1217.699951171875,1215.050048828125,1215.800048828125,154022
2024-12-20 13:55:00+05:30,1216.1500244140625,1216.800048828125,1215.449951171875,1216.550048828125,152065
2024-12-20 14:00:00+05:30,1212.550048828125,1216.0999755859375,1212.4000244140625,1216.050048828125,460569
2024-12-20 14:05:00+05:30,1211.5,1213.25,1211.449951171875,1212.699951171875,304426
2024-12-20 14:10:00+05:30,1211.0,1211.8499755859375,1210.0,1211.800048828125,317943
2024-12-20 14:15:00+05:30,1214.3499755859375,1214.699951171875,1210.300048828125,1211.1500244140625,145742
2024-12-20 14:20:00+05:30,1215.949951171875,1216.0999755859375,1214.0,1214.5,199647
2024-12-20 14:25:00+05:30,1216.0,1216.699951171875,1215.550048828125,1215.949951171875,135688
2024-12-20 14:30:00+05:30,1214.5,1216.199951171875,1213.699951171875,1216.199951171875,153649
2024-12-20 14:35:00+05:30,1213.3499755859375,1215.800048828125,1213.0,1214.300048828125,243334
2024-12-20 14:40:00+05:30,1214.25,1215.25,1212.75,1213.3499755859375,183568
2024-12-20 14:45:00+05:30,1213.300048828125,1214.3499755859375,1212.1500244140625,1214.25,149634
2024-12-20 14:50:00+05:30,1213.550048828125,1213.9000244140625,1212.050048828125,1213.5,206315
2024-12-20 14:55:00+05:30,1212.0,1213.8499755859375,1212.0,1213.5,252772
2024-12-20 15:00:00+05:30,1206.050048828125,1211.75,1206.0,1211.449951171875,1589831
2024-12-20 15:05:00+05:30,1205.949951171875,1207.0999755859375,1203.75,1206.0999755859375,1569444
2024-12-20 15:10:00+05:30,1203.050048828125,1207.25,1202.800048828125,1206.25,1456849
2024-12-20 15:15:00+05:30,1205.0,1205.0,1201.6500244140625,1203.0999755859375,1619927
2024-12-20 15:20:00+05:30,1204.1500244140625,1206.0,1203.5,1204.699951171875,1293051
2024-12-20 15:25:00+05:30,1205.6500244140625,1206.949951171875,1204.0,1204.0999755859375,1020579
2024-12-23 09:15:00+05:30,1219.9000244140625,1220.550048828125,1214.1500244140625,1216.699951171875,0
2024-12-23 09:20:00+05:30,1220.8499755859375,1223.0,1219.4000244140625,1219.9000244140625,435308
2024-12-23 09:25:00+05:30,1217.5,1221.550048828125,1217.0,1221.0,216113
2024-12-23 09:30:00+05:30,1218.75,1220.6500244140625,1217.5,1217.5,124472
2024-12-23 09:35:00+05:30,1216.0,1218.9000244140625,1215.0,1218.300048828125,149617
2024-12-23 09:40:00+05:30,1219.550048828125,1219.8499755859375,1214.0999755859375,1216.25,128288
2024-12-23 09:45:00+05:30,1218.25,1219.800048828125,1217.1500244140625,1219.199951171875,84635
2024-12-23 09:50:00+05:30,1217.449951171875,1221.0,1217.0,1218.300048828125,99015
2024-12-23 09:55:00+05:30,1215.800048828125,1217.1500244140625,1214.449951171875,1217.1500244140625,104738
2024-12-23 10:00:00+05:30,1218.0999755859375,1218.0999755859375,1214.050048828125,1215.800048828125,93340
2024-12-23 10:05:00+05:30,1219.5999755859375,1219.5999755859375,1217.550048828125,1218.0,109593
2024-12-23 10:10:00+05:30,1218.050048828125,1219.800048828125,1216.8499755859375,1219.5999755859375,114286
2024-12-23 10:15:00+05:30,1218.300048828125,1219.0999755859375,1216.199951171875,1218.5,195697
2024-12-23 10:20:00+05:30,1219.0,1219.5,1218.050048828125,1218.050048828125,239777
2024-12-23 10:25:00+05:30,1219.1500244140625,1219.8499755859375,1217.0999755859375,1218.8499755859375,127159
2024-12-23 10:30:00+05:30,1219.949951171875,1220.800048828125,1219.0,1219.1500244140625,169368
2024-12-23 10:35:00+05:30,1220.800048828125,1220.949951171875,1219.6500244140625,1219.8499755859375,120122
2024-12-23 10:40:00+05:30,1219.300048828125,1221.300048828125,1218.8499755859375,1220.800048828125,136808
2024-12-23 10:45:00+05:30,1220.449951171875,1220.9000244140625,1218.5999755859375,1219.300048828125,100809
2024-12-23 10:50:00+05:30,1220.949951171875,1221.0,1219.800048828125,1220.5,78989
2024-12-23 10:55:00+05:30,1222.199951171875,1223.0,1219.550048828125,1220.6500244140625,160069
2024-12-23 11:00:00+05:30,1223.5,1224.0,1222.199951171875,1222.300048828125,139055
2024-12-23 11:05:00+05:30,1224.4000244140625,1224.4000244140625,1222.75,1223.4000244140625,101558
2024-12-23 11:10:00+05:30,1223.8499755859375,1224.5,1223.0,1224.3499755859375,74788
2024-12-23 11:15:00+05:30,1225.0999755859375,1226.199951171875,1223.699951171875,1223.699951171875,182184
2024-12-23 11:20:00+05:30,1224.449951171875,1226.0999755859375,1224.0,1225.199951171875,112712
2024-12-23 11:25:00+05:30,1225.8499755859375,1225.8499755859375,1224.0,1224.4000244140625,78513
2024-12-23 11:30:00+05:30,1226.0,1227.050048828125,1225.550048828125,1225.8499755859375,136873
2024-12-23 11:35:00+05:30,1225.300048828125,1226.5999755859375,1225.1500244140625,1225.9000244140625,60744
2024-12-23 11:40:00+05:30,1225.9000244140625,1226.1500244140625,1224.699951171875,1225.300048828125,77289
2024-12-23 11:45:00+05:30,1226.199951171875,1226.9000244140625,1225.699951171875,1226.1500244140625,66303
2024-12-23 11:50:00+05:30,1226.3499755859375,1226.5,1224.5999755859375,1225.9000244140625,71374
2024-12-23 11:55:00+05:30,1223.3499755859375,1226.449951171875,1222.449951171875,1226.3499755859375,101320
2024-12-23 12:00:00+05:30,1221.699951171875,1224.5,1221.3499755859375,1223.300048828125,81873
2024-12-23 12:05:00+05:30,1221.3499755859375,1222.25,1220.4000244140625,1221.5,124312
2024-12-23 12:10:00+05:30,1220.0999755859375,1221.1500244140625,1218.800048828125,1221.1500244140625,179362
2024-12-23 12:15:00+05:30,1219.5,1220.3499755859375,1218.5,1220.0,107599
2024-12-23 12:20:00+05:30,1219.050048828125,1220.75,1218.5999755859375,1219.300048828125,105303
2024-12-23 12:25:00+05:30,1218.300048828125,1219.5999755859375,1217.699951171875,1218.949951171875,105364
2024-12-23 12:30:00+05:30,1217.449951171875,1218.449951171875,1215.3499755859375,1218.050048828125,163413
2024-12-23 12:35:00+05:30,1216.5,1218.0,1216.050048828125,1217.5,127979
2024-12-23 12:40:00+05:30,1218.949951171875,1219.050048828125,1216.199951171875,1216.199951171875,89243
2024-12-23 12:45:00+05:30,1217.1500244140625,1219.550048828125,1216.75,1218.75,143250
2024-12-23 12:50:00+05:30,1215.3499755859375,1217.4000244140625,1215.0,1217.050048828125,116344
2024-12-23 12:55:00+05:30,1215.300048828125,1216.0999755859375,1214.5,1215.25,84528
2024-12-23 13:00:00+05:30,1217.550048828125,1217.6500244140625,1214.25,1215.25,110839
2024-12-23 13:05:00+05:30,1215.0999755859375,1218.0,1215.0,1217.699951171875,55703
2024-12-23 13:10:00+05:30,1215.0,1216.0,1214.6500244140625,1215.050048828125,86144
2024-12-23 13:15:00+05:30,1215.1500244140625,1216.5,1214.8499755859375,1215.0,97344
2024-12-23 13:20:00+05:30,1215.800048828125,1216.0,1214.949951171875,1215.5,73940
2024-12-23 13:25:00+05:30,1215.1500244140625,1216.0,1214.3499755859375,1216.0,93019
2024-12-23 13:30:00+05:30,1213.800048828125,1215.0999755859375,1213.25,1214.75,134062
2024-12-23 13:35:00+05:30,1215.25,1216.300048828125,1213.25,1213.699951171875,81986
2024-12-23 13:40:00+05:30,1217.9000244140625,1218.050048828125,1214.75,1215.300048828125,93827
2024-12-23 13:45:00+05:30,1217.199951171875,1218.699951171875,1217.0,1217.9000244140625,69812
2024-12-23 13:50:00+05:30,1215.5999755859375,1217.1500244140625,1215.25,1217.050048828125,61942
2024-12-23 13:55:00+05:30,1215.5,1216.0,1214.8499755859375,1215.75,55308
2024-12-23 14:00:00+05:30,1214.800048828125,1215.75,1214.449951171875,1215.449951171875,70050
2024-12-23 14:05:00+05:30,1216.949951171875,1217.199951171875,1213.800048828125,1214.9000244140625,82198
2024-12-23 14:10:00+05:30,1218.8499755859375,1218.949951171875,1216.449951171875,1217.0,69904
2024-12-23 14:15:00+05:30,1220.5999755859375,1221.4000244140625,1218.4000244140625,1218.699951171875,140231
2024-12-23 14:20:00+05:30,1221.0999755859375,1222.0,1220.5999755859375,1220.9000244140625,83845
2024-12-23 14:25:00+05:30,1221.300048828125,1221.5999755859375,1219.300048828125,1221.1500244140625,84164
2024-12-23 14:30:00+05:30,1222.4000244140625,1222.5,1220.9000244140625,1221.300048828125,104254
2024-12-23 14:35:00+05:30,1223.699951171875,1223.9000244140625,1221.9000244140625,1222.3499755859375,110947
2024-12-23 14:40:00+05:30,1221.550048828125,1224.449951171875,1221.4000244140625,1223.800048828125,73566
2024-12-23 14:45:00+05:30,1220.699951171875,1222.0999755859375,1220.4000244140625,1221.4000244140625,66382
2024-12-23 14:50:00+05:30,1221.4000244140625,1221.8499755859375,1220.449951171875,1220.699951171875,57399
2024-12-23 14:55:00+05:30,1221.25,1221.449951171875,1220.4000244140625,1220.8499755859375,63791
2024-12-23 15:00:00+05:30,1221.5,1222.300048828125,1220.5999755859375,1221.449951171875,219636
2024-12-23 15:05:00+05:30,1221.949951171875,1222.25,1220.9000244140625,1221.5,194073
2024-12-23 15:10:00+05:30,1222.8499755859375,1223.0,1221.9000244140625,1222.0,229473
2024-12-23 15:15:00+05:30,1222.550048828125,1222.949951171875,1221.8499755859375,1222.8499755859375,257140
2024-12-23 15:20:00+05:30,1222.8499755859375,1223.1500244140625,1221.8499755859375,1222.550048828125,260595
2024-12-23 15:25:00+05:30,1222.300048828125,1223.8499755859375,1222.0999755859375,1223.050048828125,294959
2024-12-24 09:15:00+05:30,1225.449951171875,1226.199951171875,1221.3499755859375,1223.8499755859375,0
2024-12-24 09:20:00+05:30,1225.9000244140625,1226.8499755859375,1224.449951171875,1225.550048828125,213640
2024-12-24 09:25:00+05:30,1226.0,1227.5,1224.550048828125,1225.75,108498
2024-12-24 09:30:00+05:30,1223.25,1226.800048828125,1223.050048828125,1226.1500244140625,149390
2024-12-24 09:35:00+05:30,1225.4000244140625,1225.800048828125,1223.0999755859375,1223.199951171875,81119
2024-12-24 09:40:00+05:30,1227.949951171875,1228.0,1225.550048828125,1225.9000244140625,78313
2024-12-24 09:45:00+05:30,1226.9000244140625,1228.9000244140625,1226.5,1227.9000244140625,128063
2024-12-24 09:50:00+05:30,1226.6500244140625,1227.9000244140625,1226.050048828125,1226.449951171875,89320
2024-12-24 09:55:00+05:30,1228.800048828125,1228.9000244140625,1226.300048828125,1226.75,73714
2024-12-24 10:00:00+05:30,1227.4000244140625,1229.1500244140625,1227.0,1228.8499755859375,76205
2024-12-24 10:05:00+05:30,1227.6500244140625,1228.0999755859375,1227.0,1227.4000244140625,53095
2024-12-24 10:10:00+05:30,1227.449951171875,1228.800048828125,1227.0,1227.800048828125,56982
2024-12-24 10:15:00+05:30,1228.25,1229.25,1226.9000244140625,1227.25,68373
2024-12-24 10:20:00+05:30,1230.0,1230.0,1228.0,1228.25,142300
2024-12-24 10:25:00+05:30,1230.8499755859375,1231.0,1229.75,1230.0,94683
2024-12-24 10:30:00+05:30,1232.0999755859375,1232.300048828125,1230.0999755859375,1230.9000244140625,157727
2024-12-24 10:35:00+05:30,1232.8499755859375,1233.25,1231.199951171875,1232.25,231354
2024-12-24 10:40:00+05:30,1230.4000244140625,1233.0999755859375,1230.050048828125,1233.0,290898
2024-12-24 10:45:00+05:30,1231.5999755859375,1232.0999755859375,1230.0,1230.5,60677
2024-12-24 10:50:00+05:30,1230.9000244140625,1231.5999755859375,1229.5999755859375,1231.550048828125,55380
2024-12-24 10:55:00+05:30,1230.199951171875,1231.449951171875,1229.5999755859375,1230.800048828125,45646
2024-12-24 11:00:00+05:30,1232.25,1232.5,1230.0999755859375,1230.199951171875,43588
2024-12-24 11:05:00+05:30,1231.8499755859375,1232.300048828125,1231.0,1232.0999755859375,38653
2024-12-24 11:10:00+05:30,1230.5999755859375,1232.0,1230.4000244140625,1231.550048828125,53459
2024-12-24 11:15:00+05:30,1232.25,1232.5,1230.3499755859375,1230.550048828125,55231
2024-12-24 11:20:00+05:30,1232.199951171875,1232.5,1231.300048828125,1232.25,44252
2024-12-24 11:25:00+05:30,1232.5,1232.5999755859375,1231.75,1232.050048828125,58140
2024-12-24 11:30:00+05:30,1231.0,1232.75,1230.5,1232.25,63374
2024-12-24 11:35:00+05:30,1231.5,1232.0,1230.6500244140625,1231.449951171875,80698
2024-12-24 11:40:00+05:30,1231.800048828125,1232.3499755859375,1231.3499755859375,1231.9000244140625,67835
2024-12-24 11:45:00+05:30,1231.0,1232.0,1230.75,1231.300048828125,33930
2024-12-24 11:50:00+05:30,1230.0,1231.0,1230.0,1231.0,93424
2024-12-24 11:55:00+05:30,1229.9000244140625,1230.699951171875,1229.300048828125,1230.1500244140625,72882
2024-12-24 12:00:00+05:30,1227.800048828125,1229.800048828125,1227.6500244140625,1229.800048828125,76249
2024-12-24 12:05:00+05:30,1228.25,1229.550048828125,1227.5999755859375,1228.0,54702
2024-12-24 12:10:00+05:30,1227.699951171875,1228.300048828125,1227.1500244140625,1228.0,32024
2024-12-24 12:15:00+05:30,1226.5,1227.699951171875,1226.0,1227.699951171875,77324
2024-12-24 12:20:00+05:30,1227.8499755859375,1227.9000244140625,1225.8499755859375,1226.5,107014
2024-12-24 12:25:00+05:30,1227.0999755859375,1227.8499755859375,1226.0999755859375,1227.800048828125,43649
2024-12-24 12:30:00+05:30,1226.949951171875,1227.699951171875,1226.4000244140625,1227.300048828125,68834
2024-12-24 12:35:00+05:30,1228.5,1229.0,1226.800048828125,1226.800048828125,72216
2024-12-24 12:40:00+05:30,1228.199951171875,1228.9000244140625,1227.449951171875,1228.5,57326
2024-12-24 12:45:00+05:30,1228.699951171875,1229.800048828125,1227.9000244140625,1227.949951171875,73360
2024-12-24 12:50:00+05:30,1228.300048828125,1229.0,1227.5999755859375,1228.699951171875,57906
2024-12-24 12:55:00+05:30,1227.949951171875,1228.6500244140625,1227.3499755859375,1228.25,54711
2024-12-24 13:00:00+05:30,1228.6500244140625,1229.449951171875,1227.8499755859375,1228.0,85302
2024-12-24 13:05:00+05:30,1229.300048828125,1229.4000244140625,1228.25,1228.6500244140625,65419
2024-12-24 13:10:00+05:30,1229.0,1229.6500244140625,1228.3499755859375,1229.5,42186
2024-12-24 13:15:00+05:30,1229.050048828125,1229.9000244140625,1228.6500244140625,1229.4000244140625,66277
2024-12-24 13:20:00+05:30,1230.550048828125,1230.5999755859375,1228.699951171875,1229.050048828125,115729
2024-12-24 13:25:00+05:30,1229.1500244140625,1230.550048828125,1229.0,1230.550048828125,63995
2024-12-24 13:30:00+05:30,1229.4000244140625,1229.5999755859375,1228.5999755859375,1229.0999755859375,53706
2024-12-24 13:35:00+05:30,1229.0999755859375,1229.75,1228.449951171875,1229.199951171875,44271
2024-12-24 13:40:00+05:30,1227.0,1229.199951171875,1226.9000244140625,1229.1500244140625,112593
2024-12-24 13:45:00+05:30,1226.0,1227.4000244140625,1225.5999755859375,1227.4000244140625,107171
2024-12-24 13:50:00+05:30,1226.1500244140625,1227.0,1225.800048828125,1225.949951171875,66067
2024-12-24 13:55:00+05:30,1224.6500244140625,1226.199951171875,1223.5999755859375,1226.1500244140625,169232
2024-12-24 14:00:00+05:30,1224.0999755859375,1224.949951171875,1224.0,1224.5999755859375,50506
2024-12-24 14:05:00+05:30,1223.949951171875,1224.5999755859375,1223.25,1224.25,76464
2024-12-24 14:10:00+05:30,1225.0999755859375,1225.75,1223.300048828125,1223.9000244140625,61914
2024-12-24 14:15:00+05:30,1222.9000244140625,1225.6500244140625,1222.5,1225.4000244140625,83669
2024-12-24 14:20:00+05:30,1223.9000244140625,1223.949951171875,1222.0999755859375,1222.9000244140625,71029
2024-12-24 14:25:00+05:30,1224.25,1224.4000244140625,1223.3499755859375,1223.9000244140625,81090
2024-12-24 14:30:00+05:30,1223.699951171875,1224.75,1223.1500244140625,1224.3499755859375,79062
2024-12-24 14:35:00+05:30,1222.300048828125,1224.0,1222.0999755859375,1223.75,58564
2024-12-24 14:40:00+05:30,1223.4000244140625,1223.5999755859375,1222.0999755859375,1222.199951171875,50826
2024-12-24 14:45:00+05:30,1222.5,1223.3499755859375,1222.0,1223.25,86643
2024-12-24 14:50:00+05:30,1224.0999755859375,1224.75,1221.699951171875,1222.300048828125,128006
2024-12-24 14:55:00+05:30,1223.0,1225.300048828125,1223.0,1224.050048828125,103655
2024-12-24 15:00:00+05:30,1221.949951171875,1223.4000244140625,1221.0999755859375,1223.300048828125,113366
2024-12-24 15:05:00+05:30,1221.6500244140625,1222.1500244140625,1221.0999755859375,1222.0,128853
2024-12-24 15:10:00+05:30,1221.9000244140625,1222.449951171875,1221.5,1222.3499755859375,78157
2024-12-24 15:15:00+05:30,1223.5,1223.699951171875,1221.5999755859375,1221.8499755859375,127198
2024-12-24 15:20:00+05:30,1224.0,1224.199951171875,1223.050048828125,1223.75,112188
2024-12-24 15:25:00+05:30,1222.75,1224.5,1222.75,1223.949951171875,174449
2024-12-26 09:15:00+05:30,1225.0,1227.5,1223.0,1225.800048828125,0
2024-12-26 09:20:00+05:30,1224.0,1224.8499755859375,1222.75,1224.4000244140625,223925
2024-12-26 09:25:00+05:30,1224.449951171875,1225.699951171875,1223.25,1224.0,125723
2024-12-26 09:30:00+05:30,1224.1500244140625,1225.5999755859375,1224.1500244140625,1224.800048828125,174710
2024-12-26 09:35:00+05:30,1224.949951171875,1225.300048828125,1222.199951171875,1224.5999755859375,93683
2024-12-26 09:40:00+05:30,1223.800048828125,1224.9000244140625,1223.5,1224.9000244140625,50813
2024-12-26 09:45:00+05:30,1224.0,1224.9000244140625,1223.199951171875,1223.800048828125,65153
2024-12-26 09:50:00+05:30,1224.25,1224.25,1223.550048828125,1224.0,36949
2024-12-26 09:55:00+05:30,1223.5,1224.5,1223.0,1224.25,42484
2024-12-26 10:00:00+05:30,1223.699951171875,1223.800048828125,1222.0,1223.5,59524
2024-12-26 10:05:00+05:30,1223.0,1223.699951171875,1221.5999755859375,1223.5999755859375,73067
2024-12-26 10:10:00+05:30,1221.5,1223.0,1221.5,1222.8499755859375,70144
2024-12-26 10:15:00+05:30,1221.050048828125,1222.4000244140625,1221.050048828125,1222.0,68784
2024-12-26 10:20:00+05:30,1221.699951171875,1221.699951171875,1221.0,1221.5,30523
2024-12-26 10:25:00+05:30,1220.550048828125,1222.0999755859375,1220.550048828125,1221.699951171875,48455
2024-12-26 10:30:00+05:30,1220.75,1221.8499755859375,1220.0,1220.800048828125,119667
2024-12-26 10:35:00+05:30,1220.449951171875,1220.75,1219.5999755859375,1220.3499755859375,51458
2024-12-26 10:40:00+05:30,1221.449951171875,1221.8499755859375,1220.050048828125,1220.449951171875,59540
2024-12-26 10:45:00+05:30,1218.949951171875,1221.3499755859375,1218.75,1221.3499755859375,55505
2024-12-26 10:50:00+05:30,1219.550048828125,1219.800048828125,1218.75,1219.25,41826
2024-12-26 10:55:00+05:30,1221.0,1221.800048828125,1219.5,1219.5999755859375,118762
2024-12-26 11:00:00+05:30,1221.550048828125,1222.4000244140625,1221.0,1221.0,51464
2024-12-26 11:05:00+05:30,1221.800048828125,1222.1500244140625,1220.5999755859375,1221.5999755859375,52920
2024-12-26 11:10:00+05:30,1222.449951171875,1222.6500244140625,1221.449951171875,1222.0,45283
2024-12-26 11:15:00+05:30,1220.6500244140625,1222.5999755859375,1220.3499755859375,1222.300048828125,46887
2024-12-26 11:20:00+05:30,1221.199951171875,1221.199951171875,1219.5,1220.4000244140625,101020
2024-12-26 11:25:00+05:30,1222.0,1222.300048828125,1221.0,1221.199951171875,65503
2024-12-26 11:30:00+05:30,1222.800048828125,1222.9000244140625,1221.699951171875,1221.8499755859375,61414
2024-12-26 11:35:00+05:30,1222.550048828125,1222.8499755859375,1222.0,1222.800048828125,77369
2024-12-26 11:40:00+05:30,1222.699951171875,1222.800048828125,1222.1500244140625,1222.5,52358
2024-12-26 11:45:00+05:30,1222.5,1223.3499755859375,1222.199951171875,1222.699951171875,72610
2024-12-26 11:50:00+05:30,1223.199951171875,1223.300048828125,1222.0999755859375,1222.5,57819
2024-12-26 11:55:00+05:30,1223.5,1223.5999755859375,1222.6500244140625,1223.199951171875,45497
2024-12-26 12:00:00+05:30,1223.199951171875,1223.9000244140625,1223.0,1223.5,56929
2024-12-26 12:05:00+05:30,1222.5,1223.25,1222.0999755859375,1223.199951171875,46893
2024-12-26 12:10:00+05:30,1220.8499755859375,1222.5,1220.8499755859375,1222.5,134372
2024-12-26 12:15:00+05:30,1223.0,1223.0,1220.8499755859375,1220.8499755859375,66373
2024-12-26 12:20:00+05:30,1223.800048828125,1223.800048828125,1222.449951171875,1222.949951171875,75029
2024-12-26 12:25:00+05:30,1224.4000244140625,1224.4000244140625,1223.4000244140625,1223.8499755859375,126141
2024-12-26 12:30:00+05:30,1224.25,1224.800048828125,1223.5999755859375,1224.4000244140625,79199
2024-12-26 12:35:00+05:30,1223.75,1224.25,1223.25,1224.25,37502
2024-12-26 12:40:00+05:30,1224.5,1224.5,1223.199951171875,1223.75,104612
2024-12-26 12:45:00+05:30,1223.8499755859375,1224.949951171875,1223.3499755859375,1224.050048828125,59878
2024-12-26 12:50:00+05:30,1223.949951171875,1224.0999755859375,1223.25,1223.8499755859375,39206
2024-12-26 12:55:00+05:30,1223.949951171875,1224.1500244140625,1223.5,1224.0,42538
2024-12-26 13:00:00+05:30,1223.8499755859375,1223.949951171875,1223.25,1223.800048828125,54457
2024-12-26 13:05:00+05:30,1223.699951171875,1223.9000244140625,1223.199951171875,1223.800048828125,95982
2024-12-26 13:10:00+05:30,1223.5999755859375,1224.199951171875,1223.5,1223.75,54488
2024-12-26 13:15:00+05:30,1223.5,1224.0999755859375,1223.050048828125,1223.8499755859375,47329
2024-12-26 13:20:00+05:30,1223.0,1223.449951171875,1222.6500244140625,1223.0,39212
2024-12-26 13:25:00+05:30,1222.550048828125,1223.050048828125,1222.1500244140625,1223.0,34915
2024-12-26 13:30:00+05:30,1220.5999755859375,1223.0,1220.4000244140625,1222.6500244140625,142530
2024-12-26 13:35:00+05:30,1220.1500244140625,1222.9000244140625,1219.0,1220.4000244140625,392631
2024-12-26 13:40:00+05:30,1222.1500244140625,1222.6500244140625,1220.0,1220.050048828125,128793
2024-12-26 13:45:00+05:30,1222.300048828125,1223.3499755859375,1221.6500244140625,1222.1500244140625,78587
2024-12-26 13:50:00+05:30,1221.8499755859375,1222.6500244140625,1221.0,1222.300048828125,64960
2024-12-26 13:55:00+05:30,1220.800048828125,1222.050048828125,1220.550048828125,1221.800048828125,52007
2024-12-26 14:00:00+05:30,1221.0,1221.25,1220.1500244140625,1220.800048828125,62456
2024-12-26 14:05:00+05:30,1220.550048828125,1221.449951171875,1220.300048828125,1221.0,71842
2024-12-26 14:10:00+05:30,1219.4000244140625,1221.0,1219.199951171875,1220.75,88648
2024-12-26 14:15:00+05:30,1218.5,1220.050048828125,1218.5,1219.0999755859375,107944
2024-12-26 14:20:00+05:30,1218.5,1219.5999755859375,1218.25,1218.25,108732
2024-12-26 14:25:00+05:30,1219.0,1219.6500244140625,1218.0999755859375,1218.3499755859375,66525
2024-12-26 14:30:00+05:30,1216.25,1219.3499755859375,1215.9000244140625,1219.0,158329
2024-12-26 14:35:00+05:30,1216.6500244140625,1217.0,1216.1500244140625,1216.75,162614
2024-12-26 14:40:00+05:30,1217.199951171875,1217.5999755859375,1215.300048828125,1216.5999755859375,211162
2024-12-26 14:45:00+05:30,1218.0,1218.75,1216.9000244140625,1217.1500244140625,261964
2024-12-26 14:50:00+05:30,1219.5,1219.5,1218.0,1218.0,319819
2024-12-26 14:55:00+05:30,1218.9000244140625,1219.699951171875,1218.449951171875,1219.199951171875,202343
2024-12-26 15:00:00+05:30,1217.949951171875,1218.9000244140625,1217.699951171875,1218.9000244140625,219718
2024-12-26 15:05:00+05:30,1217.5,1218.050048828125,1217.0,1217.9000244140625,617078
2024-12-26 15:10:00+05:30,1217.0999755859375,1217.5999755859375,1216.550048828125,1217.449951171875,496740
2024-12-26 15:15:00+05:30,1216.3499755859375,1217.6500244140625,1216.1500244140625,1217.0999755859375,757166
2024-12-26 15:20:00+05:30,1215.0999755859375,1217.0,1214.5,1216.3499755859375,791790
2024-12-26 15:25:00+05:30,1217.0,1218.1500244140625,1215.199951171875,1215.4000244140625,555190
2024-12-27 09:15:00+05:30,1220.5,1221.5,1218.0,1219.4000244140625,0
2024-12-27 09:20:00+05:30,1220.550048828125,1221.5,1219.8499755859375,1220.3499755859375,149940
2024-12-27 09:25:00+05:30,1221.3499755859375,1221.5,1219.0,1220.550048828125,92981
2024-12-27 09:30:00+05:30,1220.550048828125,1222.0,1219.5,1221.3499755859375,85875
2024-12-27 09:35:00+05:30,1220.0,1220.949951171875,1219.1500244140625,1220.449951171875,85581
2024-12-27 09:40:00+05:30,1221.8499755859375,1221.8499755859375,1219.5999755859375,1220.1500244140625,64266
2024-12-27 09:45:00+05:30,1222.3499755859375,1223.300048828125,1221.699951171875,1221.9000244140625,171284
2024-12-27 09:50:00+05:30,1223.3499755859375,1224.3499755859375,1222.0999755859375,1222.449951171875,143168
2024-12-27 09:55:00+05:30,1223.4000244140625,1224.800048828125,1222.550048828125,1223.3499755859375,106880
2024-12-27 10:00:00+05:30,1224.0,1225.0,1222.6500244140625,1223.5,111446
2024-12-27 10:05:00+05:30,1223.449951171875,1224.199951171875,1222.550048828125,1224.1500244140625,71184
2024-12-27 10:10:00+05:30,1223.4000244140625,1224.449951171875,1223.0,1223.050048828125,58494
2024-12-27 10:15:00+05:30,1223.0999755859375,1224.300048828125,1222.800048828125,1223.699951171875,88098
2024-12-27 10:20:00+05:30,1223.3499755859375,1223.949951171875,1222.25,1223.4000244140625,85631
2024-12-27 10:25:00+05:30,1225.9000244140625,1225.9000244140625,1222.6500244140625,1223.699951171875,170645
2024-12-27 10:30:00+05:30,1226.800048828125,1227.8499755859375,1225.800048828125,1225.9000244140625,207236
2024-12-27 10:35:00+05:30,1225.800048828125,1227.800048828125,1225.800048828125,1227.300048828125,59937
2024-12-27 10:40:00+05:30,1225.699951171875,1226.199951171875,1224.5,1225.949951171875,77297
2024-12-27 10:45:00+05:30,1224.25,1225.5,1223.800048828125,1225.5,102907
2024-12-27 10:50:00+05:30,1224.25,1224.699951171875,1224.0,1224.300048828125,32518
2024-12-27 10:55:00+05:30,1224.25,1225.75,1224.25,1224.75,51941
2024-12-27 11:00:00+05:30,1224.550048828125,1225.0,1224.199951171875,1224.6500244140625,20403
2024-12-27 11:05:00+05:30,1223.949951171875,1224.800048828125,1223.800048828125,1224.25,31434
2024-12-27 11:10:00+05:30,1224.0,1224.75,1223.699951171875,1224.300048828125,23274
2024-12-27 11:15:00+05:30,1223.0,1224.6500244140625,1223.0,1224.0,85211
2024-12-27 11:20:00+05:30,1222.800048828125,1223.3499755859375,1222.449951171875,1223.0,47631
2024-12-27 11:25:00+05:30,1224.949951171875,1224.949951171875,1222.449951171875,1222.800048828125,75681
2024-12-27 11:30:00+05:30,1225.0,1225.75,1224.25,1224.949951171875,194759
2024-12-27 11:35:00+05:30,1224.5,1225.0,1224.3499755859375,1225.0,33286
2024-12-27 11:40:00+05:30,1225.9000244140625,1225.949951171875,1224.5,1224.5,64039
2024-12-27 11:45:00+05:30,1226.0,1226.0999755859375,1225.75,1225.949951171875,61832
2024-12-27 11:50:00+05:30,1226.550048828125,1226.9000244140625,1225.800048828125,1226.0,59779
2024-12-27 11:55:00+05:30,1226.550048828125,1227.0,1226.0,1226.9000244140625,52744
2024-12-27 12:00:00+05:30,1226.199951171875,1226.800048828125,1225.5,1226.050048828125,55778
2024-12-27 12:05:00+05:30,1225.199951171875,1226.25,1225.0999755859375,1226.0999755859375,64450
2024-12-27 12:10:00+05:30,1225.3499755859375,1225.6500244140625,1225.0,1225.050048828125,46202
2024-12-27 12:15:00+05:30,1224.5999755859375,1225.449951171875,1224.199951171875,1225.4000244140625,56719
2024-12-27 12:20:00+05:30,1224.8499755859375,1225.0,1224.5,1224.550048828125,35852
2024-12-27 12:25:00+05:30,1225.6500244140625,1225.9000244140625,1224.75,1224.9000244140625,52905
2024-12-27 12:30:00+05:30,1225.550048828125,1225.949951171875,1225.0,1225.550048828125,52649
2024-12-27 12:35:00+05:30,1225.25,1226.0999755859375,1224.9000244140625,1225.949951171875,87799
2024-12-27 12:40:00+05:30,1225.800048828125,1225.8499755859375,1224.449951171875,1224.8499755859375,68078
2024-12-27 12:45:00+05:30,1226.199951171875,1226.5,1225.25,1225.75,52199
2024-12-27 12:50:00+05:30,1225.75,1226.4000244140625,1225.3499755859375,1226.199951171875,59763
2024-12-27 12:55:00+05:30,1225.25,1226.0,1225.0,1225.6500244140625,73590
2024-12-27 13:00:00+05:30,1225.199951171875,1225.5999755859375,1224.9000244140625,1225.3499755859375,58147
2024-12-27 13:05:00+05:30,1225.5999755859375,1225.8499755859375,1224.800048828125,1225.25,66018
2024-12-27 13:10:00+05:30,1225.050048828125,1226.4000244140625,1225.0,1225.75,103508
2024-12-27 13:15:00+05:30,1225.0,1225.0,1224.0,1224.699951171875,77684
2024-12-27 13:20:00+05:30,1224.25,1224.949951171875,1224.0,1224.949951171875,63308
2024-12-27 13:25:00+05:30,1224.050048828125,1224.5,1223.199951171875,1224.0999755859375,174425
2024-12-27 13:30:00+05:30,1223.6500244140625,1224.3499755859375,1223.300048828125,1224.050048828125,78194
2024-12-27 13:35:00+05:30,1224.0999755859375,1224.0999755859375,1223.1500244140625,1223.3499755859375,71504
2024-12-27 13:40:00+05:30,1223.5,1224.199951171875,1223.300048828125,1224.050048828125,77157
2024-12-27 13:45:00+05:30,1224.6500244140625,1224.8499755859375,1223.449951171875,1223.5,71754
2024-12-27 13:50:00+05:30,1224.949951171875,1225.25,1224.4000244140625,1224.75,70387
2024-12-27 13:55:00+05:30,1225.800048828125,1225.949951171875,1224.699951171875,1224.699951171875,63710
2024-12-27 14:00:00+05:30,1224.699951171875,1225.949951171875,1224.699951171875,1225.8499755859375,61954
2024-12-27 14:05:00+05:30,1224.5,1224.9000244140625,1224.0,1224.800048828125,67040
2024-12-27 14:10:00+05:30,1224.25,1224.550048828125,1224.0,1224.5,72435
2024-12-27 14:15:00+05:30,1223.199951171875,1224.6500244140625,1223.050048828125,1224.25,69000
2024-12-27 14:20:00+05:30,1223.050048828125,1223.5,1222.550048828125,1223.300048828125,120118
2024-12-27 14:25:00+05:30,1223.300048828125,1223.5,1222.5,1223.050048828125,108025
2024-12-27 14:30:00+05:30,1222.449951171875,1223.5,1222.0,1223.300048828125,70814
2024-12-27 14:35:00+05:30,1222.9000244140625,1223.0999755859375,1222.050048828125,1222.6500244140625,70203
2024-12-27 14:40:00+05:30,1222.199951171875,1223.050048828125,1221.449951171875,1222.5,85899
2024-12-27 14:45:00+05:30,1220.3499755859375,1222.3499755859375,1219.5999755859375,1222.050048828125,143192
2024-12-27 14:50:00+05:30,1219.5999755859375,1220.3499755859375,1218.949951171875,1220.3499755859375,165166
2024-12-27 14:55:00+05:30,1220.300048828125,1220.6500244140625,1219.25,1219.5,110431
2024-12-27 15:00:00+05:30,1221.300048828125,1221.5,1220.050048828125,1220.25,131605
2024-12-27 15:05:00+05:30,1222.050048828125,1222.050048828125,1220.1500244140625,1221.25,308548
2024-12-27 15:10:00+05:30,1220.800048828125,1222.1500244140625,1220.4000244140625,1222.1500244140625,153066
2024-12-27 15:15:00+05:30,1220.8499755859375,1221.1500244140625,1220.449951171875,1221.050048828125,145366
2024-12-27 15:20:00+05:30,1222.25,1222.25,1220.0,1220.800048828125,206025
2024-12-27 15:25:00+05:30,1221.5,1222.3499755859375,1220.949951171875,1222.3499755859375,143210
2024-12-30 09:15:00+05:30,1216.75,1219.1500244140625,1214.3499755859375,1219.1500244140625,0
2024-12-30 09:20:00+05:30,1217.699951171875,1217.9000244140625,1216.199951171875,1217.1500244140625,221147
2024-12-30 09:25:00+05:30,1216.6500244140625,1218.449951171875,1216.199951171875,1217.699951171875,186103
2024-12-30 09:30:00+05:30,1217.75,1217.9000244140625,1216.0,1216.9000244140625,79628
2024-12-30 09:35:00+05:30,1218.0,1219.0,1217.0,1217.6500244140625,81072
2024-12-30 09:40:00+05:30,1217.8499755859375,1218.5999755859375,1216.0,1217.949951171875,161761
2024-12-30 09:45:00+05:30,1219.1500244140625,1219.699951171875,1217.050048828125,1217.8499755859375,136020
2024-12-30 09:50:00+05:30,1219.3499755859375,1220.6500244140625,1218.199951171875,1219.25,136259
2024-12-30 09:55:00+05:30,1216.949951171875,1219.75,1216.6500244140625,1219.5,69665
2024-12-30 10:00:00+05:30,1218.199951171875,1218.9000244140625,1216.8499755859375,1216.949951171875,38393
2024-12-30 10:05:00+05:30,1217.9000244140625,1218.6500244140625,1216.25,1218.199951171875,77804
2024-12-30 10:10:00+05:30,1218.949951171875,1218.949951171875,1217.449951171875,1217.9000244140625,58239
2024-12-30 10:15:00+05:30,1218.199951171875,1219.5999755859375,1217.5,1218.949951171875,53848
2024-12-30 10:20:00+05:30,1218.9000244140625,1219.0,1217.699951171875,1218.1500244140625,30838
2024-12-30 10:25:00+05:30,1219.5999755859375,1219.5999755859375,1218.75,1218.9000244140625,40389
2024-12-30 10:30:00+05:30,1219.0,1220.4000244140625,1218.949951171875,1219.25,53798
2024-12-30 10:35:00+05:30,1219.0,1219.550048828125,1218.5,1219.0,47368
2024-12-30 10:40:00+05:30,1219.5999755859375,1219.699951171875,1218.0,1218.699951171875,39998
2024-12-30 10:45:00+05:30,1221.5,1221.5999755859375,1219.199951171875,1219.800048828125,142532
2024-12-30 10:50:00+05:30,1219.5999755859375,1221.5,1219.300048828125,1221.25,97605
2024-12-30 10:55:00+05:30,1218.5,1220.25,1218.4000244140625,1219.800048828125,42068
2024-12-30 11:00:00+05:30,1218.199951171875,1219.0,1217.199951171875,1218.75,99227
2024-12-30 11:05:00+05:30,1219.9000244140625,1220.0999755859375,1217.5999755859375,1218.199951171875,66438
2024-12-30 11:10:00+05:30,1219.9000244140625,1220.4000244140625,1219.5,1219.949951171875,32758
2024-12-30 11:15:00+05:30,1220.9000244140625,1220.9000244140625,1219.5999755859375,1220.25,35695
2024-12-30 11:20:00+05:30,1221.300048828125,1221.4000244140625,1220.25,1220.9000244140625,40328
2024-12-30 11:25:00+05:30,1221.0,1221.5,1220.5,1221.4000244140625,46446
2024-12-30 11:30:00+05:30,1222.25,1223.0,1221.0999755859375,1221.199951171875,90634
2024-12-30 11:35:00+05:30,1222.1500244140625,1222.9000244140625,1221.0999755859375,1222.6500244140625,52242
2024-12-30 11:40:00+05:30,1221.6500244140625,1222.4000244140625,1221.0999755859375,1222.0,69155
2024-12-30 11:45:00+05:30,1221.699951171875,1221.800048828125,1220.949951171875,1221.5999755859375,63875
2024-12-30 11:50:00+05:30,1220.3499755859375,1223.050048828125,1220.0,1221.800048828125,166036
2024-12-30 11:55:00+05:30,1220.050048828125,1220.9000244140625,1219.5,1220.300048828125,61380
2024-12-30 12:00:00+05:30,1219.9000244140625,1220.5999755859375,1219.5,1220.050048828125,58045
2024-12-30 12:05:00+05:30,1219.949951171875,1220.0,1218.5,1219.9000244140625,64885
2024-12-30 12:10:00+05:30,1219.0999755859375,1220.550048828125,1218.949951171875,1219.949951171875,56394
2024-12-30 12:15:00+05:30,1218.8499755859375,1219.8499755859375,1218.3499755859375,1219.25,59995
2024-12-30 12:20:00+05:30,1218.6500244140625,1219.4000244140625,1218.4000244140625,1219.0,48930
2024-12-30 12:25:00+05:30,1216.6500244140625,1219.4000244140625,1216.0999755859375,1218.5,80167
2024-12-30 12:30:00+05:30,1216.699951171875,1216.949951171875,1215.25,1216.5999755859375,95634
2024-12-30 12:35:00+05:30,1216.449951171875,1217.1500244140625,1215.75,1216.699951171875,64313
2024-12-30 12:40:00+05:30,1216.199951171875,1216.449951171875,1215.5999755859375,1216.1500244140625,52716
2024-12-30 12:45:00+05:30,1216.300048828125,1217.5999755859375,1215.800048828125,1216.199951171875,63235
2024-12-30 12:50:00+05:30,1216.25,1216.550048828125,1215.5999755859375,1216.300048828125,66649
2024-12-30 12:55:00+05:30,1215.949951171875,1216.550048828125,1215.050048828125,1216.199951171875,77304
2024-12-30 13:00:00+05:30,1215.300048828125,1215.949951171875,1214.550048828125,1215.949951171875,127821
2024-12-30 13:05:00+05:30,1215.0,1215.699951171875,1215.0,1215.4000244140625,68343
2024-12-30 13:10:00+05:30,1215.0,1215.9000244140625,1214.699951171875,1214.8499755859375,96065
2024-12-30 13:15:00+05:30,1215.550048828125,1215.8499755859375,1214.4000244140625,1215.0,77415
2024-12-30 13:20:00+05:30,1214.8499755859375,1215.5,1214.5,1215.4000244140625,52560
2024-12-30 13:25:00+05:30,1213.9000244140625,1214.9000244140625,1213.3499755859375,1214.8499755859375,102225
2024-12-30 13:30:00+05:30,1214.0999755859375,1214.300048828125,1212.300048828125,1213.949951171875,334155
2024-12-30 13:35:00+05:30,1214.550048828125,1214.9000244140625,1213.300048828125,1214.050048828125,222161
2024-12-30 13:40:00+05:30,1214.0999755859375,1214.9000244140625,1214.0,1214.550048828125,84895
2024-12-30 13:45:00+05:30,1213.25,1214.4000244140625,1212.550048828125,1214.1500244140625,209282
2024-12-30 13:50:00+05:30,1211.0999755859375,1213.300048828125,1211.0,1213.300048828125,130005
2024-12-30 13:55:00+05:30,1212.25,1212.4000244140625,1210.8499755859375,1211.0999755859375,80072
2024-12-30 14:00:00+05:30,1211.1500244140625,1212.25,1210.0999755859375,1212.25,106105
2024-12-30 14:05:00+05:30,1211.0999755859375,1211.5999755859375,1210.1500244140625,1211.0999755859375,75968
2024-12-30 14:10:00+05:30,1210.75,1211.0999755859375,1210.050048828125,1211.0999755859375,80992
2024-12-30 14:15:00+05:30,1211.0,1211.5999755859375,1210.0999755859375,1210.300048828125,72366
2024-12-30 14:20:00+05:30,1211.1500244140625,1211.300048828125,1209.449951171875,1210.9000244140625,125470
2024-12-30 14:25:00+05:30,1209.9000244140625,1211.1500244140625,1209.550048828125,1211.1500244140625,66430
2024-12-30 14:30:00+05:30,1211.75,1212.050048828125,1209.9000244140625,1209.9000244140625,108876
2024-12-30 14:35:00+05:30,1212.6500244140625,1212.800048828125,1210.6500244140625,1211.75,81320
2024-12-30 14:40:00+05:30,1213.5999755859375,1213.699951171875,1211.9000244140625,1212.6500244140625,102553
2024-12-30 14:45:00+05:30,1212.0999755859375,1213.5999755859375,1211.699951171875,1213.5999755859375,77994
2024-12-30 14:50:00+05:30,1212.0,1212.800048828125,1210.9000244140625,1212.4000244140625,98718
2024-12-30 14:55:00+05:30,1212.5,1213.199951171875,1211.75,1212.0,103259
2024-12-30 15:00:00+05:30,1213.0,1214.25,1211.449951171875,1213.0,243955
2024-12-30 15:05:00+05:30,1213.449951171875,1213.5,1211.550048828125,1213.199951171875,323980
2024-12-30 15:10:00+05:30,1209.199951171875,1214.0,1208.75,1213.949951171875,434002
2024-12-30 15:15:00+05:30,1209.449951171875,1210.949951171875,1209.0999755859375,1209.199951171875,495067
2024-12-30 15:20:00+05:30,1209.699951171875,1210.5,1208.0999755859375,1209.550048828125,464764
2024-12-30 15:25:00+05:30,1212.0,1212.0,1209.75,1209.800048828125,336518
2024-12-31 09:15:00+05:30,1209.5999755859375,1212.4000244140625,1208.300048828125,1208.300048828125,0
2024-12-31 09:20:00+05:30,1208.949951171875,1210.449951171875,1208.1500244140625,1209.449951171875,125943
2024-12-31 09:25:00+05:30,1208.800048828125,1209.8499755859375,1208.25,1208.949951171875,93231
2024-12-31 09:30:00+05:30,1211.199951171875,1211.4000244140625,1208.25,1208.699951171875,71353
2024-12-31 09:35:00+05:30,1213.25,1213.75,1211.199951171875,1211.199951171875,85735
2024-12-31 09:40:00+05:30,1210.550048828125,1213.9000244140625,1209.75,1213.25,76381
2024-12-31 09:45:00+05:30,1210.550048828125,1211.3499755859375,1209.6500244140625,1210.550048828125,57110
2024-12-31 09:50:00+05:30,1208.699951171875,1210.550048828125,1208.050048828125,1210.550048828125,80125
2024-12-31 09:55:00+05:30,1210.0,1210.3499755859375,1208.0,1208.699951171875,62058
2024-12-31 10:00:00+05:30,1210.300048828125,1210.9000244140625,1208.4000244140625,1209.699951171875,49583
2024-12-31 10:05:00+05:30,1206.949951171875,1210.4000244140625,1206.5,1210.0,102090
2024-12-31 10:10:00+05:30,1207.0,1207.550048828125,1206.1500244140625,1206.9000244140625,50712
2024-12-31 10:15:00+05:30,1209.699951171875,1209.75,1207.0,1207.449951171875,54454
2024-12-31 10:20:00+05:30,1211.5,1211.5,1208.5999755859375,1209.300048828125,73445
2024-12-31 10:25:00+05:30,1208.949951171875,1211.75,1208.5999755859375,1211.4000244140625,144134
2024-12-31 10:30:00+05:30,1209.5,1209.699951171875,1208.5,1208.5,47929
2024-12-31 10:35:00+05:30,1209.550048828125,1211.0,1209.0999755859375,1209.5,45308
2024-12-31 10:40:00+05:30,1210.4000244140625,1210.4000244140625,1209.050048828125,1209.8499755859375,31888
2024-12-31 10:45:00+05:30,1210.5999755859375,1211.0,1209.4000244140625,1210.5,53464
2024-12-31 10:50:00+05:30,1214.9000244140625,1215.4000244140625,1210.4000244140625,1210.75,152068
2024-12-31 10:55:00+05:30,1214.0,1215.300048828125,1213.0,1214.8499755859375,174162
2024-12-31 11:00:00+05:30,1212.8499755859375,1215.0,1212.550048828125,1214.0999755859375,56593
2024-12-31 11:05:00+05:30,1216.050048828125,1216.6500244140625,1212.800048828125,1212.9000244140625,108506
2024-12-31 11:10:00+05:30,1216.449951171875,1216.949951171875,1215.199951171875,1215.75,57109
2024-12-31 11:15:00+05:30,1214.9000244140625,1216.5,1213.800048828125,1216.449951171875,121684
2024-12-31 11:20:00+05:30,1215.050048828125,1215.5,1214.0,1214.699951171875,32447
2024-12-31 11:25:00+05:30,1214.4000244140625,1215.5999755859375,1213.75,1215.3499755859375,34919
2024-12-31 11:30:00+05:30,1213.0,1214.449951171875,1212.5,1214.3499755859375,47355
2024-12-31 11:35:00+05:30,1213.0,1213.0,1212.0999755859375,1213.0,57696
2024-12-31 11:40:00+05:30,1214.8499755859375,1214.949951171875,1212.949951171875,1212.949951171875,50878
2024-12-31 11:45:00+05:30,1214.8499755859375,1215.0,1214.5,1214.8499755859375,31876
2024-12-31 11:50:00+05:30,1212.449951171875,1215.4000244140625,1212.0,1214.8499755859375,99666
2024-12-31 11:55:00+05:30,1212.949951171875,1213.0,1211.4000244140625,1212.5,40391
2024-12-31 12:00:00+05:30,1212.5,1213.949951171875,1212.300048828125,1212.949951171875,34158
2024-12-31 12:05:00+05:30,1211.8499755859375,1212.5999755859375,1211.199951171875,1212.5,51902
2024-12-31 12:10:00+05:30,1211.5999755859375,1213.1500244140625,1211.3499755859375,1211.8499755859375,49895
2024-12-31 12:15:00+05:30,1211.949951171875,1212.0,1211.0,1211.75,48476
2024-12-31 12:20:00+05:30,1213.5,1213.5,1211.699951171875,1211.800048828125,53256
2024-12-31 12:25:00+05:30,1213.199951171875,1214.3499755859375,1212.5,1213.199951171875,54243
2024-12-31 12:30:00+05:30,1212.9000244140625,1213.5,1212.5999755859375,1213.199951171875,52709
2024-12-31 12:35:00+05:30,1211.6500244140625,1213.4000244140625,1211.5,1213.0999755859375,55827
2024-12-31 12:40:00+05:30,1211.9000244140625,1212.0,1211.0,1211.5999755859375,49538
2024-12-31 12:45:00+05:30,1211.550048828125,1212.0,1211.0,1212.0,46665
2024-12-31 12:50:00+05:30,1211.0999755859375,1212.1500244140625,1210.199951171875,1211.449951171875,75079
2024-12-31 12:55:00+05:30,1210.5999755859375,1211.800048828125,1210.050048828125,1210.949951171875,48881
2024-12-31 13:00:00+05:30,1211.0,1211.4000244140625,1210.199951171875,1210.5999755859375,43057
2024-12-31 13:05:00+05:30,1211.699951171875,1212.0,1210.699951171875,1211.0999755859375,41102
2024-12-31 13:10:00+05:30,1211.4000244140625,1211.949951171875,1211.0,1211.699951171875,38710
2024-12-31 13:15:00+05:30,1211.25,1211.75,1210.949951171875,1211.4000244140625,63668
2024-12-31 13:20:00+05:30,1212.5,1212.9000244140625,1211.050048828125,1211.199951171875,73572
2024-12-31 13:25:00+05:30,1213.0999755859375,1213.300048828125,1211.800048828125,1212.5,54737
2024-12-31 13:30:00+05:30,1212.949951171875,1213.75,1212.699951171875,1213.0999755859375,50826
2024-12-31 13:35:00+05:30,1215.800048828125,1215.800048828125,1212.699951171875,1213.4000244140625,89622
2024-12-31 13:40:00+05:30,1215.0999755859375,1216.699951171875,1215.0,1215.300048828125,85945
2024-12-31 13:45:00+05:30,1214.8499755859375,1216.0,1214.800048828125,1215.0,54855
2024-12-31 13:50:00+05:30,1214.699951171875,1215.5,1214.3499755859375,1214.8499755859375,62838
2024-12-31 13:55:00+05:30,1214.9000244140625,1215.5,1214.1500244140625,1214.800048828125,51035
2024-12-31 14:00:00+05:30,1215.550048828125,1215.9000244140625,1214.1500244140625,1214.699951171875,145549
2024-12-31 14:05:00+05:30,1218.6500244140625,1219.0999755859375,1215.5,1215.5,201727
2024-12-31 14:10:00+05:30,1217.75,1218.949951171875,1217.0999755859375,1218.75,70451
2024-12-31 14:15:00+05:30,1215.199951171875,1217.949951171875,1215.0999755859375,1217.550048828125,78120
2024-12-31 14:20:00+05:30,1214.0999755859375,1215.449951171875,1213.3499755859375,1215.3499755859375,99075
2024-12-31 14:25:00+05:30,1214.5,1215.050048828125,1213.800048828125,1213.949951171875,84476
2024-12-31 14:30:00+05:30,1214.4000244140625,1214.699951171875,1213.0,1214.5,106787
2024-12-31 14:35:00+05:30,1215.0,1215.5,1213.550048828125,1214.25,86662
2024-12-31 14:40:00+05:30,1214.550048828125,1215.5999755859375,1213.0999755859375,1214.8499755859375,74338
2024-12-31 14:45:00+05:30,1215.199951171875,1215.300048828125,1214.050048828125,1214.6500244140625,62057
2024-12-31 14:50:00+05:30,1214.300048828125,1215.4000244140625,1214.0,1215.199951171875,61901
2024-12-31 14:55:00+05:30,1215.550048828125,1215.75,1214.0,1214.5999755859375,63984
2024-12-31 15:00:00+05:30,1215.300048828125,1215.699951171875,1214.5,1215.699951171875,128486
2024-12-31 15:05:00+05:30,1215.75,1216.449951171875,1215.0,1215.25,166692
2024-12-31 15:10:00+05:30,1215.5,1216.25,1215.050048828125,1215.75,137178
2024-12-31 15:15:00+05:30,1215.199951171875,1215.5999755859375,1214.0999755859375,1215.25,231930
2024-12-31 15:20:00+05:30,1215.25,1215.9000244140625,1214.550048828125,1215.1500244140625,222411
2024-12-31 15:25:00+05:30,1216.050048828125,1216.9000244140625,1215.199951171875,1215.449951171875,227321
2025-01-01 09:15:00+05:30,1216.550048828125,1217.0,1213.5,1215.8499755859375,0
2025-01-01 09:20:00+05:30,1215.199951171875,1216.949951171875,1215.0,1216.449951171875,107892
2025-01-01 09:25:00+05:30,1216.300048828125,1216.3499755859375,1214.800048828125,1214.8499755859375,52763
2025-01-01 09:30:00+05:30,1216.9000244140625,1217.4000244140625,1215.5999755859375,1216.300048828125,63941
2025-01-01 09:35:00+05:30,1217.25,1217.9000244140625,1216.5,1216.9000244140625,36048
2025-01-01 09:40:00+05:30,1216.199951171875,1217.4000244140625,1215.449951171875,1217.300048828125,44969
2025-01-01 09:45:00+05:30,1213.699951171875,1216.4000244140625,1213.699951171875,1216.0999755859375,75659
2025-01-01 09:50:00+05:30,1211.699951171875,1214.25,1211.5999755859375,1213.550048828125,62004
2025-01-01 09:55:00+05:30,1212.800048828125,1213.8499755859375,1211.5999755859375,1211.699951171875,41621
2025-01-01 10:00:00+05:30,1212.5999755859375,1213.75,1212.0999755859375,1213.0,32121
2025-01-01 10:05:00+05:30,1213.5999755859375,1213.800048828125,1212.1500244140625,1212.8499755859375,32218
2025-01-01 10:10:00+05:30,1215.5,1216.0,1213.5999755859375,1213.5999755859375,46455
2025-01-01 10:15:00+05:30,1215.449951171875,1216.0,1214.5,1215.0999755859375,63230
2025-01-01 10:20:00+05:30,1215.699951171875,1216.199951171875,1214.699951171875,1215.800048828125,72758
2025-01-01 10:25:00+05:30,1216.4000244140625,1216.9000244140625,1215.050048828125,1215.699951171875,60830
2025-01-01 10:30:00+05:30,1217.0,1217.0,1216.0,1216.449951171875,91513
2025-01-01 10:35:00+05:30,1217.9000244140625,1218.5,1216.1500244140625,1217.0,192771
2025-01-01 10:40:00+05:30,1217.0999755859375,1218.449951171875,1217.050048828125,1217.449951171875,52126
2025-01-01 10:45:00+05:30,1218.949951171875,1219.0,1216.6500244140625,1217.050048828125,85869
2025-01-01 10:50:00+05:30,1220.25,1220.75,1218.949951171875,1219.0,115421
2025-01-01 10:55:00+05:30,1220.4000244140625,1221.0,1220.0,1220.550048828125,47488
2025-01-01 11:00:00+05:30,1219.5,1220.699951171875,1219.25,1220.300048828125,40832
2025-01-01 11:05:00+05:30,1220.6500244140625,1220.699951171875,1219.300048828125,1219.75,38276
2025-01-01 11:10:00+05:30,1220.300048828125,1220.800048828125,1219.550048828125,1220.6500244140625,37146
2025-01-01 11:15:00+05:30,1220.8499755859375,1220.8499755859375,1219.5,1220.3499755859375,42754
2025-01-01 11:20:00+05:30,1219.8499755859375,1220.949951171875,1219.4000244140625,1220.800048828125,40471
2025-01-01 11:25:00+05:30,1219.75,1222.550048828125,1218.800048828125,1219.8499755859375,106722
2025-01-01 11:30:00+05:30,1218.9000244140625,1220.5,1218.75,1219.75,31466
2025-01-01 11:35:00+05:30,1217.1500244140625,1219.0,1217.1500244140625,1218.9000244140625,57362
2025-01-01 11:40:00+05:30,1219.5999755859375,1219.75,1217.050048828125,1217.6500244140625,41621
2025-01-01 11:45:00+05:30,1218.5,1220.5,1218.1500244140625,1219.550048828125,33737
2025-01-01 11:50:00+05:30,1216.8499755859375,1218.949951171875,1216.8499755859375,1218.5,40744
2025-01-01 11:55:00+05:30,1217.550048828125,1218.0,1216.5999755859375,1217.0,27919
2025-01-01 12:00:00+05:30,1219.0999755859375,1219.3499755859375,1217.5,1217.800048828125,40402
2025-01-01 12:05:00+05:30,1220.550048828125,1220.75,1218.25,1219.0,132562
2025-01-01 12:10:00+05:30,1220.300048828125,1220.550048828125,1220.0,1220.4000244140625,35245
2025-01-01 12:15:00+05:30,1221.449951171875,1221.800048828125,1220.0,1220.300048828125,48552
2025-01-01 12:20:00+05:30,1223.9000244140625,1225.3499755859375,1221.3499755859375,1221.8499755859375,492569
2025-01-01 12:25:00+05:30,1223.9000244140625,1224.949951171875,1223.300048828125,1223.8499755859375,40531
2025-01-01 12:30:00+05:30,1225.0,1226.25,1223.5999755859375,1223.9000244140625,102595
2025-01-01 12:35:00+05:30,1225.5999755859375,1225.699951171875,1223.5999755859375,1225.0,54996
2025-01-01 12:40:00+05:30,1223.75,1225.800048828125,1223.199951171875,1225.5999755859375,194989
2025-01-01 12:45:00+05:30,1223.5,1224.6500244140625,1223.4000244140625,1223.949951171875,52518
2025-01-01 12:50:00+05:30,1224.199951171875,1225.949951171875,1223.300048828125,1223.699951171875,124982
2025-01-01 12:55:00+05:30,1222.6500244140625,1224.449951171875,1222.199951171875,1224.199951171875,101714
2025-01-01 13:00:00+05:30,1223.0,1223.0999755859375,1221.8499755859375,1222.699951171875,63205
2025-01-01 13:05:00+05:30,1222.25,1223.449951171875,1221.949951171875,1222.9000244140625,40654
2025-01-01 13:10:00+05:30,1222.1500244140625,1222.300048828125,1221.050048828125,1222.25,29790
2025-01-01 13:15:00+05:30,1222.3499755859375,1223.0,1221.5999755859375,1222.1500244140625,35390
2025-01-01 13:20:00+05:30,1222.3499755859375,1222.800048828125,1221.800048828125,1222.300048828125,14127
2025-01-01 13:25:00+05:30,1221.4000244140625,1223.699951171875,1221.25,1222.300048828125,41314
2025-01-01 13:30:00+05:30,1222.3499755859375,1222.800048828125,1221.25,1221.4000244140625,31139
2025-01-01 13:35:00+05:30,1222.4000244140625,1222.699951171875,1221.199951171875,1222.5,30405
2025-01-01 13:40:00+05:30,1222.949951171875,1223.3499755859375,1222.300048828125,1222.3499755859375,18715
2025-01-01 13:45:00+05:30,1222.25,1223.449951171875,1221.949951171875,1222.949951171875,70890
2025-01-01 13:50:00+05:30,1223.050048828125,1223.9000244140625,1221.800048828125,1222.449951171875,43794
2025-01-01 13:55:00+05:30,1223.0999755859375,1223.1500244140625,1221.699951171875,1223.0,71795
2025-01-01 14:00:00+05:30,1224.8499755859375,1225.5,1222.949951171875,1223.050048828125,281324
2025-01-01 14:05:00+05:30,1225.699951171875,1225.949951171875,1224.699951171875,1224.9000244140625,120877
2025-01-01 14:10:00+05:30,1224.1500244140625,1225.699951171875,1223.699951171875,1225.6500244140625,191328
2025-01-01 14:15:00+05:30,1223.25,1224.300048828125,1222.5999755859375,1224.1500244140625,62304
2025-01-01 14:20:00+05:30,1222.699951171875,1223.199951171875,1222.4000244140625,1223.0,56970
2025-01-01 14:25:00+05:30,1223.6500244140625,1224.0,1222.199951171875,1223.0999755859375,62915
2025-01-01 14:30:00+05:30,1224.75,1224.75,1223.4000244140625,1223.6500244140625,61707
2025-01-01 14:35:00+05:30,1224.25,1225.949951171875,1224.050048828125,1224.9000244140625,77343
2025-01-01 14:40:00+05:30,1223.5,1224.5999755859375,1223.0999755859375,1224.25,57693
2025-01-01 14:45:00+05:30,1222.050048828125,1223.5999755859375,1221.4000244140625,1223.3499755859375,94507
2025-01-01 14:50:00+05:30,1221.300048828125,1222.050048828125,1221.199951171875,1222.050048828125,66574
2025-01-01 14:55:00+05:30,1220.9000244140625,1221.6500244140625,1220.449951171875,1221.5999755859375,95432
2025-01-01 15:00:00+05:30,1220.699951171875,1221.4000244140625,1220.25,1221.0,117421
2025-01-01 15:05:00+05:30,1220.5999755859375,1221.0,1219.9000244140625,1221.0,110949
2025-01-01 15:10:00+05:30,1221.5,1221.949951171875,1220.3499755859375,1220.949951171875,116401
2025-01-01 15:15:00+05:30,1221.300048828125,1221.8499755859375,1220.75,1221.75,102569
2025-01-01 15:20:00+05:30,1222.0,1222.0,1220.800048828125,1221.699951171875,119608
2025-01-01 15:25:00+05:30,1223.0,1223.0,1221.6500244140625,1221.8499755859375,128670
2025-01-02 09:15:00+05:30,1227.9000244140625,1228.550048828125,1222.0,1225.6500244140625,0
2025-01-02 09:20:00+05:30,1224.6500244140625,1227.8499755859375,1224.6500244140625,1227.8499755859375,126600
2025-01-02 09:25:00+05:30,1224.25,1225.449951171875,1223.3499755859375,1224.5999755859375,80642
2025-01-02 09:30:00+05:30,1224.6500244140625,1224.75,1223.0,1223.8499755859375,73105
2025-01-02 09:35:00+05:30,1224.9000244140625,1225.5,1222.9000244140625,1224.6500244140625,89773
2025-01-02 09:40:00+05:30,1224.949951171875,1225.9000244140625,1224.0,1224.9000244140625,59331
2025-01-02 09:45:00+05:30,1223.5,1225.5999755859375,1223.0,1225.0999755859375,66776
2025-01-02 09:50:00+05:30,1224.800048828125,1225.0,1223.0,1223.4000244140625,106724
2025-01-02 09:55:00+05:30,1224.800048828125,1226.5,1224.5,1224.5,153235
2025-01-02 10:00:00+05:30,1223.949951171875,1225.0999755859375,1223.699951171875,1224.8499755859375,74003
2025-01-02 10:05:00+05:30,1223.550048828125,1224.9000244140625,1223.300048828125,1224.25,77537
2025-01-02 10:10:00+05:30,1221.6500244140625,1224.949951171875,1221.6500244140625,1223.5999755859375,109992
2025-01-02 10:15:00+05:30,1222.050048828125,1222.550048828125,1220.25,1222.050048828125,147065
2025-01-02 10:20:00+05:30,1222.0,1223.0,1221.0,1222.050048828125,84461
2025-01-02 10:25:00+05:30,1222.8499755859375,1223.1500244140625,1221.5,1222.0,61300
2025-01-02 10:30:00+05:30,1223.5,1224.5,1222.5999755859375,1222.8499755859375,44688
2025-01-02 10:35:00+05:30,1222.449951171875,1224.25,1221.4000244140625,1223.550048828125,74813
2025-01-02 10:40:00+05:30,1223.4000244140625,1224.0,1222.5,1222.550048828125,49578
2025-01-02 10:45:00+05:30,1225.0,1225.3499755859375,1223.199951171875,1223.3499755859375,126146
2025-01-02 10:50:00+05:30,1224.5999755859375,1226.0,1224.199951171875,1225.0,132905
2025-01-02 10:55:00+05:30,1225.25,1225.550048828125,1224.1500244140625,1224.8499755859375,93484
2025-01-02 11:00:00+05:30,1224.25,1225.449951171875,1223.6500244140625,1225.25,139249
2025-01-02 11:05:00+05:30,1225.25,1226.300048828125,1223.550048828125,1224.5,150400
2025-01-02 11:10:00+05:30,1225.5999755859375,1226.0,1224.949951171875,1225.5,88035
2025-01-02 11:15:00+05:30,1225.550048828125,1226.25,1224.9000244140625,1225.550048828125,91375
2025-01-02 11:20:00+05:30,1226.5999755859375,1227.0,1224.6500244140625,1225.5,208762
2025-01-02 11:25:00+05:30,1226.4000244140625,1227.449951171875,1226.0999755859375,1226.5999755859375,173815
2025-01-02 11:30:00+05:30,1226.949951171875,1227.5,1225.5,1226.449951171875,107831
2025-01-02 11:35:00+05:30,1228.199951171875,1228.8499755859375,1226.550048828125,1226.949951171875,177104
2025-01-02 11:40:00+05:30,1228.050048828125,1228.4000244140625,1226.8499755859375,1228.199951171875,125010
2025-01-02 11:45:00+05:30,1230.0,1230.0,1227.5999755859375,1228.0999755859375,252309
2025-01-02 11:50:00+05:30,1227.75,1230.5,1227.5,1229.949951171875,199609
2025-01-02 11:55:00+05:30,1227.6500244140625,1228.449951171875,1227.300048828125,1227.550048828125,86831
2025-01-02 12:00:00+05:30,1229.050048828125,1229.4000244140625,1227.8499755859375,1228.0,86385
2025-01-02 12:05:00+05:30,1229.699951171875,1230.0,1228.800048828125,1229.0,70600
2025-01-02 12:10:00+05:30,1228.8499755859375,1229.9000244140625,1228.1500244140625,1229.699951171875,92074
2025-01-02 12:15:00+05:30,1228.5999755859375,1228.8499755859375,1227.3499755859375,1228.800048828125,56688
2025-01-02 12:20:00+05:30,1228.5999755859375,1229.0,1228.0,1228.6500244140625,33733
2025-01-02 12:25:00+05:30,1230.449951171875,1231.199951171875,1228.800048828125,1228.800048828125,234429
2025-01-02 12:30:00+05:30,1231.1500244140625,1232.949951171875,1230.199951171875,1230.6500244140625,272230
2025-01-02 12:35:00+05:30,1231.5,1231.800048828125,1230.0999755859375,1231.199951171875,144570
2025-01-02 12:40:00+05:30,1231.3499755859375,1233.0999755859375,1230.699951171875,1231.5,386608
2025-01-02 12:45:00+05:30,1232.449951171875,1233.449951171875,1231.300048828125,1231.300048828125,257194
2025-01-02 12:50:00+05:30,1232.1500244140625,1233.75,1231.949951171875,1232.25,178759
2025-01-02 12:55:00+05:30,1231.5999755859375,1232.75,1230.5999755859375,1232.6500244140625,154721
2025-01-02 13:00:00+05:30,1232.5,1233.449951171875,1230.699951171875,1231.5999755859375,162909
2025-01-02 13:05:00+05:30,1234.949951171875,1234.949951171875,1232.5,1232.699951171875,242223
2025-01-02 13:10:00+05:30,1232.5999755859375,1235.0,1232.25,1234.9000244140625,353459
2025-01-02 13:15:00+05:30,1235.5,1235.949951171875,1232.300048828125,1232.550048828125,394022
2025-01-02 13:20:00+05:30,1236.75,1237.199951171875,1234.9000244140625,1235.5,693773
2025-01-02 13:25:00+05:30,1236.3499755859375,1238.0,1236.25,1237.199951171875,527175
2025-01-02 13:30:00+05:30,1238.0,1238.5999755859375,1235.050048828125,1236.9000244140625,416869
2025-01-02 13:35:00+05:30,1241.3499755859375,1242.199951171875,1237.8499755859375,1238.4000244140625,618702
2025-01-02 13:40:00+05:30,1240.5,1242.5,1240.050048828125,1241.550048828125,254027
2025-01-02 13:45:00+05:30,1240.0,1241.0,1240.0,1240.4000244140625,297796
2025-01-02 13:50:00+05:30,1238.449951171875,1240.4000244140625,1238.0999755859375,1240.050048828125,206806
2025-01-02 13:55:00+05:30,1238.0,1239.25,1237.5999755859375,1238.449951171875,167791
2025-01-02 14:00:00+05:30,1239.0999755859375,1240.050048828125,1237.800048828125,1238.1500244140625,189133
2025-01-02 14:05:00+05:30,1238.949951171875,1239.699951171875,1238.0999755859375,1239.1500244140625,190818
2025-01-02 14:10:00+05:30,1237.0999755859375,1238.8499755859375,1237.050048828125,1238.800048828125,391351
2025-01-02 14:15:00+05:30,1238.0,1238.5999755859375,1236.699951171875,1237.0999755859375,368640
2025-01-02 14:20:00+05:30,1237.9000244140625,1239.550048828125,1237.6500244140625,1238.25,386806
2025-01-02 14:25:00+05:30,1237.9000244140625,1238.550048828125,1237.1500244140625,1238.0,211873
2025-01-02 14:30:00+05:30,1238.25,1238.449951171875,1237.050048828125,1237.75,254576
2025-01-02 14:35:00+05:30,1239.8499755859375,1239.949951171875,1238.050048828125,1238.5,230341
2025-01-02 14:40:00+05:30,1240.4000244140625,1240.449951171875,1238.550048828125,1239.5,263383
2025-01-02 14:45:00+05:30,1240.699951171875,1240.699951171875,1240.0,1240.449951171875,125004
2025-01-02 14:50:00+05:30,1243.6500244140625,1243.6500244140625,1240.4000244140625,1240.75,176930
2025-01-02 14:55:00+05:30,1242.800048828125,1244.4000244140625,1241.8499755859375,1243.6500244140625,229221
2025-01-02 15:00:00+05:30,1241.300048828125,1243.050048828125,1240.300048828125,1243.050048828125,400996
2025-01-02 15:05:00+05:30,1242.699951171875,1243.550048828125,1241.1500244140625,1241.449951171875,403516
2025-01-02 15:10:00+05:30,1241.5,1242.699951171875,1241.5,1242.5999755859375,299553
2025-01-02 15:15:00+05:30,1241.0999755859375,1242.4000244140625,1240.699951171875,1241.550048828125,392953
2025-01-02 15:20:00+05:30,1241.75,1242.0,1240.9000244140625,1241.0,365107
2025-01-02 15:25:00+05:30,1240.800048828125,1242.1500244140625,1240.0,1241.800048828125,214667
2025-01-03 09:15:00+05:30,1239.3499755859375,1243.3499755859375,1236.199951171875,1243.3499755859375,0
2025-01-03 09:20:00+05:30,1237.949951171875,1239.949951171875,1237.050048828125,1239.5,213424
2025-01-03 09:25:00+05:30,1236.0,1237.6500244140625,1235.75,1237.6500244140625,163717
2025-01-03 09:30:00+05:30,1238.449951171875,1241.0,1235.800048828125,1236.0,894732
2025-01-03 09:35:00+05:30,1238.9000244140625,1240.050048828125,1238.050048828125,1238.300048828125,183095
2025-01-03 09:40:00+05:30,1240.050048828125,1241.75,1238.800048828125,1238.8499755859375,161979
2025-01-03 09:45:00+05:30,1239.4000244140625,1241.1500244140625,1239.3499755859375,1240.1500244140625,111567
2025-01-03 09:50:00+05:30,1239.1500244140625,1240.5,1238.3499755859375,1239.3499755859375,108265
2025-01-03 09:55:00+05:30,1237.699951171875,1239.3499755859375,1237.25,1238.800048828125,98505
2025-01-03 10:00:00+05:30,1241.5999755859375,1241.699951171875,1237.300048828125,1237.75,141384
2025-01-03 10:05:00+05:30,1240.300048828125,1243.0,1240.1500244140625,1241.5999755859375,183065
2025-01-03 10:10:00+05:30,1239.4000244140625,1241.0,1239.0,1240.300048828125,135589
2025-01-03 10:15:00+05:30,1240.050048828125,1240.5999755859375,1239.300048828125,1239.6500244140625,102390
2025-01-03 10:20:00+05:30,1243.1500244140625,1243.4000244140625,1240.0,1240.0999755859375,132970
2025-01-03 10:25:00+05:30,1242.3499755859375,1243.25,1241.3499755859375,1243.199951171875,91727
2025-01-03 10:30:00+05:30,1241.199951171875,1243.199951171875,1240.199951171875,1242.3499755859375,272788
2025-01-03 10:35:00+05:30,1241.550048828125,1242.449951171875,1241.0,1241.050048828125,124795
2025-01-03 10:40:00+05:30,1243.800048828125,1243.9000244140625,1241.5,1241.5999755859375,149397
2025-01-03 10:45:00+05:30,1244.800048828125,1244.800048828125,1243.050048828125,1243.800048828125,196810
2025-01-03 10:50:00+05:30,1244.0,1245.449951171875,1243.1500244140625,1244.8499755859375,143855
2025-01-03 10:55:00+05:30,1243.550048828125,1244.199951171875,1242.449951171875,1244.0,98580
2025-01-03 11:00:00+05:30,1245.199951171875,1245.800048828125,1242.6500244140625,1243.25,120041
2025-01-03 11:05:00+05:30,1246.5,1246.8499755859375,1244.6500244140625,1245.050048828125,133069
2025-01-03 11:10:00+05:30,1247.300048828125,1247.8499755859375,1245.3499755859375,1246.4000244140625,174580
2025-01-03 11:15:00+05:30,1249.300048828125,1249.300048828125,1247.0999755859375,1247.5,216644
2025-01-03 11:20:00+05:30,1252.1500244140625,1252.6500244140625,1249.050048828125,1249.300048828125,319125
2025-01-03 11:25:00+05:30,1250.0,1252.5,1249.300048828125,1252.199951171875,365122
2025-01-03 11:30:00+05:30,1252.25,1252.449951171875,1249.5,1250.0,451448
2025-01-03 11:35:00+05:30,1253.800048828125,1255.300048828125,1252.199951171875,1252.4000244140625,475233
2025-01-03 11:40:00+05:30,1255.3499755859375,1255.699951171875,1254.0,1254.300048828125,203134
2025-01-03 11:45:00+05:30,1255.3499755859375,1256.75,1254.449951171875,1255.199951171875,163165
2025-01-03 11:50:00+05:30,1255.449951171875,1255.8499755859375,1254.550048828125,1255.4000244140625,203288
2025-01-03 11:55:00+05:30,1258.0,1258.0,1255.050048828125,1255.1500244140625,187346
2025-01-03 12:00:00+05:30,1258.0,1259.699951171875,1257.5,1258.199951171875,189393
2025-01-03 12:05:00+05:30,1256.0,1258.0,1255.0,1257.8499755859375,109006
2025-01-03 12:10:00+05:30,1257.0,1257.550048828125,1254.5,1255.3499755859375,135014
2025-01-03 12:15:00+05:30,1258.3499755859375,1258.5999755859375,1255.949951171875,1257.0999755859375,371715
2025-01-03 12:20:00+05:30,1259.5,1259.699951171875,1258.050048828125,1258.3499755859375,292886
2025-01-03 12:25:00+05:30,1259.0,1261.199951171875,1258.0,1259.550048828125,415675
2025-01-03 12:30:00+05:30,1257.5,1259.199951171875,1256.4000244140625,1258.949951171875,82428
2025-01-03 12:35:00+05:30,1257.0,1257.800048828125,1255.300048828125,1257.300048828125,93617
2025-01-03 12:40:00+05:30,1256.199951171875,1256.949951171875,1255.25,1256.550048828125,63958
2025-01-03 12:45:00+05:30,1256.550048828125,1257.199951171875,1255.0,1256.199951171875,73187
2025-01-03 12:50:00+05:30,1256.0999755859375,1256.800048828125,1255.5,1256.5999755859375,75318
2025-01-03 12:55:00+05:30,1257.300048828125,1257.75,1255.699951171875,1256.1500244140625,129777
2025-01-03 13:00:00+05:30,1258.6500244140625,1258.9000244140625,1256.4000244140625,1257.1500244140625,75062
2025-01-03 13:05:00+05:30,1259.4000244140625,1259.4000244140625,1258.449951171875,1258.5999755859375,111610
2025-01-03 13:10:00+05:30,1259.0999755859375,1259.6500244140625,1257.9000244140625,1259.449951171875,116783
2025-01-03 13:15:00+05:30,1260.5999755859375,1260.800048828125,1258.5999755859375,1259.0999755859375,256691
2025-01-03 13:20:00+05:30,1261.3499755859375,1261.3499755859375,1259.75,1260.25,137026
2025-01-03 13:25:00+05:30,1260.8499755859375,1261.75,1260.3499755859375,1261.3499755859375,110610
2025-01-03 13:30:00+05:30,1261.449951171875,1262.0,1260.4000244140625,1260.800048828125,201541
2025-01-03 13:35:00+05:30,1260.0,1261.300048828125,1259.449951171875,1261.050048828125,109404
2025-01-03 13:40:00+05:30,1260.800048828125,1261.699951171875,1259.550048828125,1260.0,121976
2025-01-03 13:45:00+05:30,1258.5,1260.949951171875,1258.0,1260.8499755859375,126860
2025-01-03 13:50:00+05:30,1258.0,1259.0,1257.050048828125,1258.5,112310
2025-01-03 13:55:00+05:30,1256.4000244140625,1258.0999755859375,1255.9000244140625,1257.550048828125,139564
2025-01-03 14:00:00+05:30,1255.3499755859375,1256.5,1254.75,1256.4000244140625,188298
2025-01-03 14:05:00+05:30,1255.300048828125,1257.550048828125,1254.5,1255.4000244140625,149956
2025-01-03 14:10:00+05:30,1254.300048828125,1255.550048828125,1253.75,1255.3499755859375,191078
2025-01-03 14:15:00+05:30,1253.0,1254.75,1252.1500244140625,1254.199951171875,187490
2025-01-03 14:20:00+05:30,1253.0999755859375,1254.0999755859375,1252.5999755859375,1253.050048828125,133829
2025-01-03 14:25:00+05:30,1253.4000244140625,1254.25,1253.050048828125,1253.0999755859375,101695
2025-01-03 14:30:00+05:30,1252.199951171875,1253.75,1251.050048828125,1253.5,149866
2025-01-03 14:35:00+05:30,1253.8499755859375,1253.9000244140625,1251.0999755859375,1252.25,136925
2025-01-03 14:40:00+05:30,1253.300048828125,1254.0,1252.1500244140625,1253.9000244140625,143392
2025-01-03 14:45:00+05:30,1254.199951171875,1255.0,1252.9000244140625,1252.9000244140625,191156
2025-01-03 14:50:00+05:30,1254.5,1254.550048828125,1252.5999755859375,1253.8499755859375,170789
2025-01-03 14:55:00+05:30,1253.550048828125,1255.0999755859375,1253.0,1254.199951171875,168841
2025-01-03 15:00:00+05:30,1251.449951171875,1253.5999755859375,1251.0,1253.449951171875,450848
2025-01-03 15:05:00+05:30,1250.8499755859375,1251.449951171875,1249.0,1251.449951171875,432822
2025-01-03 15:10:00+05:30,1250.6500244140625,1252.050048828125,1249.5999755859375,1250.949951171875,370108
2025-01-03 15:15:00+05:30,1250.800048828125,1251.449951171875,1249.6500244140625,1250.699951171875,370394
2025-01-03 15:20:00+05:30,1252.050048828125,1252.6500244140625,1249.9000244140625,1250.9000244140625,675428
2025-01-03 15:25:00+05:30,1249.8499755859375,1252.050048828125,1249.199951171875,1252.050048828125,311514
2025-01-06 09:15:00+05:30,1249.5999755859375,1253.699951171875,1249.0999755859375,1253.0,0
2025-01-06 09:20:00+05:30,1256.300048828125,1256.75,1248.1500244140625,1249.25,193899
2025-01-06 09:25:00+05:30,1260.0999755859375,1260.800048828125,1256.1500244140625,1256.1500244140625,324200
2025-01-06 09:30:00+05:30,1259.75,1261.8499755859375,1258.0,1260.0,236487
2025-01-06 09:35:00+05:30,1254.699951171875,1259.300048828125,1253.1500244140625,1259.0999755859375,161042
2025-01-06 09:40:00+05:30,1249.5,1254.5,1249.3499755859375,1254.0,172285
2025-01-06 09:45:00+05:30,1248.199951171875,1249.75,1245.0,1249.75,272678
2025-01-06 09:50:00+05:30,1247.1500244140625,1248.9000244140625,1245.800048828125,1247.800048828125,104105
2025-01-06 09:55:00+05:30,1249.5999755859375,1251.949951171875,1246.4000244140625,1247.449951171875,928182
2025-01-06 10:00:00+05:30,1250.4000244140625,1253.6500244140625,1249.300048828125,1249.300048828125,511940
2025-01-06 10:05:00+05:30,1251.25,1252.699951171875,1248.25,1250.050048828125,85774
2025-01-06 10:10:00+05:30,1252.0,1252.550048828125,1251.0,1251.9000244140625,57289
2025-01-06 10:15:00+05:30,1251.050048828125,1253.5999755859375,1250.449951171875,1252.0,77138
2025-01-06 10:20:00+05:30,1250.25,1252.8499755859375,1250.25,1250.550048828125,41106
2025-01-06 10:25:00+05:30,1249.6500244140625,1251.699951171875,1249.0999755859375,1250.25,746208
2025-01-06 10:30:00+05:30,1249.699951171875,1250.5999755859375,1249.0,1249.6500244140625,206149
2025-01-06 10:35:00+05:30,1250.0999755859375,1250.5999755859375,1249.199951171875,1250.0,64146
2025-01-06 10:40:00+05:30,1245.800048828125,1250.199951171875,1245.75,1250.0999755859375,107414
2025-01-06 10:45:00+05:30,1243.0,1245.800048828125,1242.550048828125,1245.550048828125,228045
2025-01-06 10:50:00+05:30,1240.9000244140625,1243.050048828125,1239.5999755859375,1243.050048828125,233776
2025-01-06 10:55:00+05:30,1240.5,1241.800048828125,1239.449951171875,1240.550048828125,173018
2025-01-06 11:00:00+05:30,1237.25,1240.949951171875,1236.800048828125,1240.8499755859375,180077
2025-01-06 11:05:00+05:30,1235.699951171875,1237.75,1235.699951171875,1236.8499755859375,172006
2025-01-06 11:10:00+05:30,1234.4000244140625,1235.949951171875,1231.5999755859375,1235.75,655094
2025-01-06 11:15:00+05:30,1235.4000244140625,1235.4000244140625,1231.949951171875,1234.1500244140625,162751
2025-01-06 11:20:00+05:30,1235.5,1238.699951171875,1233.449951171875,1235.5999755859375,467469
2025-01-06 11:25:00+05:30,1239.1500244140625,1239.949951171875,1235.0,1236.0,103960
2025-01-06 11:30:00+05:30,1237.949951171875,1240.199951171875,1237.5,1239.199951171875,93448
2025-01-06 11:35:00+05:30,1238.0999755859375,1239.25,1236.5999755859375,1237.8499755859375,82071
2025-01-06 11:40:00+05:30,1233.5,1239.3499755859375,1233.449951171875,1238.0,201789
2025-01-06 11:45:00+05:30,1230.699951171875,1235.0,1230.050048828125,1233.0999755859375,246090
2025-01-06 11:50:00+05:30,1228.0,1231.0999755859375,1227.050048828125,1230.449951171875,244307
2025-01-06 11:55:00+05:30,1225.0999755859375,1228.199951171875,1224.050048828125,1227.800048828125,240725
2025-01-06 12:00:00+05:30,1226.25,1227.300048828125,1224.3499755859375,1225.5,292245
2025-01-06 12:05:00+05:30,1228.199951171875,1230.0,1225.1500244140625,1226.1500244140625,154265
2025-01-06 12:10:00+05:30,1231.050048828125,1231.550048828125,1228.0,1228.1500244140625,108210
2025-01-06 12:15:00+05:30,1230.300048828125,1231.5,1229.5,1230.9000244140625,106751
2025-01-06 12:20:00+05:30,1231.8499755859375,1233.5,1230.199951171875,1230.300048828125,128777
2025-01-06 12:25:00+05:30,1230.4000244140625,1232.800048828125,1230.050048828125,1232.0,67640
2025-01-06 12:30:00+05:30,1232.0,1232.9000244140625,1229.5999755859375,1230.1500244140625,70917
2025-01-06 12:35:00+05:30,1235.199951171875,1235.199951171875,1231.0,1232.0,96087
2025-01-06 12:40:00+05:30,1233.300048828125,1236.0,1232.5999755859375,1235.199951171875,77531
2025-01-06 12:45:00+05:30,1234.5999755859375,1235.050048828125,1231.9000244140625,1233.4000244140625,84035
2025-01-06 12:50:00+05:30,1234.25,1234.6500244140625,1233.449951171875,1234.5,44940
2025-01-06 12:55:00+05:30,1235.800048828125,1236.0,1233.8499755859375,1234.300048828125,74808
2025-01-06 13:00:00+05:30,1232.0,1236.949951171875,1231.5,1235.9000244140625,116022
2025-01-06 13:05:00+05:30,1231.0,1232.5,1230.449951171875,1232.0,71295
2025-01-06 13:10:00+05:30,1230.3499755859375,1231.550048828125,1229.3499755859375,1231.050048828125,87039
2025-01-06 13:15:00+05:30,1230.699951171875,1231.3499755859375,1228.5999755859375,1230.6500244140625,362365
2025-01-06 13:20:00+05:30,1229.199951171875,1231.800048828125,1228.8499755859375,1231.199951171875,194074
2025-01-06 13:25:00+05:30,1228.75,1229.949951171875,1228.449951171875,1229.199951171875,80258
2025-01-06 13:30:00+05:30,1227.050048828125,1229.199951171875,1225.0,1229.199951171875,228882
2025-01-06 13:35:00+05:30,1229.6500244140625,1229.8499755859375,1227.1500244140625,1227.4000244140625,122066
2025-01-06 13:40:00+05:30,1228.5,1230.25,1227.800048828125,1229.699951171875,75375
2025-01-06 13:45:00+05:30,1227.449951171875,1229.1500244140625,1227.1500244140625,1228.300048828125,77776
2025-01-06 13:50:00+05:30,1225.300048828125,1227.5999755859375,1225.300048828125,1227.449951171875,81777
2025-01-06 13:55:00+05:30,1226.800048828125,1227.6500244140625,1225.449951171875,1225.5999755859375,99836
2025-01-06 14:00:00+05:30,1227.449951171875,1227.5,1226.0999755859375,1226.800048828125,70246
2025-01-06 14:05:00+05:30,1227.6500244140625,1228.300048828125,1226.0999755859375,1227.449951171875,123568
2025-01-06 14:10:00+05:30,1225.5,1228.3499755859375,1225.4000244140625,1228.0,80544
2025-01-06 14:15:00+05:30,1227.0999755859375,1227.949951171875,1225.3499755859375,1225.6500244140625,171388
2025-01-06 14:20:00+05:30,1227.449951171875,1228.449951171875,1226.8499755859375,1227.6500244140625,139346
2025-01-06 14:25:00+05:30,1225.050048828125,1227.550048828125,1225.050048828125,1227.550048828125,176432
2025-01-06 14:30:00+05:30,1223.050048828125,1225.8499755859375,1222.199951171875,1225.6500244140625,305624
2025-01-06 14:35:00+05:30,1221.699951171875,1223.550048828125,1221.3499755859375,1223.0999755859375,165363
2025-01-06 14:40:00+05:30,1220.4000244140625,1222.1500244140625,1220.0,1221.699951171875,250142
2025-01-06 14:45:00+05:30,1221.25,1221.6500244140625,1218.800048828125,1220.4000244140625,154354
2025-01-06 14:50:00+05:30,1220.5999755859375,1221.5,1219.300048828125,1221.3499755859375,116134
2025-01-06 14:55:00+05:30,1220.1500244140625,1220.6500244140625,1219.0,1219.699951171875,132225
2025-01-06 15:00:00+05:30,1218.550048828125,1220.6500244140625,1218.199951171875,1220.449951171875,227695
2025-01-06 15:05:00+05:30,1220.3499755859375,1220.3499755859375,1218.449951171875,1218.5,341162
2025-01-06 15:10:00+05:30,1215.25,1220.449951171875,1215.1500244140625,1220.449951171875,315669
2025-01-06 15:15:00+05:30,1216.6500244140625,1217.0,1215.0,1215.699951171875,415755
2025-01-06 15:20:00+05:30,1218.8499755859375,1218.8499755859375,1216.6500244140625,1216.9000244140625,299152
2025-01-06 15:25:00+05:30,1217.550048828125,1219.949951171875,1216.550048828125,1218.8499755859375,303640
2025-01-07 09:15:00+05:30,1228.75,1229.800048828125,1223.0999755859375,1223.0999755859375,0
2025-01-07 09:20:00+05:30,1227.9000244140625,1228.699951171875,1224.5999755859375,1228.300048828125,233998
2025-01-07 09:25:00+05:30,1229.0,1229.4000244140625,1226.25,1227.8499755859375,148071
2025-01-07 09:30:00+05:30,1232.699951171875,1232.8499755859375,1228.800048828125,1229.9000244140625,169005
2025-01-07 09:35:00+05:30,1234.300048828125,1234.3499755859375,1232.300048828125,1232.699951171875,131851
2025-01-07 09:40:00+05:30,1235.1500244140625,1236.4000244140625,1234.1500244140625,1234.25,121997
2025-01-07 09:45:00+05:30,1230.550048828125,1235.5,1230.199951171875,1235.1500244140625,199607
2025-01-07 09:50:00+05:30,1232.0999755859375,1232.449951171875,1229.800048828125,1230.550048828125,102188
2025-01-07 09:55:00+05:30,1231.6500244140625,1233.1500244140625,1230.449951171875,1232.300048828125,84305
2025-01-07 10:00:00+05:30,1232.25,1234.5,1231.550048828125,1231.5999755859375,91398
2025-01-07 10:05:00+05:30,1230.949951171875,1232.9000244140625,1230.8499755859375,1232.5,106312
2025-01-07 10:10:00+05:30,1237.699951171875,1237.699951171875,1231.0,1231.0,147887
2025-01-07 10:15:00+05:30,1238.0,1239.300048828125,1236.6500244140625,1237.8499755859375,160791
2025-01-07 10:20:00+05:30,1237.9000244140625,1239.5,1237.050048828125,1238.0,73307
2025-01-07 10:25:00+05:30,1240.6500244140625,1240.75,1237.9000244140625,1237.949951171875,136602
2025-01-07 10:30:00+05:30,1240.3499755859375,1242.4000244140625,1240.1500244140625,1241.0999755859375,98955
2025-01-07 10:35:00+05:30,1241.25,1243.0,1240.5999755859375,1240.5999755859375,93143
2025-01-07 10:40:00+05:30,1239.8499755859375,1242.9000244140625,1239.5,1241.25,100295
2025-01-07 10:45:00+05:30,1240.3499755859375,1241.6500244140625,1239.8499755859375,1239.8499755859375,54282
2025-01-07 10:50:00+05:30,1238.0,1240.3499755859375,1237.5,1240.300048828125,61425
2025-01-07 10:55:00+05:30,1239.0,1239.300048828125,1237.800048828125,1237.800048828125,45312
2025-01-07 11:00:00+05:30,1239.4000244140625,1239.949951171875,1238.800048828125,1238.800048828125,38551
2025-01-07 11:05:00+05:30,1238.550048828125,1239.5,1238.449951171875,1239.300048828125,37752
2025-01-07 11:10:00+05:30,1239.8499755859375,1239.949951171875,1238.0,1238.550048828125,35810
2025-01-07 11:15:00+05:30,1240.6500244140625,1240.75,1238.9000244140625,1239.9000244140625,41227
2025-01-07 11:20:00+05:30,1239.8499755859375,1240.75,1239.25,1240.75,39833
2025-01-07 11:25:00+05:30,1239.800048828125,1240.0,1239.0999755859375,1239.8499755859375,38228
2025-01-07 11:30:00+05:30,1241.0,1241.6500244140625,1239.0999755859375,1239.800048828125,44648
2025-01-07 11:35:00+05:30,1240.199951171875,1241.050048828125,1240.1500244140625,1241.050048828125,41447
2025-01-07 11:40:00+05:30,1240.699951171875,1241.8499755859375,1240.0,1240.199951171875,45281
2025-01-07 11:45:00+05:30,1240.75,1241.0999755859375,1240.3499755859375,1240.8499755859375,38548
2025-01-07 11:50:00+05:30,1241.8499755859375,1241.949951171875,1240.550048828125,1240.75,48167
2025-01-07 11:55:00+05:30,1240.199951171875,1242.199951171875,1240.0999755859375,1241.8499755859375,49649
2025-01-07 12:00:00+05:30,1239.050048828125,1240.199951171875,1238.0,1240.199951171875,91010
2025-01-07 12:05:00+05:30,1238.800048828125,1239.949951171875,1238.550048828125,1238.8499755859375,41356
2025-01-07 12:10:00+05:30,1239.6500244140625,1239.800048828125,1238.800048828125,1238.949951171875,49465
2025-01-07 12:15:00+05:30,1239.300048828125,1240.0999755859375,1239.0,1239.6500244140625,63711
2025-01-07 12:20:00+05:30,1239.300048828125,1239.4000244140625,1238.4000244140625,1239.300048828125,67473
2025-01-07 12:25:00+05:30,1238.199951171875,1239.75,1237.5999755859375,1239.199951171875,87485
2025-01-07 12:30:00+05:30,1239.4000244140625,1239.949951171875,1238.050048828125,1238.3499755859375,61152
2025-01-07 12:35:00+05:30,1240.25,1240.5999755859375,1239.4000244140625,1239.6500244140625,102527
2025-01-07 12:40:00+05:30,1240.8499755859375,1241.0,1239.699951171875,1240.25,68687
2025-01-07 12:45:00+05:30,1241.050048828125,1241.949951171875,1240.199951171875,1240.8499755859375,93279
2025-01-07 12:50:00+05:30,1240.6500244140625,1241.4000244140625,1240.199951171875,1241.3499755859375,52033
2025-01-07 12:55:00+05:30,1240.6500244140625,1241.300048828125,1240.25,1240.6500244140625,58907
2025-01-07 13:00:00+05:30,1240.75,1241.25,1240.1500244140625,1240.8499755859375,102673
2025-01-07 13:05:00+05:30,1241.550048828125,1241.550048828125,1240.449951171875,1240.699951171875,70182
2025-01-07 13:10:00+05:30,1240.5999755859375,1241.9000244140625,1240.300048828125,1241.4000244140625,78237
2025-01-07 13:15:00+05:30,1240.4000244140625,1240.9000244140625,1240.0999755859375,1240.5999755859375,71364
2025-01-07 13:20:00+05:30,1240.0999755859375,1241.1500244140625,1240.0,1240.4000244140625,80374
2025-01-07 13:25:00+05:30,1240.300048828125,1240.5,1239.550048828125,1240.050048828125,69383
2025-01-07 13:30:00+05:30,1243.550048828125,1243.5999755859375,1239.9000244140625,1240.1500244140625,158700
2025-01-07 13:35:00+05:30,1241.6500244140625,1243.6500244140625,1241.5,1243.3499755859375,70151
2025-01-07 13:40:00+05:30,1241.0,1242.25,1240.5999755859375,1241.9000244140625,65049
2025-01-07 13:45:00+05:30,1240.300048828125,1241.800048828125,1240.0999755859375,1240.9000244140625,69697
2025-01-07 13:50:00+05:30,1239.5,1240.4000244140625,1239.300048828125,1240.300048828125,108672
2025-01-07 13:55:00+05:30,1238.1500244140625,1240.949951171875,1237.9000244140625,1239.8499755859375,127886
2025-01-07 14:00:00+05:30,1238.0999755859375,1239.949951171875,1237.9000244140625,1238.0,126261
2025-01-07 14:05:00+05:30,1238.0999755859375,1239.3499755859375,1237.699951171875,1238.050048828125,134284
2025-01-07 14:10:00+05:30,1238.0999755859375,1238.75,1237.1500244140625,1238.199951171875,80628
2025-01-07 14:15:00+05:30,1238.0,1239.0,1237.550048828125,1238.0999755859375,114717
2025-01-07 14:20:00+05:30,1238.4000244140625,1238.800048828125,1237.1500244140625,1238.5,118548
2025-01-07 14:25:00+05:30,1238.300048828125,1238.5,1237.5,1238.1500244140625,82205
2025-01-07 14:30:00+05:30,1238.0,1238.5,1236.5999755859375,1238.199951171875,199627
2025-01-07 14:35:00+05:30,1237.050048828125,1238.199951171875,1237.0,1238.0,132397
2025-01-07 14:40:00+05:30,1237.3499755859375,1237.8499755859375,1236.75,1237.050048828125,71869
2025-01-07 14:45:00+05:30,1237.949951171875,1238.9000244140625,1236.949951171875,1237.1500244140625,133664
2025-01-07 14:50:00+05:30,1238.949951171875,1239.449951171875,1237.9000244140625,1238.25,129993
2025-01-07 14:55:00+05:30,1239.0999755859375,1240.25,1238.3499755859375,1238.4000244140625,233902
2025-01-07 15:00:00+05:30,1240.050048828125,1240.25,1238.050048828125,1239.050048828125,397828
2025-01-07 15:05:00+05:30,1241.800048828125,1242.5,1239.5,1240.050048828125,668332
2025-01-07 15:10:00+05:30,1240.9000244140625,1243.5,1240.75,1241.800048828125,621915
2025-01-07 15:15:00+05:30,1240.550048828125,1241.550048828125,1239.8499755859375,1240.800048828125,371423
2025-01-07 15:20:00+05:30,1241.300048828125,1241.4000244140625,1239.449951171875,1240.550048828125,309384
2025-01-07 15:25:00+05:30,1240.199951171875,1242.449951171875,1238.199951171875,1241.199951171875,529236
2025-01-08 09:15:00+05:30,1254.949951171875,1256.1500244140625,1245.4000244140625,1247.8499755859375,0
2025-01-08 09:20:00+05:30,1252.199951171875,1256.4000244140625,1252.050048828125,1255.199951171875,442549
2025-01-08 09:25:00+05:30,1255.25,1256.5999755859375,1251.050048828125,1252.4000244140625,299159
2025-01-08 09:30:00+05:30,1254.949951171875,1257.0,1254.199951171875,1255.449951171875,219055
2025-01-08 09:35:00+05:30,1258.9000244140625,1259.9000244140625,1254.5,1255.0,296685
2025-01-08 09:40:00+05:30,1256.699951171875,1261.300048828125,1256.5,1259.199951171875,451965
2025-01-08 09:45:00+05:30,1255.0,1257.800048828125,1254.5,1256.6500244140625,215620
2025-01-08 09:50:00+05:30,1259.0,1259.050048828125,1254.5,1254.949951171875,284191
2025-01-08 09:55:00+05:30,1259.0999755859375,1260.300048828125,1258.25,1259.0,199230
2025-01-08 10:00:00+05:30,1263.0,1263.550048828125,1259.0,1259.300048828125,375051
2025-01-08 10:05:00+05:30,1264.6500244140625,1266.4000244140625,1262.8499755859375,1263.0999755859375,450002
2025-01-08 10:10:00+05:30,1268.550048828125,1268.800048828125,1264.449951171875,1264.5,319932
2025-01-08 10:15:00+05:30,1268.449951171875,1269.949951171875,1267.199951171875,1268.5999755859375,389883
2025-01-08 10:20:00+05:30,1266.75,1268.9000244140625,1265.0999755859375,1268.5,320755
2025-01-08 10:25:00+05:30,1268.5,1268.9000244140625,1264.9000244140625,1266.949951171875,326751
2025-01-08 10:30:00+05:30,1267.550048828125,1268.9000244140625,1266.4000244140625,1268.6500244140625,434871
2025-01-08 10:35:00+05:30,1261.699951171875,1268.8499755859375,1261.699951171875,1267.6500244140625,422650
2025-01-08 10:40:00+05:30,1259.199951171875,1261.9000244140625,1258.5,1261.9000244140625,636006
2025-01-08 10:45:00+05:30,1264.550048828125,1264.6500244140625,1259.0,1259.050048828125,207352
2025-01-08 10:50:00+05:30,1264.550048828125,1265.6500244140625,1263.449951171875,1264.6500244140625,256570
2025-01-08 10:55:00+05:30,1264.25,1265.25,1263.800048828125,1264.6500244140625,118102
2025-01-08 11:00:00+05:30,1262.199951171875,1265.8499755859375,1262.050048828125,1264.25,131968
2025-01-08 11:05:00+05:30,1263.199951171875,1263.199951171875,1261.5,1262.4000244140625,118307
2025-01-08 11:10:00+05:30,1264.25,1265.4000244140625,1262.5,1263.0,139324
2025-01-08 11:15:00+05:30,1264.25,1265.699951171875,1263.9000244140625,1264.300048828125,118863
2025-01-08 11:20:00+05:30,1261.6500244140625,1264.5999755859375,1261.5,1264.25,97793
2025-01-08 11:25:00+05:30,1261.25,1262.5,1261.1500244140625,1261.5999755859375,72215
2025-01-08 11:30:00+05:30,1263.4000244140625,1263.5999755859375,1261.050048828125,1261.25,88791
2025-01-08 11:35:00+05:30,1263.550048828125,1264.8499755859375,1262.8499755859375,1263.25,124942
2025-01-08 11:40:00+05:30,1263.800048828125,1264.5999755859375,1263.449951171875,1263.9000244140625,67366
2025-01-08 11:45:00+05:30,1264.800048828125,1265.0999755859375,1263.6500244140625,1263.949951171875,118601
2025-01-08 11:50:00+05:30,1265.449951171875,1265.5,1263.449951171875,1264.800048828125,127978
2025-01-08 11:55:00+05:30,1265.0,1265.5999755859375,1264.75,1265.5,198009
2025-01-08 12:00:00+05:30,1261.5999755859375,1265.0999755859375,1261.300048828125,1265.0,171535
2025-01-08 12:05:00+05:30,1261.8499755859375,1262.5,1261.050048828125,1261.949951171875,107545
2025-01-08 12:10:00+05:30,1259.550048828125,1262.199951171875,1259.550048828125,1261.949951171875,210142
2025-01-08 12:15:00+05:30,1261.800048828125,1261.800048828125,1259.0,1259.699951171875,137744
2025-01-08 12:20:00+05:30,1261.4000244140625,1262.550048828125,1260.5999755859375,1261.800048828125,122708
2025-01-08 12:25:00+05:30,1261.1500244140625,1262.0,1260.449951171875,1261.699951171875,102032
2025-01-08 12:30:00+05:30,1260.699951171875,1261.5,1260.0,1261.300048828125,138744
2025-01-08 12:35:00+05:30,1260.949951171875,1261.300048828125,1260.0,1260.699951171875,133221
2025-01-08 12:40:00+05:30,1262.449951171875,1262.949951171875,1259.25,1261.5999755859375,146866
2025-01-08 12:45:00+05:30,1262.25,1263.050048828125,1261.300048828125,1262.6500244140625,111732
2025-01-08 12:50:00+05:30,1264.949951171875,1265.4000244140625,1262.1500244140625,1262.300048828125,205139
2025-01-08 12:55:00+05:30,1270.0,1270.0,1264.699951171875,1264.949951171875,771693
2025-01-08 13:00:00+05:30,1269.550048828125,1270.800048828125,1269.3499755859375,1270.0999755859375,745924
2025-01-08 13:05:00+05:30,1268.449951171875,1269.5999755859375,1267.0,1269.5,215506
2025-01-08 13:10:00+05:30,1266.8499755859375,1268.6500244140625,1266.300048828125,1268.050048828125,183342
2025-01-08 13:15:00+05:30,1267.75,1267.949951171875,1266.1500244140625,1266.8499755859375,121858
2025-01-08 13:20:00+05:30,1265.0999755859375,1268.5,1265.0999755859375,1267.75,180657
2025-01-08 13:25:00+05:30,1265.699951171875,1266.949951171875,1264.5999755859375,1265.0,140746
2025-01-08 13:30:00+05:30,1266.5999755859375,1267.25,1265.6500244140625,1265.699951171875,109904
2025-01-08 13:35:00+05:30,1265.75,1266.949951171875,1265.3499755859375,1266.6500244140625,136493
2025-01-08 13:40:00+05:30,1267.9000244140625,1268.0,1264.9000244140625,1265.75,139249
2025-01-08 13:45:00+05:30,1268.5999755859375,1268.800048828125,1266.800048828125,1267.75,178302
2025-01-08 13:50:00+05:30,1269.050048828125,1270.0,1267.8499755859375,1268.6500244140625,250243
2025-01-08 13:55:00+05:30,1268.75,1268.949951171875,1266.8499755859375,1268.949951171875,199693
2025-01-08 14:00:00+05:30,1267.0,1268.8499755859375,1266.9000244140625,1268.699951171875,147719
2025-01-08 14:05:00+05:30,1268.8499755859375,1269.0,1266.949951171875,1267.0,164961
2025-01-08 14:10:00+05:30,1269.25,1269.3499755859375,1267.800048828125,1268.8499755859375,160886
2025-01-08 14:15:00+05:30,1267.199951171875,1269.449951171875,1267.199951171875,1269.25,192156
2025-01-08 14:20:00+05:30,1268.449951171875,1269.8499755859375,1267.199951171875,1267.25,205287
2025-01-08 14:25:00+05:30,1265.8499755859375,1268.75,1265.6500244140625,1268.5,342617
2025-01-08 14:30:00+05:30,1266.0999755859375,1266.8499755859375,1265.0,1265.8499755859375,209449
2025-01-08 14:35:00+05:30,1265.300048828125,1265.9000244140625,1264.1500244140625,1265.8499755859375,186604
2025-01-08 14:40:00+05:30,1266.800048828125,1266.949951171875,1265.1500244140625,1265.3499755859375,132579
2025-01-08 14:45:00+05:30,1267.8499755859375,1268.300048828125,1266.699951171875,1266.800048828125,131489
2025-01-08 14:50:00+05:30,1267.1500244140625,1268.1500244140625,1266.800048828125,1267.9000244140625,186238
2025-01-08 14:55:00+05:30,1266.5,1267.5,1266.0999755859375,1267.199951171875,148311
2025-01-08 15:00:00+05:30,1265.9000244140625,1267.25,1265.0,1266.5,290931
2025-01-08 15:05:00+05:30,1266.550048828125,1267.0,1265.050048828125,1265.949951171875,283932
2025-01-08 15:10:00+05:30,1266.6500244140625,1267.199951171875,1266.050048828125,1266.5999755859375,373942
2025-01-08 15:15:00+05:30,1265.9000244140625,1266.75,1265.1500244140625,1266.6500244140625,618353
2025-01-08 15:20:00+05:30,1263.949951171875,1265.949951171875,1263.0999755859375,1265.949951171875,441007
2025-01-08 15:25:00+05:30,1261.550048828125,1264.5,1261.1500244140625,1263.9000244140625,346320
2025-01-09 09:15:00+05:30,1262.0,1268.5,1259.5999755859375,1268.5,0
2025-01-09 09:20:00+05:30,1263.050048828125,1265.6500244140625,1260.699951171875,1262.050048828125,330201
2025-01-09 09:25:00+05:30,1262.5999755859375,1263.0999755859375,1260.9000244140625,1263.0999755859375,211024
2025-01-09 09:30:00+05:30,1267.0,1267.0,1261.6500244140625,1262.75,262878
2025-01-09 09:35:00+05:30,1267.4000244140625,1268.4000244140625,1266.5,1266.800048828125,242856
2025-01-09 09:40:00+05:30,1264.550048828125,1267.5999755859375,1264.199951171875,1267.5,229759
2025-01-09 09:45:00+05:30,1264.300048828125,1264.8499755859375,1262.1500244140625,1264.5999755859375,140063
2025-01-09 09:50:00+05:30,1265.800048828125,1265.9000244140625,1263.300048828125,1264.300048828125,123022
2025-01-09 09:55:00+05:30,1265.5999755859375,1266.5,1265.050048828125,1265.9000244140625,90215
2025-01-09 10:00:00+05:30,1265.0,1265.5999755859375,1263.25,1265.5999755859375,112766
2025-01-09 10:05:00+05:30,1264.5,1264.949951171875,1263.199951171875,1264.949951171875,82484
2025-01-09 10:10:00+05:30,1265.199951171875,1266.699951171875,1264.3499755859375,1264.3499755859375,91259
2025-01-09 10:15:00+05:30,1266.050048828125,1266.0999755859375,1264.1500244140625,1265.25,90407
2025-01-09 10:20:00+05:30,1265.8499755859375,1266.050048828125,1265.199951171875,1266.050048828125,62957
2025-01-09 10:25:00+05:30,1262.5999755859375,1267.0,1262.449951171875,1265.699951171875,534404
2025-01-09 10:30:00+05:30,1260.4000244140625,1262.949951171875,1260.050048828125,1262.949951171875,202701
2025-01-09 10:35:00+05:30,1258.8499755859375,1261.3499755859375,1258.800048828125,1260.4000244140625,166112
2025-01-09 10:40:00+05:30,1255.4000244140625,1258.949951171875,1255.4000244140625,1258.8499755859375,232412
2025-01-09 10:45:00+05:30,1251.8499755859375,1255.9000244140625,1250.25,1255.5,393708
2025-01-09 10:50:00+05:30,1252.0999755859375,1252.25,1250.0,1251.5,300433
2025-01-09 10:55:00+05:30,1252.550048828125,1252.800048828125,1250.300048828125,1252.0,175672
2025-01-09 11:00:00+05:30,1254.3499755859375,1254.3499755859375,1251.1500244140625,1252.300048828125,153238
2025-01-09 11:05:00+05:30,1255.800048828125,1256.050048828125,1254.0,1254.3499755859375,96768
2025-01-09 11:10:00+05:30,1257.300048828125,1257.800048828125,1255.550048828125,1255.949951171875,113748
2025-01-09 11:15:00+05:30,1258.300048828125,1258.5,1256.3499755859375,1257.25,91551
2025-01-09 11:20:00+05:30,1259.9000244140625,1260.0,1257.0,1258.25,124005
2025-01-09 11:25:00+05:30,1260.0,1260.199951171875,1259.199951171875,1260.0,84550
2025-01-09 11:30:00+05:30,1259.75,1260.5999755859375,1259.1500244140625,1260.0,117586
2025-01-09 11:35:00+05:30,1260.1500244140625,1260.4000244140625,1259.5999755859375,1259.949951171875,65018
2025-01-09 11:40:00+05:30,1259.449951171875,1260.8499755859375,1259.300048828125,1260.25,76212
2025-01-09 11:45:00+05:30,1258.050048828125,1260.0,1258.050048828125,1259.5,149168
2025-01-09 11:50:00+05:30,1259.5999755859375,1260.199951171875,1258.300048828125,1258.550048828125,102558
2025-01-09 11:55:00+05:30,1261.8499755859375,1262.0,1259.199951171875,1260.0,131658
2025-01-09 12:00:00+05:30,1261.8499755859375,1262.199951171875,1260.449951171875,1261.9000244140625,103487
2025-01-09 12:05:00+05:30,1262.75,1262.949951171875,1261.5999755859375,1261.949951171875,111515
2025-01-09 12:10:00+05:30,1261.25,1263.3499755859375,1260.75,1262.75,100910
2025-01-09 12:15:00+05:30,1262.699951171875,1263.449951171875,1260.5,1261.199951171875,114673
2025-01-09 12:20:00+05:30,1260.449951171875,1262.8499755859375,1260.050048828125,1262.75,139071
2025-01-09 12:25:00+05:30,1259.0999755859375,1261.449951171875,1258.75,1260.550048828125,120518
2025-01-09 12:30:00+05:30,1259.0,1259.199951171875,1256.449951171875,1259.199951171875,132999
2025-01-09 12:35:00+05:30,1258.5999755859375,1259.199951171875,1258.0,1258.8499755859375,67969
2025-01-09 12:40:00+05:30,1257.75,1258.75,1257.6500244140625,1258.6500244140625,62088
2025-01-09 12:45:00+05:30,1256.550048828125,1258.050048828125,1256.199951171875,1257.800048828125,103946
2025-01-09 12:50:00+05:30,1255.0999755859375,1257.4000244140625,1255.0999755859375,1256.550048828125,83216
2025-01-09 12:55:00+05:30,1254.0999755859375,1255.5999755859375,1252.8499755859375,1255.0,171483
2025-01-09 13:00:00+05:30,1255.300048828125,1255.4000244140625,1252.0999755859375,1254.0999755859375,114522
2025-01-09 13:05:00+05:30,1253.8499755859375,1255.5999755859375,1253.1500244140625,1255.5999755859375,98372
2025-01-09 13:10:00+05:30,1256.0,1256.0,1253.550048828125,1254.0,80185
2025-01-09 13:15:00+05:30,1254.199951171875,1256.0999755859375,1253.699951171875,1255.449951171875,81532
2025-01-09 13:20:00+05:30,1254.949951171875,1255.4000244140625,1254.25,1254.300048828125,74586
2025-01-09 13:25:00+05:30,1254.050048828125,1255.0,1253.550048828125,1255.0,69484
2025-01-09 13:30:00+05:30,1252.75,1254.550048828125,1252.6500244140625,1254.0999755859375,88401
2025-01-09 13:35:00+05:30,1252.5999755859375,1253.5,1251.4000244140625,1252.8499755859375,117393
2025-01-09 13:40:00+05:30,1252.449951171875,1252.949951171875,1251.8499755859375,1252.6500244140625,72296
2025-01-09 13:45:00+05:30,1252.699951171875,1253.9000244140625,1251.949951171875,1252.449951171875,82903
2025-01-09 13:50:00+05:30,1249.5,1252.949951171875,1249.4000244140625,1252.75,221783
2025-01-09 13:55:00+05:30,1249.9000244140625,1249.9000244140625,1248.050048828125,1249.550048828125,127960
2025-01-09 14:00:00+05:30,1249.949951171875,1250.0,1248.8499755859375,1249.800048828125,123548
2025-01-09 14:05:00+05:30,1251.300048828125,1252.1500244140625,1249.75,1249.949951171875,120737
2025-01-09 14:10:00+05:30,1251.550048828125,1252.0,1250.800048828125,1251.199951171875,79368
2025-01-09 14:15:00+05:30,1251.300048828125,1251.6500244140625,1250.4000244140625,1251.6500244140625,87909
2025-01-09 14:20:00+05:30,1251.1500244140625,1251.6500244140625,1250.0999755859375,1251.25,132062
2025-01-09 14:25:00+05:30,1250.300048828125,1251.75,1250.199951171875,1251.0999755859375,92802
2025-01-09 14:30:00+05:30,1250.0999755859375,1250.5,1249.449951171875,1250.449951171875,185898
2025-01-09 14:35:00+05:30,1251.449951171875,1251.9000244140625,1250.0999755859375,1250.199951171875,163549
2025-01-09 14:40:00+05:30,1251.8499755859375,1251.9000244140625,1250.949951171875,1251.449951171875,134910
2025-01-09 14:45:00+05:30,1250.9000244140625,1251.9000244140625,1250.699951171875,1251.8499755859375,139400
2025-01-09 14:50:00+05:30,1251.8499755859375,1251.8499755859375,1250.300048828125,1250.9000244140625,173178
2025-01-09 14:55:00+05:30,1252.550048828125,1253.449951171875,1251.25,1251.8499755859375,218766
2025-01-09 15:00:00+05:30,1254.25,1254.9000244140625,1252.1500244140625,1252.6500244140625,481648
2025-01-09 15:05:00+05:30,1254.550048828125,1254.699951171875,1253.0999755859375,1254.25,407760
2025-01-09 15:10:00+05:30,1254.6500244140625,1255.050048828125,1254.050048828125,1254.699951171875,421468
2025-01-09 15:15:00+05:30,1255.800048828125,1255.800048828125,1253.25,1254.550048828125,395667
2025-01-09 15:20:00+05:30,1256.5,1257.699951171875,1254.949951171875,1255.550048828125,377474
2025-01-09 15:25:00+05:30,1257.0,1257.449951171875,1255.699951171875,1256.5,378175
2025-01-10 09:15:00+05:30,1252.4000244140625,1255.949951171875,1252.4000244140625,1254.25,0
2025-01-10 09:20:00+05:30,1252.5999755859375,1255.449951171875,1251.5,1251.5,233194
2025-01-10 09:25:00+05:30,1246.6500244140625,1253.449951171875,1246.5999755859375,1252.800048828125,135964
2025-01-10 09:30:00+05:30,1241.9000244140625,1247.25,1240.8499755859375,1246.75,160823
2025-01-10 09:35:00+05:30,1237.1500244140625,1242.1500244140625,1236.5999755859375,1241.949951171875,156734
2025-01-10 09:40:00+05:30,1240.5,1241.4000244140625,1236.0999755859375,1236.9000244140625,113259
2025-01-10 09:45:00+05:30,1240.300048828125,1241.8499755859375,1240.0,1241.0999755859375,182688
2025-01-10 09:50:00+05:30,1241.75,1242.4000244140625,1240.0,1240.300048828125,73733
2025-01-10 09:55:00+05:30,1240.25,1242.949951171875,1240.0,1242.1500244140625,84575
2025-01-10 10:00:00+05:30,1241.5999755859375,1242.8499755859375,1240.0,1240.199951171875,82407
2025-01-10 10:05:00+05:30,1243.9000244140625,1244.4000244140625,1239.1500244140625,1241.4000244140625,133493
2025-01-10 10:10:00+05:30,1243.199951171875,1244.300048828125,1241.9000244140625,1244.300048828125,62484
2025-01-10 10:15:00+05:30,1242.800048828125,1243.4000244140625,1240.9000244140625,1243.25,64623
2025-01-10 10:20:00+05:30,1244.4000244140625,1244.449951171875,1241.199951171875,1242.550048828125,71117
2025-01-10 10:25:00+05:30,1242.8499755859375,1244.449951171875,1242.550048828125,1244.1500244140625,71922
2025-01-10 10:30:00+05:30,1243.25,1243.9000244140625,1242.3499755859375,1242.8499755859375,57510
2025-01-10 10:35:00+05:30,1243.699951171875,1244.949951171875,1243.050048828125,1243.699951171875,80686
2025-01-10 10:40:00+05:30,1246.25,1246.699951171875,1243.300048828125,1243.550048828125,107368
2025-01-10 10:45:00+05:30,1248.300048828125,1248.949951171875,1246.0,1246.300048828125,89156
2025-01-10 10:50:00+05:30,1248.699951171875,1250.0,1247.0999755859375,1248.300048828125,102361
2025-01-10 10:55:00+05:30,1248.3499755859375,1248.800048828125,1247.449951171875,1248.800048828125,53889
2025-01-10 11:00:00+05:30,1250.8499755859375,1251.0,1248.3499755859375,1248.3499755859375,68245
2025-01-10 11:05:00+05:30,1251.5999755859375,1252.0,1250.699951171875,1251.0,62669
2025-01-10 11:10:00+05:30,1252.949951171875,1252.949951171875,1250.800048828125,1251.5999755859375,55785
2025-01-10 11:15:00+05:30,1252.9000244140625,1254.699951171875,1252.5999755859375,1253.0,86352
2025-01-10 11:20:00+05:30,1250.5,1253.5,1250.3499755859375,1252.9000244140625,88363
2025-01-10 11:25:00+05:30,1252.0,1252.0,1249.3499755859375,1250.550048828125,74391
2025-01-10 11:30:00+05:30,1252.9000244140625,1253.300048828125,1251.5,1252.0,69435
2025-01-10 11:35:00+05:30,1251.25,1253.3499755859375,1251.0999755859375,1253.0,59610
2025-01-10 11:40:00+05:30,1248.550048828125,1251.300048828125,1248.3499755859375,1251.25,88604
2025-01-10 11:45:00+05:30,1249.5,1249.9000244140625,1248.4000244140625,1248.6500244140625,64138
2025-01-10 11:50:00+05:30,1248.0,1249.75,1247.5999755859375,1249.5,48878
2025-01-10 11:55:00+05:30,1248.5999755859375,1249.0,1247.199951171875,1248.050048828125,51704
2025-01-10 12:00:00+05:30,1249.5,1250.25,1248.0999755859375,1248.5999755859375,65819
2025-01-10 12:05:00+05:30,1246.5999755859375,1249.5,1246.5999755859375,1249.5,77668
2025-01-10 12:10:00+05:30,1247.800048828125,1247.8499755859375,1245.050048828125,1246.6500244140625,70454
2025-01-10 12:15:00+05:30,1248.6500244140625,1249.449951171875,1247.300048828125,1247.4000244140625,46780
2025-01-10 12:20:00+05:30,1246.75,1248.8499755859375,1246.75,1248.6500244140625,75857
2025-01-10 12:25:00+05:30,1246.300048828125,1247.25,1246.199951171875,1247.0,61237
2025-01-10 12:30:00+05:30,1246.0999755859375,1247.3499755859375,1245.699951171875,1246.3499755859375,68030
2025-01-10 12:35:00+05:30,1247.25,1247.4000244140625,1245.949951171875,1245.949951171875,47314
2025-01-10 12:40:00+05:30,1249.199951171875,1249.5,1247.25,1247.25,65166
2025-01-10 12:45:00+05:30,1250.199951171875,1250.4000244140625,1248.9000244140625,1249.199951171875,64354
2025-01-10 12:50:00+05:30,1250.449951171875,1250.449951171875,1249.4000244140625,1250.25,69125
2025-01-10 12:55:00+05:30,1249.25,1250.300048828125,1249.0999755859375,1250.300048828125,49950
2025-01-10 13:00:00+05:30,1248.5,1249.949951171875,1248.449951171875,1249.25,53808
2025-01-10 13:05:00+05:30,1248.75,1249.5999755859375,1248.5,1248.5,107551
2025-01-10 13:10:00+05:30,1250.050048828125,1250.4000244140625,1248.0,1248.699951171875,67145
2025-01-10 13:15:00+05:30,1251.050048828125,1251.75,1249.550048828125,1249.8499755859375,94608
2025-01-10 13:20:00+05:30,1251.050048828125,1251.800048828125,1250.800048828125,1250.949951171875,103472
2025-01-10 13:25:00+05:30,1250.0999755859375,1252.0,1249.5999755859375,1251.199951171875,124421
2025-01-10 13:30:00+05:30,1251.0999755859375,1251.550048828125,1249.9000244140625,1250.199951171875,61362
2025-01-10 13:35:00+05:30,1251.0999755859375,1251.5,1251.050048828125,1251.0999755859375,51432
2025-01-10 13:40:00+05:30,1250.8499755859375,1251.300048828125,1249.3499755859375,1250.25,89170
2025-01-10 13:45:00+05:30,1251.449951171875,1251.9000244140625,1250.25,1250.800048828125,75727
2025-01-10 13:50:00+05:30,1251.4000244140625,1252.449951171875,1251.0999755859375,1251.300048828125,69041
2025-01-10 13:55:00+05:30,1251.5,1251.5999755859375,1251.300048828125,1251.5999755859375,57701
2025-01-10 14:00:00+05:30,1252.199951171875,1252.4000244140625,1251.0,1251.449951171875,92646
2025-01-10 14:05:00+05:30,1250.0999755859375,1252.4000244140625,1250.0999755859375,1252.1500244140625,89106
2025-01-10 14:10:00+05:30,1243.25,1250.699951171875,1243.1500244140625,1250.3499755859375,234556
2025-01-10 14:15:00+05:30,1242.1500244140625,1243.5999755859375,1241.550048828125,1243.199951171875,158912
2025-01-10 14:20:00+05:30,1240.75,1243.6500244140625,1240.0999755859375,1242.1500244140625,129549
2025-01-10 14:25:00+05:30,1241.5999755859375,1242.699951171875,1239.6500244140625,1240.699951171875,137220
2025-01-10 14:30:00+05:30,1240.199951171875,1242.0,1239.699951171875,1241.300048828125,179121
2025-01-10 14:35:00+05:30,1240.800048828125,1241.9000244140625,1240.199951171875,1240.199951171875,115898
2025-01-10 14:40:00+05:30,1241.949951171875,1242.25,1239.199951171875,1240.8499755859375,116825
2025-01-10 14:45:00+05:30,1242.25,1242.949951171875,1241.3499755859375,1242.0,106266
2025-01-10 14:50:00+05:30,1242.699951171875,1243.0,1242.25,1242.25,82399
2025-01-10 14:55:00+05:30,1239.9000244140625,1243.9000244140625,1239.8499755859375,1242.800048828125,113330
2025-01-10 15:00:00+05:30,1240.1500244140625,1240.75,1239.300048828125,1239.9000244140625,219200
2025-01-10 15:05:00+05:30,1242.5,1242.5,1240.1500244140625,1240.199951171875,234184
2025-01-10 15:10:00+05:30,1241.199951171875,1242.449951171875,1241.1500244140625,1242.449951171875,191029
2025-01-10 15:15:00+05:30,1242.550048828125,1242.550048828125,1241.0999755859375,1241.199951171875,298570
2025-01-10 15:20:00+05:30,1242.75,1243.199951171875,1242.050048828125,1242.550048828125,231478
2025-01-10 15:25:00+05:30,1245.0,1245.550048828125,1242.699951171875,1242.699951171875,308846
2025-01-13 09:15:00+05:30,1233.300048828125,1233.699951171875,1226.5,1232.25,0
2025-01-13 09:20:00+05:30,1231.4000244140625,1233.5,1229.800048828125,1233.25,246778
2025-01-13 09:25:00+05:30,1233.5999755859375,1234.8499755859375,1231.050048828125,1231.0999755859375,174209
2025-01-13 09:30:00+05:30,1231.5999755859375,1234.050048828125,1230.5,1234.0,147962
2025-01-13 09:35:00+05:30,1231.4000244140625,1231.800048828125,1229.800048828125,1231.5999755859375,128708
2025-01-13 09:40:00+05:30,1232.25,1232.949951171875,1230.699951171875,1231.0,125009
2025-01-13 09:45:00+05:30,1231.699951171875,1232.800048828125,1231.0999755859375,1232.550048828125,107073
2025-01-13 09:50:00+05:30,1233.6500244140625,1233.949951171875,1231.5999755859375,1231.699951171875,88915
2025-01-13 09:55:00+05:30,1237.050048828125,1237.5,1233.5999755859375,1233.75,194130
2025-01-13 10:00:00+05:30,1236.699951171875,1238.0,1235.5999755859375,1237.050048828125,385351
2025-01-13 10:05:00+05:30,1237.300048828125,1238.5,1236.800048828125,1237.050048828125,277179
2025-01-13 10:10:00+05:30,1238.199951171875,1238.800048828125,1236.75,1237.3499755859375,150364
2025-01-13 10:15:00+05:30,1237.4000244140625,1239.5,1237.199951171875,1238.3499755859375,140949
2025-01-13 10:20:00+05:30,1237.1500244140625,1238.5,1236.550048828125,1237.25,104041
2025-01-13 10:25:00+05:30,1239.949951171875,1240.5,1237.3499755859375,1237.3499755859375,116467
2025-01-13 10:30:00+05:30,1240.949951171875,1241.0999755859375,1239.550048828125,1240.0,81570
2025-01-13 10:35:00+05:30,1238.800048828125,1241.199951171875,1238.5999755859375,1240.9000244140625,111442
2025-01-13 10:40:00+05:30,1237.5,1239.550048828125,1236.449951171875,1239.0,140288
2025-01-13 10:45:00+05:30,1238.0,1239.050048828125,1237.199951171875,1237.75,59866
2025-01-13 10:50:00+05:30,1238.75,1239.199951171875,1237.25,1237.949951171875,83209
2025-01-13 10:55:00+05:30,1239.0999755859375,1239.949951171875,1238.1500244140625,1238.550048828125,70159
2025-01-13 11:00:00+05:30,1238.9000244140625,1240.0,1238.199951171875,1239.1500244140625,114974
2025-01-13 11:05:00+05:30,1238.449951171875,1239.0,1238.0,1238.949951171875,88980
2025-01-13 11:10:00+05:30,1238.050048828125,1238.449951171875,1237.550048828125,1238.199951171875,137561
2025-01-13 11:15:00+05:30,1237.699951171875,1240.449951171875,1237.5,1238.300048828125,99112
2025-01-13 11:20:00+05:30,1237.0,1238.0,1236.5999755859375,1237.699951171875,116908
2025-01-13 11:25:00+05:30,1236.8499755859375,1237.0999755859375,1236.25,1237.0999755859375,58773
2025-01-13 11:30:00+05:30,1236.800048828125,1237.25,1236.5,1236.800048828125,49844
2025-01-13 11:35:00+05:30,1236.5,1237.199951171875,1236.1500244140625,1236.800048828125,64457
2025-01-13 11:40:00+05:30,1237.5,1237.5,1236.199951171875,1236.5,50659
2025-01-13 11:45:00+05:30,1237.800048828125,1237.800048828125,1237.1500244140625,1237.5,46454
2025-01-13 11:50:00+05:30,1237.6500244140625,1239.5,1237.4000244140625,1237.800048828125,54310
2025-01-13 11:55:00+05:30,1239.0,1239.949951171875,1237.5999755859375,1237.5999755859375,78739
2025-01-13 12:00:00+05:30,1239.5,1240.5,1238.75,1239.0,96149
2025-01-13 12:05:00+05:30,1240.0,1240.5,1239.1500244140625,1239.199951171875,96532
2025-01-13 12:10:00+05:30,1238.949951171875,1240.5999755859375,1238.9000244140625,1240.050048828125,102409
2025-01-13 12:15:00+05:30,1236.3499755859375,1239.199951171875,1236.300048828125,1238.949951171875,143499
2025-01-13 12:20:00+05:30,1236.949951171875,1237.3499755859375,1236.1500244140625,1236.5999755859375,69844
2025-01-13 12:25:00+05:30,1237.5,1238.0,1236.5,1236.949951171875,58523
2025-01-13 12:30:00+05:30,1236.8499755859375,1237.6500244140625,1236.550048828125,1237.550048828125,152681
2025-01-13 12:35:00+05:30,1240.0999755859375,1240.449951171875,1236.0999755859375,1236.8499755859375,92277
2025-01-13 12:40:00+05:30,1240.550048828125,1240.9000244140625,1239.949951171875,1240.050048828125,81467
2025-01-13 12:45:00+05:30,1240.1500244140625,1240.5,1239.1500244140625,1240.25,125068
2025-01-13 12:50:00+05:30,1240.0,1240.5999755859375,1239.800048828125,1240.1500244140625,206469
2025-01-13 12:55:00+05:30,1239.050048828125,1240.199951171875,1238.949951171875,1239.949951171875,208912
2025-01-13 13:00:00+05:30,1240.199951171875,1240.199951171875,1238.949951171875,1239.0,132900
2025-01-13 13:05:00+05:30,1241.449951171875,1242.6500244140625,1240.0,1240.199951171875,128375
2025-01-13 13:10:00+05:30,1241.5999755859375,1242.5,1240.6500244140625,1241.449951171875,123932
2025-01-13 13:15:00+05:30,1242.800048828125,1242.800048828125,1241.4000244140625,1241.5999755859375,108801
2025-01-13 13:20:00+05:30,1243.5,1245.25,1242.3499755859375,1242.800048828125,187283
2025-01-13 13:25:00+05:30,1243.800048828125,1245.0,1243.25,1243.5999755859375,130429
2025-01-13 13:30:00+05:30,1243.4000244140625,1244.0999755859375,1242.5999755859375,1243.800048828125,281940
2025-01-13 13:35:00+05:30,1242.0,1243.5,1242.0,1243.4000244140625,144295
2025-01-13 13:40:00+05:30,1241.699951171875,1242.4000244140625,1241.0999755859375,1242.0999755859375,133340
2025-01-13 13:45:00+05:30,1239.9000244140625,1242.449951171875,1239.5,1241.699951171875,356356
2025-01-13 13:50:00+05:30,1239.800048828125,1240.449951171875,1239.199951171875,1239.9000244140625,198322
2025-01-13 13:55:00+05:30,1238.300048828125,1240.1500244140625,1238.199951171875,1239.8499755859375,204379
2025-01-13 14:00:00+05:30,1238.5,1239.550048828125,1238.050048828125,1238.300048828125,137117
2025-01-13 14:05:00+05:30,1239.75,1240.5,1238.9000244140625,1238.9000244140625,135152
2025-01-13 14:10:00+05:30,1240.5,1240.699951171875,1239.5,1239.6500244140625,127539
2025-01-13 14:15:00+05:30,1240.4000244140625,1241.9000244140625,1240.050048828125,1240.5,140485
2025-01-13 14:20:00+05:30,1239.5999755859375,1241.0999755859375,1239.4000244140625,1240.3499755859375,230168
2025-01-13 14:25:00+05:30,1239.6500244140625,1240.5,1239.0,1239.5,163605
2025-01-13 14:30:00+05:30,1233.699951171875,1240.050048828125,1233.5999755859375,1239.800048828125,314963
2025-01-13 14:35:00+05:30,1235.199951171875,1235.5999755859375,1233.5,1233.699951171875,493191
2025-01-13 14:40:00+05:30,1238.5,1238.800048828125,1234.5999755859375,1235.1500244140625,307027
2025-01-13 14:45:00+05:30,1240.449951171875,1241.75,1238.199951171875,1238.5,206918
2025-01-13 14:50:00+05:30,1240.3499755859375,1242.5,1239.300048828125,1240.4000244140625,285951
2025-01-13 14:55:00+05:30,1241.949951171875,1242.0999755859375,1240.0,1240.1500244140625,215976
2025-01-13 15:00:00+05:30,1239.050048828125,1242.25,1238.949951171875,1241.75,413568
2025-01-13 15:05:00+05:30,1237.300048828125,1239.050048828125,1236.75,1239.050048828125,464955
2025-01-13 15:10:00+05:30,1237.5999755859375,1239.9000244140625,1237.3499755859375,1238.050048828125,413323
2025-01-13 15:15:00+05:30,1239.699951171875,1239.949951171875,1237.300048828125,1237.550048828125,432092
2025-01-13 15:20:00+05:30,1243.050048828125,1243.300048828125,1239.6500244140625,1239.699951171875,533880
2025-01-13 15:25:00+05:30,1241.300048828125,1244.0,1241.050048828125,1243.1500244140625,463595
2025-01-14 09:15:00+05:30,1249.699951171875,1253.0999755859375,1245.3499755859375,1246.8499755859375,0
2025-01-14 09:20:00+05:30,1252.3499755859375,1252.6500244140625,1247.0,1249.5,288010
2025-01-14 09:25:00+05:30,1248.4000244140625,1252.25,1247.699951171875,1252.199951171875,156927
2025-01-14 09:30:00+05:30,1245.6500244140625,1250.25,1245.5,1248.4000244140625,133615
2025-01-14 09:35:00+05:30,1243.300048828125,1248.050048828125,1243.0,1245.550048828125,171381
2025-01-14 09:40:00+05:30,1244.300048828125,1245.5,1241.050048828125,1243.300048828125,185902
2025-01-14 09:45:00+05:30,1244.550048828125,1246.0999755859375,1243.800048828125,1244.3499755859375,131237
2025-01-14 09:50:00+05:30,1239.0,1245.75,1238.5999755859375,1244.8499755859375,205316
2025-01-14 09:55:00+05:30,1239.6500244140625,1240.6500244140625,1237.449951171875,1238.5999755859375,166533
2025-01-14 10:00:00+05:30,1238.75,1240.050048828125,1237.4000244140625,1239.800048828125,365071
2025-01-14 10:05:00+05:30,1239.449951171875,1239.8499755859375,1238.0,1238.699951171875,157532
2025-01-14 10:10:00+05:30,1238.550048828125,1239.6500244140625,1238.5,1239.449951171875,75432
2025-01-14 10:15:00+05:30,1236.25,1238.550048828125,1235.300048828125,1238.5,158041
2025-01-14 10:20:00+05:30,1238.25,1238.449951171875,1235.1500244140625,1236.0,124697
2025-01-14 10:25:00+05:30,1238.0,1238.449951171875,1235.6500244140625,1238.25,139292
2025-01-14 10:30:00+05:30,1234.1500244140625,1238.550048828125,1234.1500244140625,1238.0,149324
2025-01-14 10:35:00+05:30,1234.25,1236.0,1233.5999755859375,1234.300048828125,171264
2025-01-14 10:40:00+05:30,1235.199951171875,1235.25,1234.0,1234.25,122563
2025-01-14 10:45:00+05:30,1233.949951171875,1235.3499755859375,1233.0999755859375,1235.3499755859375,138987
2025-01-14 10:50:00+05:30,1232.75,1234.800048828125,1232.449951171875,1234.0,239786
2025-01-14 10:55:00+05:30,1234.75,1235.4000244140625,1232.0,1232.75,290799
2025-01-14 11:00:00+05:30,1234.550048828125,1236.0,1234.199951171875,1234.75,255453
2025-01-14 11:05:00+05:30,1234.3499755859375,1236.4000244140625,1234.0,1234.6500244140625,319151
2025-01-14 11:10:00+05:30,1235.449951171875,1235.5,1233.050048828125,1234.050048828125,268455
2025-01-14 11:15:00+05:30,1236.0999755859375,1236.5,1235.0,1235.449951171875,199926
2025-01-14 11:20:00+05:30,1234.8499755859375,1236.4000244140625,1234.449951171875,1235.75,118418
2025-01-14 11:25:00+05:30,1235.1500244140625,1235.199951171875,1234.050048828125,1234.800048828125,70109
2025-01-14 11:30:00+05:30,1233.550048828125,1235.1500244140625,1233.5,1235.1500244140625,97841
2025-01-14 11:35:00+05:30,1232.5999755859375,1233.6500244140625,1232.0,1233.5,171368
2025-01-14 11:40:00+05:30,1230.8499755859375,1232.5,1229.1500244140625,1232.4000244140625,189636
2025-01-14 11:45:00+05:30,1229.8499755859375,1230.8499755859375,1228.699951171875,1230.699951171875,100253
2025-01-14 11:50:00+05:30,1229.800048828125,1230.800048828125,1229.0,1229.800048828125,104482
2025-01-14 11:55:00+05:30,1229.199951171875,1230.0999755859375,1229.0,1229.9000244140625,139105
2025-01-14 12:00:00+05:30,1229.199951171875,1229.699951171875,1228.5,1229.199951171875,140951
2025-01-14 12:05:00+05:30,1228.75,1229.8499755859375,1227.800048828125,1229.0999755859375,202906
2025-01-14 12:10:00+05:30,1228.800048828125,1229.300048828125,1228.5,1228.800048828125,104934
2025-01-14 12:15:00+05:30,1229.0999755859375,1229.199951171875,1228.5,1228.800048828125,97932
2025-01-14 12:20:00+05:30,1228.4000244140625,1229.449951171875,1228.4000244140625,1229.0999755859375,90512
2025-01-14 12:25:00+05:30,1229.0,1229.4000244140625,1228.800048828125,1228.800048828125,76418
2025-01-14 12:30:00+05:30,1231.25,1231.300048828125,1229.0,1229.0,87655
2025-01-14 12:35:00+05:30,1231.3499755859375,1231.5,1230.0999755859375,1230.9000244140625,59271
2025-01-14 12:40:00+05:30,1232.75,1232.800048828125,1231.5999755859375,1231.8499755859375,80464
2025-01-14 12:45:00+05:30,1233.699951171875,1233.9000244140625,1232.5999755859375,1232.75,79366
2025-01-14 12:50:00+05:30,1233.0,1233.5999755859375,1232.4000244140625,1233.5,75215
2025-01-14 12:55:00+05:30,1231.050048828125,1232.9000244140625,1230.3499755859375,1232.9000244140625,203923
2025-01-14 13:00:00+05:30,1229.699951171875,1231.050048828125,1228.300048828125,1230.75,132245
2025-01-14 13:05:00+05:30,1230.699951171875,1231.5999755859375,1229.199951171875,1229.699951171875,144010
2025-01-14 13:10:00+05:30,1231.0999755859375,1231.0999755859375,1229.699951171875,1230.699951171875,84393
2025-01-14 13:15:00+05:30,1228.949951171875,1231.0999755859375,1228.949951171875,1231.0999755859375,94156
2025-01-14 13:20:00+05:30,1230.25,1230.300048828125,1228.5999755859375,1229.1500244140625,79504
2025-01-14 13:25:00+05:30,1230.5999755859375,1231.0,1229.75,1230.25,68726
2025-01-14 13:30:00+05:30,1230.9000244140625,1231.4000244140625,1230.300048828125,1230.5999755859375,80808
2025-01-14 13:35:00+05:30,1231.4000244140625,1231.800048828125,1230.699951171875,1230.949951171875,68204
2025-01-14 13:40:00+05:30,1231.6500244140625,1232.449951171875,1231.1500244140625,1231.4000244140625,97014
2025-01-14 13:45:00+05:30,1231.199951171875,1232.1500244140625,1231.050048828125,1231.6500244140625,67298
2025-01-14 13:50:00+05:30,1232.449951171875,1232.9000244140625,1231.1500244140625,1231.1500244140625,87873
2025-01-14 13:55:00+05:30,1233.6500244140625,1233.9000244140625,1232.3499755859375,1232.4000244140625,86351
2025-01-14 14:00:00+05:30,1234.699951171875,1234.699951171875,1233.25,1233.6500244140625,116494
2025-01-14 14:05:00+05:30,1234.5999755859375,1234.800048828125,1233.5999755859375,1234.699951171875,108520
2025-01-14 14:10:00+05:30,1231.25,1234.5,1231.0,1234.5,154228
2025-01-14 14:15:00+05:30,1230.5999755859375,1231.949951171875,1230.5999755859375,1231.300048828125,135406
2025-01-14 14:20:00+05:30,1230.5999755859375,1231.0999755859375,1229.5,1231.0,190434
2025-01-14 14:25:00+05:30,1231.6500244140625,1231.75,1230.0,1230.75,154573
2025-01-14 14:30:00+05:30,1233.9000244140625,1234.300048828125,1231.1500244140625,1231.6500244140625,174529
2025-01-14 14:35:00+05:30,1234.5,1234.5999755859375,1233.1500244140625,1234.199951171875,182303
2025-01-14 14:40:00+05:30,1233.75,1234.5999755859375,1233.3499755859375,1234.5,149580
2025-01-14 14:45:00+05:30,1235.800048828125,1235.9000244140625,1233.550048828125,1233.800048828125,192256
2025-01-14 14:50:00+05:30,1238.199951171875,1238.5999755859375,1235.4000244140625,1235.6500244140625,211872
2025-01-14 14:55:00+05:30,1237.300048828125,1239.5999755859375,1237.199951171875,1237.9000244140625,337259
2025-01-14 15:00:00+05:30,1238.25,1239.300048828125,1236.4000244140625,1237.3499755859375,419188
2025-01-14 15:05:00+05:30,1238.3499755859375,1239.550048828125,1237.5999755859375,1238.3499755859375,506980
2025-01-14 15:10:00+05:30,1238.5999755859375,1239.550048828125,1238.25,1238.3499755859375,290935
2025-01-14 15:15:00+05:30,1238.1500244140625,1239.6500244140625,1238.0,1238.550048828125,488118
2025-01-14 15:20:00+05:30,1239.050048828125,1239.9000244140625,1237.4000244140625,1238.25,402099
2025-01-14 15:25:00+05:30,1239.5,1239.800048828125,1238.0,1239.0999755859375,257237
2025-01-15 09:15:00+05:30,1251.0,1251.949951171875,1242.75,1244.449951171875,0
2025-01-15 09:20:00+05:30,1250.449951171875,1252.199951171875,1250.0,1250.8499755859375,233422
2025-01-15 09:25:00+05:30,1253.0999755859375,1253.949951171875,1250.300048828125,1250.6500244140625,158718
2025-01-15 09:30:00+05:30,1250.3499755859375,1255.0,1250.25,1253.0,152718
2025-01-15 09:35:00+05:30,1249.9000244140625,1251.5,1249.4000244140625,1250.5,126635
2025-01-15 09:40:00+05:30,1251.75,1253.0,1249.5999755859375,1250.0,89875
2025-01-15 09:45:00+05:30,1251.550048828125,1253.9000244140625,1251.449951171875,1252.050048828125,66838
2025-01-15 09:50:00+05:30,1252.6500244140625,1252.949951171875,1251.449951171875,1251.5999755859375,60895
2025-01-15 09:55:00+05:30,1251.9000244140625,1252.699951171875,1250.8499755859375,1252.4000244140625,51212
2025-01-15 10:00:00+05:30,1251.0,1252.199951171875,1250.0,1251.9000244140625,67961
2025-01-15 10:05:00+05:30,1249.949951171875,1251.800048828125,1249.75,1250.9000244140625,188338
2025-01-15 10:10:00+05:30,1248.949951171875,1250.050048828125,1247.5,1250.050048828125,108516
2025-01-15 10:15:00+05:30,1247.300048828125,1249.0,1247.050048828125,1249.0,69690
2025-01-15 10:20:00+05:30,1248.5,1249.3499755859375,1247.4000244140625,1247.5,132859
2025-01-15 10:25:00+05:30,1249.5,1249.5,1247.0,1248.5,41779
2025-01-15 10:30:00+05:30,1250.0,1250.0,1249.4000244140625,1249.550048828125,100819
2025-01-15 10:35:00+05:30,1248.6500244140625,1250.0,1248.25,1250.0,56432
2025-01-15 10:40:00+05:30,1246.3499755859375,1248.800048828125,1246.3499755859375,1248.6500244140625,126652
2025-01-15 10:45:00+05:30,1247.8499755859375,1249.5999755859375,1246.0999755859375,1246.4000244140625,121170
2025-01-15 10:50:00+05:30,1248.1500244140625,1249.0,1247.3499755859375,1247.800048828125,108962
2025-01-15 10:55:00+05:30,1245.5,1248.5,1244.5999755859375,1248.5,111611
2025-01-15 11:00:00+05:30,1245.050048828125,1247.0,1244.1500244140625,1245.5999755859375,377138
2025-01-15 11:05:00+05:30,1245.050048828125,1245.3499755859375,1244.0999755859375,1245.0,116290
2025-01-15 11:10:00+05:30,1245.699951171875,1247.25,1245.0,1245.3499755859375,50463
2025-01-15 11:15:00+05:30,1246.949951171875,1247.199951171875,1245.699951171875,1246.199951171875,26903
2025-01-15 11:20:00+05:30,1247.800048828125,1248.300048828125,1246.699951171875,1246.949951171875,47891
2025-01-15 11:25:00+05:30,1247.0999755859375,1248.0,1247.0,1247.699951171875,91307
2025-01-15 11:30:00+05:30,1245.050048828125,1247.550048828125,1245.0,1247.050048828125,95910
2025-01-15 11:35:00+05:30,1245.300048828125,1246.0,1244.699951171875,1245.0,85549
2025-01-15 11:40:00+05:30,1245.5,1246.199951171875,1244.9000244140625,1245.3499755859375,70155
2025-01-15 11:45:00+05:30,1243.550048828125,1245.5,1243.5,1245.050048828125,62212
2025-01-15 11:50:00+05:30,1244.699951171875,1245.949951171875,1243.5,1244.0,69038
2025-01-15 11:55:00+05:30,1244.800048828125,1246.0,1244.699951171875,1244.75,51221
2025-01-15 12:00:00+05:30,1244.8499755859375,1245.550048828125,1244.050048828125,1244.949951171875,53858
2025-01-15 12:05:00+05:30,1246.050048828125,1246.050048828125,1244.800048828125,1244.800048828125,57556
2025-01-15 12:10:00+05:30,1243.1500244140625,1246.050048828125,1242.449951171875,1246.0,105029
2025-01-15 12:15:00+05:30,1242.25,1243.5,1242.25,1242.949951171875,82501
2025-01-15 12:20:00+05:30,1242.3499755859375,1243.5,1242.199951171875,1242.300048828125,77992
2025-01-15 12:25:00+05:30,1244.050048828125,1244.4000244140625,1242.0999755859375,1242.3499755859375,63490
2025-01-15 12:30:00+05:30,1247.1500244140625,1247.75,1244.0999755859375,1244.1500244140625,82826
2025-01-15 12:35:00+05:30,1249.699951171875,1249.9000244140625,1247.25,1247.6500244140625,90421
2025-01-15 12:40:00+05:30,1250.1500244140625,1250.949951171875,1249.5999755859375,1249.5999755859375,87680
2025-01-15 12:45:00+05:30,1252.9000244140625,1252.9000244140625,1250.1500244140625,1250.199951171875,117153
2025-01-15 12:50:00+05:30,1255.5,1256.949951171875,1252.050048828125,1252.699951171875,212506
2025-01-15 12:55:00+05:30,1254.300048828125,1256.800048828125,1253.9000244140625,1255.5999755859375,113521
2025-01-15 13:00:00+05:30,1253.3499755859375,1254.6500244140625,1252.9000244140625,1254.4000244140625,103945
2025-01-15 13:05:00+05:30,1253.949951171875,1254.699951171875,1253.050048828125,1253.550048828125,64396
2025-01-15 13:10:00+05:30,1254.0,1256.5,1253.5999755859375,1253.5999755859375,152161
2025-01-15 13:15:00+05:30,1251.449951171875,1254.1500244140625,1251.4000244140625,1254.0999755859375,131374
2025-01-15 13:20:00+05:30,1251.8499755859375,1252.949951171875,1251.0,1251.449951171875,104416
2025-01-15 13:25:00+05:30,1251.5,1252.949951171875,1251.0,1251.75,79390
2025-01-15 13:30:00+05:30,1252.0999755859375,1253.0,1250.25,1251.300048828125,93441
2025-01-15 13:35:00+05:30,1251.949951171875,1252.0999755859375,1250.3499755859375,1252.0999755859375,81791
2025-01-15 13:40:00+05:30,1252.550048828125,1253.6500244140625,1251.4000244140625,1251.449951171875,125278
2025-01-15 13:45:00+05:30,1251.9000244140625,1252.9000244140625,1251.5,1252.550048828125,55545
2025-01-15 13:50:00+05:30,1250.75,1252.300048828125,1250.4000244140625,1251.800048828125,93002
2025-01-15 13:55:00+05:30,1250.9000244140625,1252.1500244140625,1250.550048828125,1250.800048828125,84322
2025-01-15 14:00:00+05:30,1251.949951171875,1253.0,1250.550048828125,1251.0,65015
2025-01-15 14:05:00+05:30,1252.75,1253.300048828125,1251.9000244140625,1251.9000244140625,64284
2025-01-15 14:10:00+05:30,1251.9000244140625,1252.9000244140625,1251.449951171875,1252.75,74196
2025-01-15 14:15:00+05:30,1252.5,1252.949951171875,1251.75,1251.949951171875,58429
2025-01-15 14:20:00+05:30,1250.75,1253.300048828125,1250.5,1252.5,111336
2025-01-15 14:25:00+05:30,1249.8499755859375,1251.5,1249.5,1250.5999755859375,140046
2025-01-15 14:30:00+05:30,1248.8499755859375,1250.0,1248.8499755859375,1249.6500244140625,129745
2025-01-15 14:35:00+05:30,1250.5999755859375,1250.949951171875,1248.449951171875,1248.949951171875,150703
2025-01-15 14:40:00+05:30,1254.5,1254.5,1250.199951171875,1250.75,184338
2025-01-15 14:45:00+05:30,1253.050048828125,1254.800048828125,1252.550048828125,1254.5,193339
2025-01-15 14:50:00+05:30,1252.8499755859375,1253.0999755859375,1251.5999755859375,1253.050048828125,168431
2025-01-15 14:55:00+05:30,1252.449951171875,1253.0,1251.5,1252.800048828125,110933
2025-01-15 15:00:00+05:30,1251.550048828125,1253.9000244140625,1251.4000244140625,1252.449951171875,249605
2025-01-15 15:05:00+05:30,1252.300048828125,1252.75,1251.6500244140625,1251.699951171875,274762
2025-01-15 15:10:00+05:30,1251.949951171875,1252.550048828125,1251.550048828125,1252.3499755859375,295608
2025-01-15 15:15:00+05:30,1251.6500244140625,1252.050048828125,1251.0999755859375,1252.050048828125,302257
2025-01-15 15:20:00+05:30,1252.5,1253.0,1251.6500244140625,1251.9000244140625,393941
2025-01-15 15:25:00+05:30,1252.5,1253.0,1252.0,1252.5,357538
2025-01-16 09:15:00+05:30,1253.949951171875,1256.300048828125,1253.5,1253.699951171875,0
2025-01-16 09:20:00+05:30,1254.550048828125,1256.5999755859375,1252.0,1253.4000244140625,383588
2025-01-16 09:25:00+05:30,1257.5,1258.0,1254.199951171875,1254.300048828125,198425
2025-01-16 09:30:00+05:30,1255.050048828125,1257.5999755859375,1254.050048828125,1257.300048828125,139613
2025-01-16 09:35:00+05:30,1257.0,1257.0,1255.0,1255.25,103985
2025-01-16 09:40:00+05:30,1255.800048828125,1257.0999755859375,1254.699951171875,1257.0,134445
2025-01-16 09:45:00+05:30,1255.199951171875,1256.050048828125,1254.75,1255.550048828125,93653
2025-01-16 09:50:00+05:30,1254.949951171875,1256.5,1253.5999755859375,1255.4000244140625,154139
2025-01-16 09:55:00+05:30,1254.6500244140625,1254.949951171875,1253.75,1254.949951171875,98099
2025-01-16 10:00:00+05:30,1252.5,1254.9000244140625,1252.5,1254.5999755859375,134035
2025-01-16 10:05:00+05:30,1254.75,1255.550048828125,1252.0999755859375,1252.5999755859375,108796
2025-01-16 10:10:00+05:30,1256.199951171875,1256.5,1254.75,1254.75,99104
2025-01-16 10:15:00+05:30,1257.5,1259.949951171875,1256.0999755859375,1256.199951171875,387778
2025-01-16 10:20:00+05:30,1258.8499755859375,1259.0,1257.050048828125,1257.5,80553
2025-01-16 10:25:00+05:30,1257.8499755859375,1259.0,1257.550048828125,1258.8499755859375,100864
2025-01-16 10:30:00+05:30,1257.6500244140625,1258.699951171875,1257.449951171875,1257.800048828125,84842
2025-01-16 10:35:00+05:30,1260.8499755859375,1261.8499755859375,1256.949951171875,1257.6500244140625,233836
2025-01-16 10:40:00+05:30,1261.300048828125,1261.4000244140625,1260.5999755859375,1260.8499755859375,86235
2025-01-16 10:45:00+05:30,1260.449951171875,1261.550048828125,1260.0999755859375,1261.3499755859375,154732
2025-01-16 10:50:00+05:30,1259.75,1261.449951171875,1258.699951171875,1260.1500244140625,101088
2025-01-16 10:55:00+05:30,1260.699951171875,1261.0,1259.75,1259.800048828125,117151
2025-01-16 11:00:00+05:30,1262.949951171875,1263.0,1260.199951171875,1260.199951171875,144294
2025-01-16 11:05:00+05:30,1262.8499755859375,1263.949951171875,1262.550048828125,1262.8499755859375,130505
2025-01-16 11:10:00+05:30,1263.0,1263.5,1262.25,1263.0999755859375,120000
2025-01-16 11:15:00+05:30,1262.1500244140625,1263.25,1262.0,1263.0,126568
2025-01-16 11:20:00+05:30,1263.25,1263.5,1262.0,1262.0999755859375,108017
2025-01-16 11:25:00+05:30,1263.6500244140625,1264.300048828125,1262.25,1263.25,147707
2025-01-16 11:30:00+05:30,1262.300048828125,1263.6500244140625,1262.1500244140625,1263.449951171875,61149
2025-01-16 11:35:00+05:30,1261.1500244140625,1262.449951171875,1261.0,1262.300048828125,97137
2025-01-16 11:40:00+05:30,1261.9000244140625,1263.0,1261.0999755859375,1261.4000244140625,71836
2025-01-16 11:45:00+05:30,1262.199951171875,1262.800048828125,1261.800048828125,1262.0999755859375,42306
2025-01-16 11:50:00+05:30,1262.0,1262.5,1261.0,1262.199951171875,70252
2025-01-16 11:55:00+05:30,1262.9000244140625,1263.1500244140625,1262.0,1262.0,55912
2025-01-16 12:00:00+05:30,1263.0,1264.0,1262.199951171875,1263.050048828125,76020
2025-01-16 12:05:00+05:30,1263.199951171875,1264.0,1263.0,1263.25,85104
2025-01-16 12:10:00+05:30,1263.050048828125,1263.699951171875,1262.949951171875,1263.0999755859375,61295
2025-01-16 12:15:00+05:30,1263.1500244140625,1263.4000244140625,1262.550048828125,1263.050048828125,71544
2025-01-16 12:20:00+05:30,1262.0999755859375,1263.1500244140625,1261.9000244140625,1263.1500244140625,71679
2025-01-16 12:25:00+05:30,1261.5999755859375,1262.75,1261.3499755859375,1262.199951171875,81375
2025-01-16 12:30:00+05:30,1262.0999755859375,1262.5,1260.9000244140625,1261.4000244140625,86390
2025-01-16 12:35:00+05:30,1263.4000244140625,1263.5,1261.75,1262.0999755859375,81239
2025-01-16 12:40:00+05:30,1263.550048828125,1263.800048828125,1262.75,1263.1500244140625,60299
2025-01-16 12:45:00+05:30,1263.0,1263.949951171875,1262.75,1263.550048828125,68933
2025-01-16 12:50:00+05:30,1263.5999755859375,1263.949951171875,1262.9000244140625,1263.0,64798
2025-01-16 12:55:00+05:30,1264.0999755859375,1264.5,1263.4000244140625,1263.5999755859375,82935
2025-01-16 13:00:00+05:30,1261.699951171875,1264.25,1261.0,1264.1500244140625,103245
2025-01-16 13:05:00+05:30,1259.8499755859375,1262.0,1258.699951171875,1261.5999755859375,177632
2025-01-16 13:10:00+05:30,1260.550048828125,1261.050048828125,1259.1500244140625,1259.5,95648
2025-01-16 13:15:00+05:30,1261.699951171875,1262.0,1260.25,1260.25,91424
2025-01-16 13:20:00+05:30,1263.3499755859375,1263.5,1261.5,1261.699951171875,120585
2025-01-16 13:25:00+05:30,1263.300048828125,1264.0,1263.0,1263.0,95235
2025-01-16 13:30:00+05:30,1263.699951171875,1264.1500244140625,1262.949951171875,1263.199951171875,90041
2025-01-16 13:35:00+05:30,1263.949951171875,1264.0,1263.0,1263.75,73292
2025-01-16 13:40:00+05:30,1264.25,1264.8499755859375,1263.550048828125,1263.699951171875,134059
2025-01-16 13:45:00+05:30,1264.800048828125,1265.0,1264.0999755859375,1264.25,118981
2025-01-16 13:50:00+05:30,1266.050048828125,1266.6500244140625,1263.9000244140625,1264.5999755859375,215697
2025-01-16 13:55:00+05:30,1266.25,1266.9000244140625,1265.5,1265.949951171875,125821
2025-01-16 14:00:00+05:30,1267.050048828125,1267.5999755859375,1266.1500244140625,1266.25,183887
2025-01-16 14:05:00+05:30,1265.4000244140625,1267.050048828125,1265.199951171875,1266.800048828125,146746
2025-01-16 14:10:00+05:30,1264.4000244140625,1265.5,1264.3499755859375,1265.5,119404
2025-01-16 14:15:00+05:30,1265.4000244140625,1266.449951171875,1263.800048828125,1264.300048828125,236392
2025-01-16 14:20:00+05:30,1264.199951171875,1265.9000244140625,1264.0,1265.4000244140625,282952
2025-01-16 14:25:00+05:30,1264.5999755859375,1265.0,1263.3499755859375,1264.300048828125,186731
2025-01-16 14:30:00+05:30,1265.0,1265.800048828125,1264.5,1264.5,141800
2025-01-16 14:35:00+05:30,1264.949951171875,1265.8499755859375,1264.0999755859375,1265.0,205495
2025-01-16 14:40:00+05:30,1265.449951171875,1265.75,1264.25,1264.949951171875,142434
2025-01-16 14:45:00+05:30,1265.9000244140625,1266.699951171875,1265.199951171875,1265.449951171875,177684
2025-01-16 14:50:00+05:30,1265.449951171875,1266.0,1264.050048828125,1265.75,202977
2025-01-16 14:55:00+05:30,1265.75,1266.0,1264.550048828125,1265.449951171875,229714
2025-01-16 15:00:00+05:30,1266.0,1266.449951171875,1264.4000244140625,1265.5999755859375,831784
2025-01-16 15:05:00+05:30,1265.1500244140625,1267.0,1264.449951171875,1266.0,1000313
2025-01-16 15:10:00+05:30,1265.0999755859375,1265.75,1264.800048828125,1264.9000244140625,716538
2025-01-16 15:15:00+05:30,1265.9000244140625,1266.050048828125,1265.0,1265.0999755859375,724237
2025-01-16 15:20:00+05:30,1267.800048828125,1268.199951171875,1265.050048828125,1266.0,703644
2025-01-16 15:25:00+05:30,1266.449951171875,1275.0,1266.449951171875,1267.800048828125,732553
2025-01-17 09:15:00+05:30,1301.050048828125,1311.6500244140625,1293.300048828125,1311.6500244140625,0
2025-01-17 09:20:00+05:30,1302.300048828125,1306.9000244140625,1296.6500244140625,1301.0999755859375,1300125
2025-01-17 09:25:00+05:30,1295.800048828125,1303.300048828125,1295.800048828125,1302.699951171875,1274511
2025-01-17 09:30:00+05:30,1298.0,1300.9000244140625,1295.3499755859375,1295.6500244140625,753637
2025-01-17 09:35:00+05:30,1291.949951171875,1300.4000244140625,1291.699951171875,1298.1500244140625,546494
2025-01-17 09:40:00+05:30,1293.949951171875,1295.5999755859375,1290.8499755859375,1291.9000244140625,359173
2025-01-17 09:45:00+05:30,1296.949951171875,1297.949951171875,1293.3499755859375,1293.3499755859375,288466
2025-01-17 09:50:00+05:30,1297.25,1299.6500244140625,1295.8499755859375,1296.550048828125,290061
2025-01-17 09:55:00+05:30,1295.800048828125,1297.949951171875,1295.0,1297.25,214888
2025-01-17 10:00:00+05:30,1293.699951171875,1296.699951171875,1293.300048828125,1295.8499755859375,167025
2025-01-17 10:05:00+05:30,1292.1500244140625,1294.800048828125,1292.050048828125,1293.9000244140625,165201
2025-01-17 10:10:00+05:30,1288.800048828125,1293.0,1287.699951171875,1292.25,370002
2025-01-17 10:15:00+05:30,1288.699951171875,1289.449951171875,1285.6500244140625,1289.0,330201
2025-01-17 10:20:00+05:30,1291.699951171875,1291.75,1288.4000244140625,1288.4000244140625,253979
2025-01-17 10:25:00+05:30,1292.949951171875,1293.949951171875,1291.5,1291.75,274964
2025-01-17 10:30:00+05:30,1291.0,1294.6500244140625,1290.4000244140625,1292.949951171875,264470
2025-01-17 10:35:00+05:30,1292.0,1292.5,1290.300048828125,1291.0999755859375,312556
2025-01-17 10:40:00+05:30,1289.449951171875,1292.0,1289.4000244140625,1292.0,217821
2025-01-17 10:45:00+05:30,1287.0,1290.5,1287.0,1289.449951171875,242728
2025-01-17 10:50:00+05:30,1286.5,1287.949951171875,1286.0,1287.1500244140625,339163
2025-01-17 10:55:00+05:30,1285.75,1287.4000244140625,1285.050048828125,1286.5,281452
2025-01-17 11:00:00+05:30,1287.699951171875,1287.800048828125,1285.0,1285.9000244140625,300606
2025-01-17 11:05:00+05:30,1288.800048828125,1289.0999755859375,1287.4000244140625,1287.5,142962
2025-01-17 11:10:00+05:30,1290.699951171875,1290.949951171875,1288.699951171875,1288.8499755859375,185222
2025-01-17 11:15:00+05:30,1290.9000244140625,1292.4000244140625,1290.5,1290.75,183458
2025-01-17 11:20:00+05:30,1293.0,1293.199951171875,1289.5999755859375,1290.949951171875,233610
2025-01-17 11:25:00+05:30,1293.449951171875,1293.8499755859375,1291.199951171875,1293.199951171875,283997
2025-01-17 11:30:00+05:30,1293.449951171875,1294.4000244140625,1292.949951171875,1293.4000244140625,142062
2025-01-17 11:35:00+05:30,1292.800048828125,1293.8499755859375,1291.550048828125,1293.300048828125,203868
2025-01-17 11:40:00+05:30,1292.3499755859375,1292.800048828125,1292.0999755859375,1292.6500244140625,56195
2025-01-17 11:45:00+05:30,1291.9000244140625,1292.5999755859375,1290.9000244140625,1292.25,136718
2025-01-17 11:50:00+05:30,1293.3499755859375,1294.300048828125,1291.449951171875,1291.6500244140625,261005
2025-01-17 11:55:00+05:30,1294.949951171875,1295.1500244140625,1293.25,1293.4000244140625,168609
2025-01-17 12:00:00+05:30,1296.0,1296.949951171875,1294.9000244140625,1294.949951171875,342891
2025-01-17 12:05:00+05:30,1299.0,1299.0,1295.800048828125,1295.949951171875,390751
2025-01-17 12:10:00+05:30,1303.800048828125,1303.9000244140625,1298.0,1299.0999755859375,658508
2025-01-17 12:15:00+05:30,1304.6500244140625,1304.800048828125,1301.9000244140625,1303.3499755859375,583193
2025-01-17 12:20:00+05:30,1302.4000244140625,1304.9000244140625,1302.25,1304.550048828125,427591
2025-01-17 12:25:00+05:30,1302.25,1302.800048828125,1300.0,1302.4000244140625,473494
2025-01-17 12:30:00+05:30,1303.5,1303.5,1302.050048828125,1302.25,226886
2025-01-17 12:35:00+05:30,1305.800048828125,1305.949951171875,1303.25,1303.4000244140625,436382
2025-01-17 12:40:00+05:30,1304.4000244140625,1305.800048828125,1303.25,1305.800048828125,211866
2025-01-17 12:45:00+05:30,1303.199951171875,1304.5,1303.0,1304.4000244140625,129964
2025-01-17 12:50:00+05:30,1304.4000244140625,1304.5,1301.8499755859375,1303.199951171875,152489
2025-01-17 12:55:00+05:30,1304.5,1304.75,1303.4000244140625,1304.300048828125,132432
2025-01-17 13:00:00+05:30,1303.25,1305.5,1302.800048828125,1304.5,207870
2025-01-17 13:05:00+05:30,1301.9000244140625,1303.25,1300.800048828125,1302.800048828125,179886
2025-01-17 13:10:00+05:30,1300.6500244140625,1302.6500244140625,1300.5999755859375,1302.0,101342
2025-01-17 13:15:00+05:30,1300.6500244140625,1301.300048828125,1300.5,1300.800048828125,100771
2025-01-17 13:20:00+05:30,1297.5,1300.699951171875,1296.8499755859375,1300.6500244140625,305999
2025-01-17 13:25:00+05:30,1297.800048828125,1298.8499755859375,1297.050048828125,1297.5,121377
2025-01-17 13:30:00+05:30,1302.0,1302.300048828125,1297.6500244140625,1298.0,215809
2025-01-17 13:35:00+05:30,1303.449951171875,1303.5,1301.199951171875,1302.050048828125,175177
2025-01-17 13:40:00+05:30,1301.9000244140625,1303.949951171875,1300.300048828125,1303.5,157457
2025-01-17 13:45:00+05:30,1302.3499755859375,1303.0,1301.699951171875,1301.949951171875,93069
2025-01-17 13:50:00+05:30,1303.3499755859375,1303.6500244140625,1302.0999755859375,1302.3499755859375,151930
2025-01-17 13:55:00+05:30,1304.25,1304.8499755859375,1303.1500244140625,1303.449951171875,170902
2025-01-17 14:00:00+05:30,1304.800048828125,1304.8499755859375,1304.0,1304.3499755859375,178714
2025-01-17 14:05:00+05:30,1304.800048828125,1305.0,1303.949951171875,1304.699951171875,449903
2025-01-17 14:10:00+05:30,1304.9000244140625,1305.0,1303.6500244140625,1304.75,276584
2025-01-17 14:15:00+05:30,1304.5,1305.0,1304.4000244140625,1304.9000244140625,163512
2025-01-17 14:20:00+05:30,1304.6500244140625,1304.6500244140625,1302.8499755859375,1304.5,182605
2025-01-17 14:25:00+05:30,1304.25,1305.0,1303.6500244140625,1304.75,252586
2025-01-17 14:30:00+05:30,1304.449951171875,1305.0,1304.050048828125,1304.300048828125,221064
2025-01-17 14:35:00+05:30,1304.5999755859375,1305.0,1303.949951171875,1304.25,148938
2025-01-17 14:40:00+05:30,1303.5,1304.6500244140625,1303.3499755859375,1304.5999755859375,175058
2025-01-17 14:45:00+05:30,1303.4000244140625,1304.0,1301.699951171875,1303.4000244140625,239506
2025-01-17 14:50:00+05:30,1302.9000244140625,1303.949951171875,1302.5999755859375,1303.449951171875,165640
2025-01-17 14:55:00+05:30,1304.8499755859375,1304.8499755859375,1302.6500244140625,1302.949951171875,208310
2025-01-17 15:00:00+05:30,1302.550048828125,1304.8499755859375,1301.9000244140625,1304.75,462885
2025-01-17 15:05:00+05:30,1302.800048828125,1302.800048828125,1301.25,1302.550048828125,448372
2025-01-17 15:10:00+05:30,1302.3499755859375,1303.199951171875,1302.0,1302.8499755859375,458754
2025-01-17 15:15:00+05:30,1303.0,1303.0999755859375,1302.199951171875,1302.449951171875,727445
2025-01-17 15:20:00+05:30,1301.949951171875,1303.0999755859375,1301.0,1302.949951171875,615160
2025-01-17 15:25:00+05:30,1299.75,1302.300048828125,1299.199951171875,1302.0,982520
2025-01-20 09:15:00+05:30,1310.25,1313.050048828125,1308.5,1310.0999755859375,0
2025-01-20 09:20:00+05:30,1309.0999755859375,1311.699951171875,1308.699951171875,1310.550048828125,850432
2025-01-20 09:25:00+05:30,1308.0,1311.3499755859375,1304.75,1309.1500244140625,475958
2025-01-20 09:30:00+05:30,1307.75,1308.699951171875,1306.050048828125,1308.25,198278
2025-01-20 09:35:00+05:30,1306.6500244140625,1308.0,1306.0,1307.550048828125,132815
2025-01-20 09:40:00+05:30,1309.8499755859375,1310.0,1306.5,1306.5999755859375,181313
2025-01-20 09:45:00+05:30,1310.9000244140625,1311.949951171875,1309.5,1309.5,237172
2025-01-20 09:50:00+05:30,1312.5,1312.75,1310.1500244140625,1310.9000244140625,215827
2025-01-20 09:55:00+05:30,1313.0999755859375,1313.5,1312.449951171875,1312.6500244140625,206454
2025-01-20 10:00:00+05:30,1311.5999755859375,1313.300048828125,1310.699951171875,1313.300048828125,141458
2025-01-20 10:05:00+05:30,1311.0,1312.0,1310.75,1311.800048828125,138194
2025-01-20 10:10:00+05:30,1313.0,1313.0,1310.5,1311.1500244140625,129036
2025-01-20 10:15:00+05:30,1313.300048828125,1313.9000244140625,1312.5,1313.0,165947
2025-01-20 10:20:00+05:30,1312.8499755859375,1313.300048828125,1311.0,1313.300048828125,129154
2025-01-20 10:25:00+05:30,1311.550048828125,1313.5999755859375,1311.3499755859375,1312.9000244140625,163202
2025-01-20 10:30:00+05:30,1312.8499755859375,1313.0,1311.1500244140625,1311.75,129680
2025-01-20 10:35:00+05:30,1312.0999755859375,1313.0,1311.75,1312.8499755859375,148817
2025-01-20 10:40:00+05:30,1312.050048828125,1313.0,1311.050048828125,1312.050048828125,170519
2025-01-20 10:45:00+05:30,1311.5,1312.25,1311.0,1312.0999755859375,182188
2025-01-20 10:50:00+05:30,1308.5999755859375,1311.699951171875,1308.550048828125,1311.5,282982
2025-01-20 10:55:00+05:30,1309.800048828125,1310.25,1308.4000244140625,1308.6500244140625,146496
2025-01-20 11:00:00+05:30,1309.949951171875,1311.0,1309.5,1309.800048828125,114864
2025-01-20 11:05:00+05:30,1310.0,1310.4000244140625,1308.800048828125,1309.949951171875,130230
2025-01-20 11:10:00+05:30,1308.9000244140625,1310.0999755859375,1307.5,1309.8499755859375,217413
2025-01-20 11:15:00+05:30,1308.949951171875,1310.4000244140625,1308.0,1308.9000244140625,134942
2025-01-20 11:20:00+05:30,1308.800048828125,1309.4000244140625,1307.050048828125,1309.0,121326
2025-01-20 11:25:00+05:30,1308.9000244140625,1309.0,1308.0,1308.699951171875,81585
2025-01-20 11:30:00+05:30,1309.25,1309.800048828125,1308.449951171875,1308.8499755859375,81357
2025-01-20 11:35:00+05:30,1308.5999755859375,1309.699951171875,1308.25,1309.25,104750
2025-01-20 11:40:00+05:30,1306.8499755859375,1308.800048828125,1306.550048828125,1308.5999755859375,166282
2025-01-20 11:45:00+05:30,1307.199951171875,1307.9000244140625,1306.550048828125,1307.699951171875,113917
2025-01-20 11:50:00+05:30,1307.4000244140625,1307.800048828125,1306.199951171875,1307.300048828125,80370
2025-01-20 11:55:00+05:30,1307.199951171875,1308.0,1306.699951171875,1307.5999755859375,84234
2025-01-20 12:00:00+05:30,1306.300048828125,1307.3499755859375,1305.5,1306.5,131172
2025-01-20 12:05:00+05:30,1305.5999755859375,1306.75,1304.5,1306.300048828125,207213
2025-01-20 12:10:00+05:30,1302.9000244140625,1305.75,1302.5999755859375,1305.4000244140625,142476
2025-01-20 12:15:00+05:30,1302.949951171875,1304.5,1302.3499755859375,1302.949951171875,123652
2025-01-20 12:20:00+05:30,1303.699951171875,1304.4000244140625,1302.949951171875,1302.949951171875,119535
2025-01-20 12:25:00+05:30,1301.5999755859375,1304.0,1301.300048828125,1303.699951171875,156144
2025-01-20 12:30:00+05:30,1301.0,1301.9000244140625,1300.3499755859375,1301.6500244140625,139658
2025-01-20 12:35:00+05:30,1302.949951171875,1303.1500244140625,1300.8499755859375,1300.949951171875,116755
2025-01-20 12:40:00+05:30,1303.25,1303.5,1302.0,1302.949951171875,98581
2025-01-20 12:45:00+05:30,1303.550048828125,1303.9000244140625,1302.449951171875,1303.050048828125,99194
2025-01-20 12:50:00+05:30,1303.5,1304.25,1303.0,1303.550048828125,95705
2025-01-20 12:55:00+05:30,1302.75,1303.9000244140625,1302.1500244140625,1303.4000244140625,92402
2025-01-20 13:00:00+05:30,1301.25,1303.0,1300.949951171875,1302.4000244140625,130579
2025-01-20 13:05:00+05:30,1302.9000244140625,1302.949951171875,1300.9000244140625,1301.4000244140625,139474
2025-01-20 13:10:00+05:30,1302.3499755859375,1303.25,1301.5999755859375,1302.949951171875,143007
2025-01-20 13:15:00+05:30,1304.6500244140625,1305.699951171875,1302.0999755859375,1302.3499755859375,174236
2025-01-20 13:20:00+05:30,1302.949951171875,1305.699951171875,1302.5,1304.5999755859375,121048
2025-01-20 13:25:00+05:30,1303.050048828125,1303.5999755859375,1302.0999755859375,1302.949951171875,112670
2025-01-20 13:30:00+05:30,1304.5,1304.699951171875,1302.5999755859375,1303.199951171875,105715
2025-01-20 13:35:00+05:30,1304.800048828125,1305.5,1304.1500244140625,1304.5,115953
2025-01-20 13:40:00+05:30,1305.6500244140625,1306.0999755859375,1304.9000244140625,1304.9000244140625,192411
2025-01-20 13:45:00+05:30,1306.199951171875,1306.9000244140625,1304.800048828125,1305.9000244140625,169053
2025-01-20 13:50:00+05:30,1305.9000244140625,1306.800048828125,1305.699951171875,1306.1500244140625,122008
2025-01-20 13:55:00+05:30,1305.3499755859375,1306.5,1304.75,1305.9000244140625,105508
2025-01-20 14:00:00+05:30,1305.550048828125,1306.199951171875,1304.699951171875,1305.449951171875,104608
2025-01-20 14:05:00+05:30,1306.199951171875,1306.699951171875,1305.800048828125,1305.949951171875,96156
2025-01-20 14:10:00+05:30,1306.449951171875,1306.5999755859375,1305.9000244140625,1306.4000244140625,100159
2025-01-20 14:15:00+05:30,1306.0999755859375,1306.699951171875,1305.9000244140625,1306.5,116113
2025-01-20 14:20:00+05:30,1305.050048828125,1306.6500244140625,1305.0,1306.25,109084
2025-01-20 14:25:00+05:30,1304.9000244140625,1305.6500244140625,1304.4000244140625,1305.0999755859375,128391
2025-01-20 14:30:00+05:30,1304.4000244140625,1304.8499755859375,1303.5999755859375,1304.8499755859375,141823
2025-01-20 14:35:00+05:30,1305.75,1305.8499755859375,1304.0999755859375,1304.4000244140625,149751
2025-01-20 14:40:00+05:30,1306.5,1306.9000244140625,1305.4000244140625,1305.949951171875,164115
2025-01-20 14:45:00+05:30,1306.25,1306.949951171875,1305.199951171875,1306.550048828125,195553
2025-01-20 14:50:00+05:30,1306.050048828125,1306.5,1305.25,1306.25,152537
2025-01-20 14:55:00+05:30,1306.0,1306.449951171875,1305.5,1306.050048828125,152389
2025-01-20 15:00:00+05:30,1306.25,1306.5,1305.5,1305.949951171875,255527
2025-01-20 15:05:00+05:30,1306.25,1306.550048828125,1305.75,1306.3499755859375,292265
2025-01-20 15:10:00+05:30,1305.6500244140625,1306.3499755859375,1305.3499755859375,1306.3499755859375,267800
2025-01-20 15:15:00+05:30,1305.300048828125,1305.800048828125,1304.6500244140625,1305.6500244140625,343106
2025-01-20 15:20:00+05:30,1304.449951171875,1305.5,1304.1500244140625,1305.25,373497
2025-01-20 15:25:00+05:30,1305.449951171875,1305.449951171875,1303.0,1304.5,193300
2025-01-21 09:15:00+05:30,1305.0999755859375,1312.0,1305.050048828125,1311.0,0
2025-01-21 09:20:00+05:30,1302.9000244140625,1306.199951171875,1302.550048828125,1305.0999755859375,131360
2025-01-21 09:25:00+05:30,1303.25,1303.8499755859375,1302.0999755859375,1302.9000244140625,121857
2025-01-21 09:30:00+05:30,1299.050048828125,1304.050048828125,1298.6500244140625,1303.550048828125,197794
2025-01-21 09:35:00+05:30,1298.0,1300.0,1297.0999755859375,1299.050048828125,143714
2025-01-21 09:40:00+05:30,1296.699951171875,1299.550048828125,1296.199951171875,1298.1500244140625,95217
2025-01-21 09:45:00+05:30,1295.0,1297.0,1292.8499755859375,1296.699951171875,175839
2025-01-21 09:50:00+05:30,1293.1500244140625,1295.8499755859375,1292.0,1294.949951171875,118350
2025-01-21 09:55:00+05:30,1292.0,1294.6500244140625,1290.5999755859375,1293.5,123235
2025-01-21 10:00:00+05:30,1287.949951171875,1291.699951171875,1287.550048828125,1291.5999755859375,205724
2025-01-21 10:05:00+05:30,1287.6500244140625,1288.5,1286.5,1287.9000244140625,158872
2025-01-21 10:10:00+05:30,1286.800048828125,1288.75,1286.0,1287.5999755859375,152181
2025-01-21 10:15:00+05:30,1283.699951171875,1287.3499755859375,1283.0,1287.3499755859375,135737
2025-01-21 10:20:00+05:30,1278.1500244140625,1283.8499755859375,1278.1500244140625,1283.800048828125,271796
2025-01-21 10:25:00+05:30,1281.0,1283.3499755859375,1277.75,1278.5,249048
2025-01-21 10:30:00+05:30,1281.5999755859375,1284.949951171875,1280.25,1280.8499755859375,133391
2025-01-21 10:35:00+05:30,1282.5999755859375,1283.5,1280.550048828125,1281.5,123643
2025-01-21 10:40:00+05:30,1281.3499755859375,1283.5,1280.449951171875,1282.5999755859375,160766
2025-01-21 10:45:00+05:30,1284.0,1285.0,1280.25,1281.3499755859375,210020
2025-01-21 10:50:00+05:30,1283.550048828125,1285.300048828125,1283.550048828125,1284.050048828125,151568
2025-01-21 10:55:00+05:30,1284.8499755859375,1287.0,1283.5999755859375,1283.8499755859375,109340
2025-01-21 11:00:00+05:30,1284.8499755859375,1285.0,1283.0,1284.699951171875,87617
2025-01-21 11:05:00+05:30,1284.0999755859375,1285.949951171875,1283.0999755859375,1284.449951171875,65123
2025-01-21 11:10:00+05:30,1285.9000244140625,1285.9000244140625,1283.050048828125,1284.050048828125,42669
2025-01-21 11:15:00+05:30,1284.0999755859375,1286.050048828125,1283.5,1285.800048828125,59385
2025-01-21 11:20:00+05:30,1283.550048828125,1284.75,1283.550048828125,1284.5999755859375,38420
2025-01-21 11:25:00+05:30,1282.800048828125,1284.8499755859375,1282.800048828125,1283.550048828125,57260
2025-01-21 11:30:00+05:30,1284.5,1285.5,1282.800048828125,1282.800048828125,79236
2025-01-21 11:35:00+05:30,1285.0,1285.9000244140625,1284.199951171875,1284.5,71690
2025-01-21 11:40:00+05:30,1287.199951171875,1288.0,1284.199951171875,1285.0,103679
2025-01-21 11:45:00+05:30,1297.300048828125,1298.800048828125,1287.5,1287.5,1424698
2025-01-21 11:50:00+05:30,1297.25,1299.0,1295.6500244140625,1297.6500244140625,265997
2025-01-21 11:55:00+05:30,1296.949951171875,1297.949951171875,1294.699951171875,1297.1500244140625,166975
2025-01-21 12:00:00+05:30,1295.3499755859375,1297.6500244140625,1295.300048828125,1296.949951171875,141961
2025-01-21 12:05:00+05:30,1292.5999755859375,1296.6500244140625,1291.1500244140625,1295.3499755859375,128223
2025-01-21 12:10:00+05:30,1290.1500244140625,1294.199951171875,1290.0,1292.6500244140625,102307
2025-01-21 12:15:00+05:30,1282.050048828125,1290.6500244140625,1280.0,1290.050048828125,393653
2025-01-21 12:20:00+05:30,1280.0999755859375,1283.0,1280.0,1281.9000244140625,147669
2025-01-21 12:25:00+05:30,1281.5,1283.25,1280.050048828125,1280.199951171875,141532
2025-01-21 12:30:00+05:30,1283.0,1283.0999755859375,1280.0,1281.449951171875,107450
2025-01-21 12:35:00+05:30,1282.699951171875,1283.6500244140625,1281.5,1282.8499755859375,65134
2025-01-21 12:40:00+05:30,1282.0,1283.449951171875,1280.5999755859375,1282.5999755859375,82888
2025-01-21 12:45:00+05:30,1282.0,1283.5,1280.949951171875,1282.0,78350
2025-01-21 12:50:00+05:30,1282.3499755859375,1283.050048828125,1281.300048828125,1281.949951171875,77773
2025-01-21 12:55:00+05:30,1286.25,1288.25,1281.8499755859375,1281.949951171875,217694
2025-01-21 13:00:00+05:30,1288.0,1289.800048828125,1285.949951171875,1286.0999755859375,182813
2025-01-21 13:05:00+05:30,1287.800048828125,1288.3499755859375,1285.699951171875,1287.75,250662
2025-01-21 13:10:00+05:30,1290.949951171875,1290.949951171875,1286.8499755859375,1287.6500244140625,105334
2025-01-21 13:15:00+05:30,1285.050048828125,1291.449951171875,1285.0,1291.0,144918
2025-01-21 13:20:00+05:30,1287.949951171875,1287.949951171875,1282.0,1285.0,177274
2025-01-21 13:25:00+05:30,1292.449951171875,1292.5,1287.199951171875,1288.0,192865
2025-01-21 13:30:00+05:30,1289.6500244140625,1293.0,1288.449951171875,1292.1500244140625,149824
2025-01-21 13:35:00+05:30,1289.199951171875,1289.8499755859375,1287.25,1289.300048828125,118211
2025-01-21 13:40:00+05:30,1290.0,1291.4000244140625,1288.75,1288.75,152658
2025-01-21 13:45:00+05:30,1289.949951171875,1290.199951171875,1288.75,1289.949951171875,84429
2025-01-21 13:50:00+05:30,1287.0999755859375,1290.0,1286.300048828125,1289.4000244140625,89651
2025-01-21 13:55:00+05:30,1287.449951171875,1287.9000244140625,1284.1500244140625,1287.050048828125,117771
2025-01-21 14:00:00+05:30,1289.0,1289.0,1286.199951171875,1287.199951171875,85578
2025-01-21 14:05:00+05:30,1288.3499755859375,1289.1500244140625,1286.449951171875,1288.699951171875,81822
2025-01-21 14:10:00+05:30,1286.800048828125,1288.199951171875,1286.25,1288.1500244140625,80802
2025-01-21 14:15:00+05:30,1284.4000244140625,1287.5,1283.199951171875,1286.5,123663
2025-01-21 14:20:00+05:30,1283.25,1285.4000244140625,1282.1500244140625,1284.449951171875,146479
2025-01-21 14:25:00+05:30,1284.199951171875,1284.75,1282.5999755859375,1283.449951171875,134237
2025-01-21 14:30:00+05:30,1279.8499755859375,1285.449951171875,1279.4000244140625,1284.199951171875,262176
2025-01-21 14:35:00+05:30,1276.800048828125,1280.5,1275.5,1279.8499755859375,422757
2025-01-21 14:40:00+05:30,1274.3499755859375,1276.550048828125,1270.5,1276.550048828125,387312
2025-01-21 14:45:00+05:30,1273.1500244140625,1275.0999755859375,1271.75,1274.1500244140625,254322
2025-01-21 14:50:00+05:30,1273.75,1274.5999755859375,1272.3499755859375,1272.75,220134
2025-01-21 14:55:00+05:30,1274.25,1275.5999755859375,1272.5999755859375,1273.75,361320
2025-01-21 15:00:00+05:30,1272.050048828125,1274.300048828125,1271.550048828125,1274.300048828125,627889
2025-01-21 15:05:00+05:30,1271.699951171875,1272.6500244140625,1270.699951171875,1272.0999755859375,391161
2025-01-21 15:10:00+05:30,1272.25,1273.0,1271.449951171875,1271.550048828125,404691
2025-01-21 15:15:00+05:30,1275.75,1276.0,1272.3499755859375,1272.4000244140625,473986
2025-01-21 15:20:00+05:30,1275.949951171875,1276.199951171875,1274.0999755859375,1275.75,378876
2025-01-21 15:25:00+05:30,1277.0,1278.3499755859375,1275.1500244140625,1276.0,365779
2025-01-22 09:15:00+05:30,1280.25,1281.0,1273.550048828125,1280.800048828125,0
2025-01-22 09:20:00+05:30,1279.3499755859375,1281.800048828125,1277.949951171875,1280.050048828125,216831
2025-01-22 09:25:00+05:30,1280.050048828125,1281.050048828125,1276.3499755859375,1279.4000244140625,295501
2025-01-22 09:30:00+05:30,1281.0,1282.9000244140625,1280.050048828125,1280.050048828125,188185
2025-01-22 09:35:00+05:30,1280.5999755859375,1281.8499755859375,1280.199951171875,1281.0,184067
2025-01-22 09:40:00+05:30,1278.25,1281.5,1278.0999755859375,1280.5999755859375,219279
2025-01-22 09:45:00+05:30,1278.550048828125,1278.699951171875,1276.1500244140625,1277.9000244140625,166497
2025-01-22 09:50:00+05:30,1281.1500244140625,1281.449951171875,1278.4000244140625,1278.5,163337
2025-01-22 09:55:00+05:30,1280.6500244140625,1281.699951171875,1280.0,1281.1500244140625,165732
2025-01-22 10:00:00+05:30,1279.550048828125,1281.4000244140625,1278.9000244140625,1280.6500244140625,99786
2025-01-22 10:05:00+05:30,1280.0999755859375,1280.8499755859375,1279.3499755859375,1279.5,66463
2025-01-22 10:10:00+05:30,1279.050048828125,1280.1500244140625,1278.550048828125,1280.1500244140625,66120
2025-01-22 10:15:00+05:30,1280.0,1280.550048828125,1279.300048828125,1279.300048828125,42451
2025-01-22 10:20:00+05:30,1280.199951171875,1280.5,1279.800048828125,1280.0,58089
2025-01-22 10:25:00+05:30,1280.3499755859375,1280.949951171875,1280.050048828125,1280.199951171875,95278
2025-01-22 10:30:00+05:30,1280.1500244140625,1281.300048828125,1280.0999755859375,1280.3499755859375,64992
2025-01-22 10:35:00+05:30,1278.300048828125,1280.199951171875,1278.0999755859375,1280.1500244140625,102640
2025-01-22 10:40:00+05:30,1278.9000244140625,1279.75,1277.550048828125,1278.300048828125,104646
2025-01-22 10:45:00+05:30,1280.1500244140625,1280.949951171875,1278.949951171875,1278.949951171875,97826
2025-01-22 10:50:00+05:30,1278.550048828125,1280.199951171875,1278.050048828125,1280.1500244140625,138452
2025-01-22 10:55:00+05:30,1277.0999755859375,1278.4000244140625,1276.5,1278.4000244140625,72827
2025-01-22 11:00:00+05:30,1276.0,1277.199951171875,1275.0999755859375,1277.1500244140625,96101
2025-01-22 11:05:00+05:30,1276.75,1277.0999755859375,1275.699951171875,1275.949951171875,41658
2025-01-22 11:10:00+05:30,1275.699951171875,1276.550048828125,1275.0,1276.550048828125,62177
2025-01-22 11:15:00+05:30,1275.0,1276.550048828125,1274.3499755859375,1275.6500244140625,96447
2025-01-22 11:20:00+05:30,1275.0,1275.949951171875,1274.699951171875,1275.0,64522
2025-01-22 11:25:00+05:30,1275.449951171875,1275.550048828125,1275.0,1275.1500244140625,40532
2025-01-22 11:30:00+05:30,1274.3499755859375,1276.0,1274.0,1275.4000244140625,83657
2025-01-22 11:35:00+05:30,1274.300048828125,1275.0,1273.4000244140625,1274.1500244140625,67212
2025-01-22 11:40:00+05:30,1274.5999755859375,1275.25,1274.199951171875,1274.25,43802
2025-01-22 11:45:00+05:30,1273.75,1274.800048828125,1272.75,1274.550048828125,84009
2025-01-22 11:50:00+05:30,1274.300048828125,1274.8499755859375,1273.0999755859375,1273.5,110270
2025-01-22 11:55:00+05:30,1271.050048828125,1274.8499755859375,1270.5999755859375,1274.0999755859375,130917
2025-01-22 12:00:00+05:30,1270.4000244140625,1271.050048828125,1270.0,1271.050048828125,105696
2025-01-22 12:05:00+05:30,1270.050048828125,1270.699951171875,1269.3499755859375,1270.4000244140625,65459
2025-01-22 12:10:00+05:30,1271.1500244140625,1271.449951171875,1270.0,1270.0999755859375,88612
2025-01-22 12:15:00+05:30,1273.4000244140625,1273.4000244140625,1270.6500244140625,1271.1500244140625,140346
2025-01-22 12:20:00+05:30,1270.5999755859375,1273.449951171875,1270.5999755859375,1273.050048828125,110699
2025-01-22 12:25:00+05:30,1270.699951171875,1271.0999755859375,1268.8499755859375,1270.5999755859375,95290
2025-01-22 12:30:00+05:30,1271.949951171875,1272.5999755859375,1270.550048828125,1271.1500244140625,171378
2025-01-22 12:35:00+05:30,1271.0,1272.800048828125,1270.4000244140625,1272.550048828125,72474
2025-01-22 12:40:00+05:30,1271.949951171875,1272.4000244140625,1270.6500244140625,1271.0,80302
2025-01-22 12:45:00+05:30,1270.75,1272.0,1270.5,1271.949951171875,75472
2025-01-22 12:50:00+05:30,1270.5,1271.5,1270.3499755859375,1270.9000244140625,522557
2025-01-22 12:55:00+05:30,1271.0,1271.550048828125,1270.5999755859375,1271.0,74652
2025-01-22 13:00:00+05:30,1271.0,1271.449951171875,1270.550048828125,1271.1500244140625,51125
2025-01-22 13:05:00+05:30,1271.199951171875,1271.4000244140625,1270.5,1270.699951171875,72921
2025-01-22 13:10:00+05:30,1273.25,1273.25,1270.6500244140625,1271.25,81629
2025-01-22 13:15:00+05:30,1272.449951171875,1273.25,1271.1500244140625,1273.1500244140625,45076
2025-01-22 13:20:00+05:30,1271.8499755859375,1272.449951171875,1271.449951171875,1272.050048828125,45776
2025-01-22 13:25:00+05:30,1271.199951171875,1272.5,1271.050048828125,1271.8499755859375,42993
2025-01-22 13:30:00+05:30,1271.699951171875,1272.0,1271.25,1271.3499755859375,56246
2025-01-22 13:35:00+05:30,1273.0,1273.0,1271.1500244140625,1271.5999755859375,72130
2025-01-22 13:40:00+05:30,1270.949951171875,1273.4000244140625,1270.5999755859375,1273.0,73704
2025-01-22 13:45:00+05:30,1273.949951171875,1274.300048828125,1270.949951171875,1270.949951171875,93100
2025-01-22 13:50:00+05:30,1273.199951171875,1274.75,1272.6500244140625,1273.9000244140625,133327
2025-01-22 13:55:00+05:30,1273.0,1273.699951171875,1272.800048828125,1273.199951171875,52275
2025-01-22 14:00:00+05:30,1271.75,1273.4000244140625,1271.550048828125,1273.300048828125,71380
2025-01-22 14:05:00+05:30,1272.5999755859375,1272.9000244140625,1271.0,1271.699951171875,89574
2025-01-22 14:10:00+05:30,1274.300048828125,1276.0,1272.5,1272.5999755859375,106678
2025-01-22 14:15:00+05:30,1275.800048828125,1275.8499755859375,1273.800048828125,1274.699951171875,96203
2025-01-22 14:20:00+05:30,1276.8499755859375,1276.8499755859375,1274.3499755859375,1275.3499755859375,89090
2025-01-22 14:25:00+05:30,1277.449951171875,1278.800048828125,1276.5999755859375,1276.699951171875,225963
2025-01-22 14:30:00+05:30,1276.6500244140625,1277.6500244140625,1276.0,1277.300048828125,72107
2025-01-22 14:35:00+05:30,1276.0,1276.75,1275.699951171875,1276.75,153093
2025-01-22 14:40:00+05:30,1276.0,1276.5,1275.6500244140625,1275.800048828125,77798
2025-01-22 14:45:00+05:30,1274.3499755859375,1277.5,1274.199951171875,1276.050048828125,322074
2025-01-22 14:50:00+05:30,1274.3499755859375,1275.800048828125,1274.1500244140625,1274.1500244140625,136587
2025-01-22 14:55:00+05:30,1276.75,1276.75,1273.6500244140625,1274.3499755859375,81641
2025-01-22 15:00:00+05:30,1276.949951171875,1277.0,1275.25,1276.75,336272
2025-01-22 15:05:00+05:30,1276.0,1276.949951171875,1275.5,1276.949951171875,326749
2025-01-22 15:10:00+05:30,1275.9000244140625,1276.0,1275.0999755859375,1276.0,385240
2025-01-22 15:15:00+05:30,1278.949951171875,1279.800048828125,1275.8499755859375,1276.0,482564
2025-01-22 15:20:00+05:30,1277.25,1279.25,1277.1500244140625,1278.949951171875,338147
2025-01-22 15:25:00+05:30,1278.300048828125,1279.3499755859375,1276.9000244140625,1277.5,272784
2025-01-23 09:15:00+05:30,1276.699951171875,1277.199951171875,1272.0,1276.9000244140625,0
2025-01-23 09:20:00+05:30,1274.0,1276.949951171875,1273.5,1276.8499755859375,100567
2025-01-23 09:25:00+05:30,1272.5,1273.6500244140625,1271.199951171875,1273.6500244140625,102397
2025-01-23 09:30:00+05:30,1272.9000244140625,1274.3499755859375,1271.449951171875,1272.1500244140625,106506
2025-01-23 09:35:00+05:30,1273.300048828125,1274.699951171875,1272.699951171875,1272.699951171875,156023
2025-01-23 09:40:00+05:30,1274.0,1274.449951171875,1273.1500244140625,1273.6500244140625,98477
2025-01-23 09:45:00+05:30,1274.449951171875,1274.5999755859375,1272.300048828125,1273.0999755859375,75868
2025-01-23 09:50:00+05:30,1274.050048828125,1274.4000244140625,1273.0,1274.1500244140625,56197
2025-01-23 09:55:00+05:30,1272.6500244140625,1274.3499755859375,1271.550048828125,1274.050048828125,72268
2025-01-23 10:00:00+05:30,1273.0,1273.0,1271.5,1272.949951171875,65786
2025-01-23 10:05:00+05:30,1272.25,1273.550048828125,1271.800048828125,1273.0,63543
2025-01-23 10:10:00+05:30,1271.9000244140625,1272.949951171875,1271.4000244140625,1272.0,62524
2025-01-23 10:15:00+05:30,1272.050048828125,1273.1500244140625,1271.5,1271.75,59772
2025-01-23 10:20:00+05:30,1272.5,1272.699951171875,1271.449951171875,1272.0,57555
2025-01-23 10:25:00+05:30,1273.4000244140625,1273.5,1272.25,1272.25,47965
2025-01-23 10:30:00+05:30,1273.25,1273.800048828125,1273.0,1273.4000244140625,58534
2025-01-23 10:35:00+05:30,1272.3499755859375,1273.3499755859375,1272.1500244140625,1273.25,50116
2025-01-23 10:40:00+05:30,1273.4000244140625,1273.6500244140625,1272.25,1272.25,40220
2025-01-23 10:45:00+05:30,1273.4000244140625,1273.699951171875,1272.949951171875,1273.300048828125,44164
2025-01-23 10:50:00+05:30,1272.800048828125,1273.4000244140625,1272.0,1273.4000244140625,49414
2025-01-23 10:55:00+05:30,1272.9000244140625,1273.3499755859375,1272.5,1272.800048828125,30266
2025-01-23 11:00:00+05:30,1272.699951171875,1273.25,1272.050048828125,1272.8499755859375,52017
2025-01-23 11:05:00+05:30,1273.949951171875,1274.0,1272.699951171875,1272.699951171875,42332
2025-01-23 11:10:00+05:30,1273.550048828125,1274.300048828125,1273.3499755859375,1273.949951171875,64965
2025-01-23 11:15:00+05:30,1273.0,1274.1500244140625,1272.25,1273.550048828125,33576
2025-01-23 11:20:00+05:30,1273.300048828125,1273.4000244140625,1272.550048828125,1273.0,39097
2025-01-23 11:25:00+05:30,1273.5,1273.5999755859375,1273.1500244140625,1273.300048828125,39783
2025-01-23 11:30:00+05:30,1273.699951171875,1274.0,1273.050048828125,1273.5,24584
2025-01-23 11:35:00+05:30,1273.6500244140625,1274.199951171875,1273.6500244140625,1273.800048828125,49191
2025-01-23 11:40:00+05:30,1270.25,1273.8499755859375,1270.25,1273.5,109025
2025-01-23 11:45:00+05:30,1269.300048828125,1270.5,1267.800048828125,1270.5,1341892
2025-01-23 11:50:00+05:30,1268.3499755859375,1269.5999755859375,1268.050048828125,1268.9000244140625,51822
2025-01-23 11:55:00+05:30,1268.5,1269.25,1267.5,1267.699951171875,51832
2025-01-23 12:00:00+05:30,1267.300048828125,1268.699951171875,1267.199951171875,1268.5,75876
2025-01-23 12:05:00+05:30,1267.0,1267.949951171875,1266.550048828125,1267.699951171875,49389
2025-01-23 12:10:00+05:30,1267.75,1267.9000244140625,1266.800048828125,1267.0,60609
2025-01-23 12:15:00+05:30,1267.25,1267.75,1266.199951171875,1267.75,70248
2025-01-23 12:20:00+05:30,1267.25,1267.6500244140625,1266.3499755859375,1267.449951171875,73858
2025-01-23 12:25:00+05:30,1268.550048828125,1269.25,1266.800048828125,1267.1500244140625,64604
2025-01-23 12:30:00+05:30,1268.8499755859375,1269.800048828125,1268.4000244140625,1268.550048828125,63142
2025-01-23 12:35:00+05:30,1268.4000244140625,1269.5,1268.050048828125,1268.949951171875,54490
2025-01-23 12:40:00+05:30,1267.75,1268.800048828125,1267.5999755859375,1268.050048828125,69165
2025-01-23 12:45:00+05:30,1266.550048828125,1267.75,1266.550048828125,1267.5999755859375,131596
2025-01-23 12:50:00+05:30,1265.300048828125,1266.9000244140625,1265.1500244140625,1266.550048828125,93201
2025-01-23 12:55:00+05:30,1264.0999755859375,1266.1500244140625,1264.0999755859375,1265.75,95395
2025-01-23 13:00:00+05:30,1265.550048828125,1265.800048828125,1264.199951171875,1264.6500244140625,62198
2025-01-23 13:05:00+05:30,1265.0,1265.9000244140625,1264.949951171875,1265.5,70295
2025-01-23 13:10:00+05:30,1264.9000244140625,1265.4000244140625,1264.300048828125,1265.199951171875,62601
2025-01-23 13:15:00+05:30,1264.949951171875,1265.9000244140625,1264.449951171875,1264.9000244140625,115521
2025-01-23 13:20:00+05:30,1265.0,1265.449951171875,1264.5999755859375,1264.949951171875,151466
2025-01-23 13:25:00+05:30,1264.75,1265.0,1264.699951171875,1264.8499755859375,72390
2025-01-23 13:30:00+05:30,1264.0999755859375,1264.800048828125,1263.6500244140625,1264.75,104841
2025-01-23 13:35:00+05:30,1264.25,1264.8499755859375,1264.0999755859375,1264.0999755859375,77816
2025-01-23 13:40:00+05:30,1264.0,1264.25,1263.3499755859375,1264.25,92868
2025-01-23 13:45:00+05:30,1263.8499755859375,1264.050048828125,1263.199951171875,1264.050048828125,82808
2025-01-23 13:50:00+05:30,1263.300048828125,1264.050048828125,1263.25,1263.8499755859375,113870
2025-01-23 13:55:00+05:30,1262.75,1263.449951171875,1262.0,1263.3499755859375,157882
2025-01-23 14:00:00+05:30,1263.4000244140625,1264.0,1262.449951171875,1262.9000244140625,112146
2025-01-23 14:05:00+05:30,1263.949951171875,1264.0,1263.3499755859375,1263.550048828125,84748
2025-01-23 14:10:00+05:30,1263.25,1264.0,1263.25,1263.9000244140625,204410
2025-01-23 14:15:00+05:30,1263.0,1264.050048828125,1262.800048828125,1263.4000244140625,111572
2025-01-23 14:20:00+05:30,1262.6500244140625,1263.449951171875,1262.5,1263.0,81005
2025-01-23 14:25:00+05:30,1262.449951171875,1262.75,1261.5999755859375,1262.6500244140625,117434
2025-01-23 14:30:00+05:30,1264.0,1264.0,1262.199951171875,1262.5,98532
2025-01-23 14:35:00+05:30,1264.3499755859375,1264.5,1263.75,1263.8499755859375,197197
2025-01-23 14:40:00+05:30,1264.75,1264.949951171875,1264.0999755859375,1264.3499755859375,81563
2025-01-23 14:45:00+05:30,1263.550048828125,1265.4000244140625,1263.199951171875,1264.5999755859375,192070
2025-01-23 14:50:00+05:30,1262.5,1264.449951171875,1261.8499755859375,1263.5,112813
2025-01-23 14:55:00+05:30,1263.300048828125,1263.699951171875,1262.199951171875,1262.199951171875,96025
2025-01-23 15:00:00+05:30,1264.0,1264.0,1263.3499755859375,1263.3499755859375,336684
2025-01-23 15:05:00+05:30,1263.949951171875,1264.0,1263.3499755859375,1264.0,270536
2025-01-23 15:10:00+05:30,1263.699951171875,1264.0,1262.699951171875,1263.9000244140625,226816
2025-01-23 15:15:00+05:30,1263.4000244140625,1264.0,1262.6500244140625,1263.699951171875,228468
2025-01-23 15:20:00+05:30,1263.8499755859375,1264.0,1261.9000244140625,1263.449951171875,320331
2025-01-23 15:25:00+05:30,1264.949951171875,1265.5,1263.949951171875,1263.949951171875,159564
2025-01-24 09:15:00+05:30,1271.699951171875,1272.949951171875,1266.8499755859375,1270.699951171875,0
2025-01-24 09:20:00+05:30,1271.3499755859375,1272.800048828125,1270.5999755859375,1272.0999755859375,158904
2025-01-24 09:25:00+05:30,1269.4000244140625,1272.050048828125,1269.0,1271.1500244140625,177092
2025-01-24 09:30:00+05:30,1268.9000244140625,1270.25,1268.449951171875,1269.4000244140625,82535
2025-01-24 09:35:00+05:30,1266.75,1269.0,1266.449951171875,1268.9000244140625,74030
2025-01-24 09:40:00+05:30,1267.0999755859375,1267.300048828125,1265.199951171875,1266.75,102553
2025-01-24 09:45:00+05:30,1265.9000244140625,1269.0999755859375,1265.8499755859375,1267.0,148922
2025-01-24 09:50:00+05:30,1263.5,1266.449951171875,1263.300048828125,1265.5,151692
2025-01-24 09:55:00+05:30,1260.9000244140625,1264.8499755859375,1260.9000244140625,1263.5999755859375,416334
2025-01-24 10:00:00+05:30,1259.050048828125,1261.1500244140625,1258.3499755859375,1261.0,196511
2025-01-24 10:05:00+05:30,1258.9000244140625,1260.0,1258.300048828125,1259.5,112199
2025-01-24 10:10:00+05:30,1258.199951171875,1259.8499755859375,1257.550048828125,1258.9000244140625,61099
2025-01-24 10:15:00+05:30,1257.0999755859375,1258.3499755859375,1257.050048828125,1257.6500244140625,76795
2025-01-24 10:20:00+05:30,1257.0,1257.5,1255.0999755859375,1257.5,157081
2025-01-24 10:25:00+05:30,1258.949951171875,1260.0,1256.4000244140625,1257.0,140401
2025-01-24 10:30:00+05:30,1257.0,1259.5,1257.0,1258.9000244140625,49327
2025-01-24 10:35:00+05:30,1259.4000244140625,1260.0,1256.9000244140625,1256.9000244140625,130937
2025-01-24 10:40:00+05:30,1258.0,1259.1500244140625,1257.3499755859375,1259.1500244140625,115608
2025-01-24 10:45:00+05:30,1258.6500244140625,1259.0,1257.25,1258.0,80349
2025-01-24 10:50:00+05:30,1259.0,1259.199951171875,1257.300048828125,1258.5999755859375,61506
2025-01-24 10:55:00+05:30,1259.0,1259.0999755859375,1257.75,1258.949951171875,63615
2025-01-24 11:00:00+05:30,1259.050048828125,1259.5,1258.1500244140625,1258.949951171875,119744
2025-01-24 11:05:00+05:30,1259.8499755859375,1259.8499755859375,1258.449951171875,1259.449951171875,133123
2025-01-24 11:10:00+05:30,1260.1500244140625,1260.449951171875,1259.1500244140625,1259.800048828125,156485
2025-01-24 11:15:00+05:30,1258.949951171875,1260.449951171875,1258.0,1260.1500244140625,95212
2025-01-24 11:20:00+05:30,1259.0,1259.699951171875,1258.050048828125,1258.9000244140625,96877
2025-01-24 11:25:00+05:30,1257.949951171875,1259.4000244140625,1256.1500244140625,1259.3499755859375,82650
2025-01-24 11:30:00+05:30,1256.800048828125,1258.5999755859375,1256.75,1258.0,69624
2025-01-24 11:35:00+05:30,1255.4000244140625,1257.0,1255.0,1256.75,132903
2025-01-24 11:40:00+05:30,1257.3499755859375,1257.800048828125,1255.0,1255.300048828125,196129
2025-01-24 11:45:00+05:30,1256.5,1257.8499755859375,1255.550048828125,1257.199951171875,195412
2025-01-24 11:50:00+05:30,1256.800048828125,1257.449951171875,1256.199951171875,1256.550048828125,182321
2025-01-24 11:55:00+05:30,1256.6500244140625,1258.949951171875,1256.6500244140625,1256.6500244140625,155178
2025-01-24 12:00:00+05:30,1257.75,1258.0,1256.4000244140625,1256.800048828125,122917
2025-01-24 12:05:00+05:30,1256.8499755859375,1257.9000244140625,1255.8499755859375,1257.75,267398
2025-01-24 12:10:00+05:30,1257.449951171875,1257.9000244140625,1256.550048828125,1256.8499755859375,51146
2025-01-24 12:15:00+05:30,1259.1500244140625,1259.25,1257.449951171875,1257.5999755859375,64128
2025-01-24 12:20:00+05:30,1259.199951171875,1259.5,1258.6500244140625,1259.25,51072
2025-01-24 12:25:00+05:30,1258.550048828125,1259.9000244140625,1258.199951171875,1259.199951171875,53920
2025-01-24 12:30:00+05:30,1256.6500244140625,1258.800048828125,1256.6500244140625,1258.550048828125,131797
2025-01-24 12:35:00+05:30,1254.5,1257.0999755859375,1254.050048828125,1256.75,212294
2025-01-24 12:40:00+05:30,1252.4000244140625,1254.550048828125,1252.4000244140625,1254.1500244140625,75509
2025-01-24 12:45:00+05:30,1253.4000244140625,1253.8499755859375,1251.699951171875,1252.5,98573
2025-01-24 12:50:00+05:30,1253.1500244140625,1254.1500244140625,1252.25,1253.4000244140625,74790
2025-01-24 12:55:00+05:30,1253.4000244140625,1255.199951171875,1253.1500244140625,1253.1500244140625,66152
2025-01-24 13:00:00+05:30,1252.5999755859375,1253.800048828125,1252.0999755859375,1253.800048828125,66817
2025-01-24 13:05:00+05:30,1252.050048828125,1252.5999755859375,1251.25,1252.5,65589
2025-01-24 13:10:00+05:30,1254.449951171875,1255.5,1252.0,1252.4000244140625,86610
2025-01-24 13:15:00+05:30,1253.5999755859375,1254.699951171875,1252.6500244140625,1254.449951171875,63015
2025-01-24 13:20:00+05:30,1254.25,1254.699951171875,1253.5999755859375,1253.699951171875,53625
2025-01-24 13:25:00+05:30,1254.6500244140625,1255.3499755859375,1253.949951171875,1254.25,48202
2025-01-24 13:30:00+05:30,1252.8499755859375,1255.1500244140625,1252.550048828125,1255.0,100551
2025-01-24 13:35:00+05:30,1252.75,1253.4000244140625,1252.050048828125,1253.0,99295
2025-01-24 13:40:00+05:30,1252.5,1252.9000244140625,1251.1500244140625,1252.699951171875,81654
2025-01-24 13:45:00+05:30,1251.9000244140625,1252.5,1251.1500244140625,1252.0,82157
2025-01-24 13:50:00+05:30,1251.75,1252.699951171875,1251.5,1251.9000244140625,52629
2025-01-24 13:55:00+05:30,1251.5999755859375,1252.300048828125,1251.0,1251.699951171875,67191
2025-01-24 14:00:00+05:30,1254.4000244140625,1254.4000244140625,1250.1500244140625,1251.0999755859375,80266
2025-01-24 14:05:00+05:30,1252.0999755859375,1254.800048828125,1252.0999755859375,1254.4000244140625,54362
2025-01-24 14:10:00+05:30,1250.550048828125,1252.449951171875,1250.5,1252.300048828125,55807
2025-01-24 14:15:00+05:30,1251.1500244140625,1251.6500244140625,1250.199951171875,1250.699951171875,76809
2025-01-24 14:20:00+05:30,1251.75,1252.1500244140625,1251.0999755859375,1251.25,67015
2025-01-24 14:25:00+05:30,1251.0999755859375,1251.75,1251.0,1251.75,59455
2025-01-24 14:30:00+05:30,1251.949951171875,1253.6500244140625,1251.050048828125,1251.4000244140625,99008
2025-01-24 14:35:00+05:30,1250.4000244140625,1252.5,1250.4000244140625,1252.5,99263
2025-01-24 14:40:00+05:30,1249.0,1250.800048828125,1248.050048828125,1250.449951171875,318288
2025-01-24 14:45:00+05:30,1247.5,1249.300048828125,1247.4000244140625,1248.8499755859375,173384
2025-01-24 14:50:00+05:30,1247.1500244140625,1248.5,1244.699951171875,1247.5,4622870
2025-01-24 14:55:00+05:30,1246.0999755859375,1247.800048828125,1244.0,1247.1500244140625,137095
2025-01-24 15:00:00+05:30,1246.4000244140625,1248.0,1246.050048828125,1246.0999755859375,207401
2025-01-24 15:05:00+05:30,1247.449951171875,1247.699951171875,1246.4000244140625,1246.5,229631
2025-01-24 15:10:00+05:30,1245.75,1247.75,1245.5,1247.5,230712
2025-01-24 15:15:00+05:30,1246.050048828125,1246.0999755859375,1245.199951171875,1246.050048828125,197361
2025-01-24 15:20:00+05:30,1246.3499755859375,1246.550048828125,1245.25,1246.050048828125,503004
2025-01-24 15:25:00+05:30,1244.3499755859375,1246.550048828125,1244.0,1246.5,407907
2025-01-27 09:15:00+05:30,1235.949951171875,1240.300048828125,1234.3499755859375,1237.8499755859375,0
2025-01-27 09:20:00+05:30,1236.75,1238.300048828125,1234.300048828125,1235.75,185499
2025-01-27 09:25:00+05:30,1237.9000244140625,1239.550048828125,1236.050048828125,1236.699951171875,134408
2025-01-27 09:30:00+05:30,1236.550048828125,1239.4000244140625,1235.050048828125,1237.9000244140625,220512
2025-01-27 09:35:00+05:30,1235.699951171875,1237.050048828125,1235.050048828125,1236.6500244140625,121827
2025-01-27 09:40:00+05:30,1232.4000244140625,1236.0,1231.800048828125,1236.0,188725
2025-01-27 09:45:00+05:30,1231.75,1233.0,1231.0,1231.949951171875,152259
2025-01-27 09:50:00+05:30,1229.949951171875,1232.0,1229.949951171875,1231.699951171875,172212
2025-01-27 09:55:00+05:30,1228.0,1231.199951171875,1228.0,1229.800048828125,125599
2025-01-27 10:00:00+05:30,1229.550048828125,1229.949951171875,1228.0,1228.1500244140625,126502
2025-01-27 10:05:00+05:30,1229.300048828125,1230.300048828125,1228.550048828125,1229.5999755859375,128623
2025-01-27 10:10:00+05:30,1229.800048828125,1230.0,1228.0999755859375,1229.0,102289
2025-01-27 10:15:00+05:30,1226.0,1230.0,1226.0,1229.800048828125,313272
2025-01-27 10:20:00+05:30,1225.8499755859375,1226.8499755859375,1225.25,1226.300048828125,157306
2025-01-27 10:25:00+05:30,1222.8499755859375,1226.0,1222.300048828125,1225.800048828125,198816
2025-01-27 10:30:00+05:30,1222.0,1223.699951171875,1221.5999755859375,1222.4000244140625,97833
2025-01-27 10:35:00+05:30,1221.25,1222.699951171875,1220.25,1222.0,84830
2025-01-27 10:40:00+05:30,1222.4000244140625,1222.5,1220.5,1221.5999755859375,167491
2025-01-27 10:45:00+05:30,1222.699951171875,1224.25,1222.0,1222.0999755859375,128379
2025-01-27 10:50:00+05:30,1220.300048828125,1222.9000244140625,1220.0,1222.699951171875,104124
2025-01-27 10:55:00+05:30,1220.4000244140625,1221.050048828125,1220.0,1220.699951171875,110073
2025-01-27 11:00:00+05:30,1221.0,1221.0,1220.0,1220.5,170004
2025-01-27 11:05:00+05:30,1222.550048828125,1222.5999755859375,1220.3499755859375,1220.699951171875,124289
2025-01-27 11:10:00+05:30,1221.800048828125,1222.6500244140625,1221.0,1222.5999755859375,158954
2025-01-27 11:15:00+05:30,1222.449951171875,1223.0,1221.050048828125,1221.800048828125,184607
2025-01-27 11:20:00+05:30,1224.300048828125,1224.699951171875,1222.0999755859375,1222.5,153296
2025-01-27 11:25:00+05:30,1225.75,1225.800048828125,1223.5999755859375,1224.0,136007
2025-01-27 11:30:00+05:30,1226.9000244140625,1227.25,1225.6500244140625,1225.75,123446
2025-01-27 11:35:00+05:30,1225.75,1227.050048828125,1225.0,1226.9000244140625,84456
2025-01-27 11:40:00+05:30,1226.800048828125,1226.949951171875,1225.0,1225.75,122021
2025-01-27 11:45:00+05:30,1228.5,1228.5,1226.5999755859375,1227.199951171875,148431
2025-01-27 11:50:00+05:30,1229.0,1229.5,1228.449951171875,1228.449951171875,81914
2025-01-27 11:55:00+05:30,1230.9000244140625,1230.9000244140625,1228.9000244140625,1229.0999755859375,154430
2025-01-27 12:00:00+05:30,1231.9000244140625,1232.0,1230.0,1230.9000244140625,93981
2025-01-27 12:05:00+05:30,1230.25,1232.0,1230.0,1231.9000244140625,77348
2025-01-27 12:10:00+05:30,1229.0,1230.8499755859375,1227.3499755859375,1230.25,190922
2025-01-27 12:15:00+05:30,1229.6500244140625,1229.6500244140625,1228.0,1229.0,121694
2025-01-27 12:20:00+05:30,1231.25,1231.300048828125,1229.050048828125,1229.3499755859375,67845
2025-01-27 12:25:00+05:30,1232.8499755859375,1232.9000244140625,1231.0,1231.300048828125,78790
2025-01-27 12:30:00+05:30,1233.0,1233.4000244140625,1232.0,1232.949951171875,124778
2025-01-27 12:35:00+05:30,1233.0999755859375,1233.5,1232.75,1233.0999755859375,56347
2025-01-27 12:40:00+05:30,1232.1500244140625,1233.050048828125,1230.5999755859375,1232.800048828125,211444
2025-01-27 12:45:00+05:30,1232.050048828125,1232.550048828125,1230.550048828125,1232.1500244140625,163138
2025-01-27 12:50:00+05:30,1230.1500244140625,1232.449951171875,1230.0,1232.449951171875,127717
2025-01-27 12:55:00+05:30,1230.800048828125,1230.9000244140625,1228.6500244140625,1230.0,83607
2025-01-27 13:00:00+05:30,1230.199951171875,1231.6500244140625,1230.0,1230.800048828125,61075
2025-01-27 13:05:00+05:30,1230.300048828125,1230.300048828125,1228.1500244140625,1230.199951171875,155221
2025-01-27 13:10:00+05:30,1231.75,1231.800048828125,1229.300048828125,1230.4000244140625,108309
2025-01-27 13:15:00+05:30,1230.800048828125,1232.050048828125,1230.3499755859375,1231.8499755859375,64933
2025-01-27 13:20:00+05:30,1230.75,1231.0,1230.0,1230.800048828125,60848
2025-01-27 13:25:00+05:30,1229.699951171875,1230.800048828125,1229.199951171875,1230.300048828125,69686
2025-01-27 13:30:00+05:30,1232.0,1232.550048828125,1229.5,1229.699951171875,60920
2025-01-27 13:35:00+05:30,1230.4000244140625,1232.550048828125,1229.550048828125,1231.8499755859375,62995
2025-01-27 13:40:00+05:30,1232.8499755859375,1233.0,1230.050048828125,1230.5999755859375,72903
2025-01-27 13:45:00+05:30,1232.5,1233.25,1231.6500244140625,1232.949951171875,52125
2025-01-27 13:50:00+05:30,1231.5,1232.8499755859375,1231.050048828125,1232.5,62730
2025-01-27 13:55:00+05:30,1234.3499755859375,1235.0,1230.9000244140625,1231.449951171875,82868
2025-01-27 14:00:00+05:30,1233.449951171875,1235.5,1233.199951171875,1234.5,106711
2025-01-27 14:05:00+05:30,1233.949951171875,1234.9000244140625,1233.050048828125,1233.25,70176
2025-01-27 14:10:00+05:30,1233.6500244140625,1234.25,1233.050048828125,1233.949951171875,108375
2025-01-27 14:15:00+05:30,1235.5999755859375,1235.5999755859375,1233.800048828125,1234.0,106793
2025-01-27 14:20:00+05:30,1235.3499755859375,1235.9000244140625,1235.0,1235.5999755859375,89651
2025-01-27 14:25:00+05:30,1233.4000244140625,1235.25,1233.0999755859375,1235.25,91389
2025-01-27 14:30:00+05:30,1230.699951171875,1233.4000244140625,1230.300048828125,1233.0,155794
2025-01-27 14:35:00+05:30,1228.25,1230.699951171875,1228.050048828125,1230.699951171875,153361
2025-01-27 14:40:00+05:30,1227.9000244140625,1229.300048828125,1227.300048828125,1228.6500244140625,126309
2025-01-27 14:45:00+05:30,1225.9000244140625,1228.050048828125,1225.199951171875,1227.9000244140625,167631
2025-01-27 14:50:00+05:30,1229.8499755859375,1229.9000244140625,1225.699951171875,1225.9000244140625,160094
2025-01-27 14:55:00+05:30,1230.0,1231.0,1229.449951171875,1229.9000244140625,92460
2025-01-27 15:00:00+05:30,1229.1500244140625,1231.0,1229.1500244140625,1230.1500244140625,128771
2025-01-27 15:05:00+05:30,1230.550048828125,1231.6500244140625,1228.6500244140625,1229.1500244140625,146286
2025-01-27 15:10:00+05:30,1229.0,1230.5,1228.5,1230.3499755859375,124946
2025-01-27 15:15:00+05:30,1229.199951171875,1230.0,1228.8499755859375,1228.9000244140625,139684
2025-01-27 15:20:00+05:30,1228.8499755859375,1229.5,1228.0,1229.25,110861
2025-01-27 15:25:00+05:30,1228.800048828125,1229.5,1227.8499755859375,1228.8499755859375,139088
2025-01-28 09:15:00+05:30,1230.550048828125,1236.300048828125,1228.5999755859375,1236.300048828125,0
2025-01-28 09:20:00+05:30,1227.449951171875,1231.449951171875,1226.0,1230.5,214383
2025-01-28 09:25:00+05:30,1223.9000244140625,1227.800048828125,1223.0,1227.6500244140625,205937
2025-01-28 09:30:00+05:30,1224.1500244140625,1224.8499755859375,1222.1500244140625,1223.949951171875,217203
2025-01-28 09:35:00+05:30,1222.300048828125,1225.0,1221.9000244140625,1224.4000244140625,189529
2025-01-28 09:40:00+05:30,1221.3499755859375,1222.800048828125,1220.5999755859375,1222.1500244140625,198959
2025-01-28 09:45:00+05:30,1221.8499755859375,1221.949951171875,1220.0,1221.1500244140625,208683
2025-01-28 09:50:00+05:30,1219.75,1222.0,1219.75,1221.699951171875,191566
2025-01-28 09:55:00+05:30,1224.449951171875,1224.449951171875,1219.300048828125,1219.75,194851
2025-01-28 10:00:00+05:30,1222.9000244140625,1225.0999755859375,1222.5999755859375,1224.0,153413
2025-01-28 10:05:00+05:30,1220.75,1223.949951171875,1219.75,1222.699951171875,209047
2025-01-28 10:10:00+05:30,1221.1500244140625,1221.5,1219.25,1220.75,126532
2025-01-28 10:15:00+05:30,1220.3499755859375,1221.199951171875,1219.050048828125,1221.1500244140625,81634
2025-01-28 10:20:00+05:30,1221.0,1221.3499755859375,1219.300048828125,1220.3499755859375,73771
2025-01-28 10:25:00+05:30,1223.1500244140625,1223.5,1221.0,1221.0,73357
2025-01-28 10:30:00+05:30,1224.300048828125,1224.449951171875,1222.800048828125,1223.1500244140625,104478
2025-01-28 10:35:00+05:30,1223.0,1224.9000244140625,1222.6500244140625,1224.0,52522
2025-01-28 10:40:00+05:30,1225.5999755859375,1226.9000244140625,1223.0,1223.0,129546
2025-01-28 10:45:00+05:30,1226.5999755859375,1226.9000244140625,1225.25,1225.449951171875,51816
2025-01-28 10:50:00+05:30,1227.3499755859375,1228.949951171875,1226.4000244140625,1226.4000244140625,95418
2025-01-28 10:55:00+05:30,1225.6500244140625,1228.9000244140625,1225.6500244140625,1227.6500244140625,119515
2025-01-28 11:00:00+05:30,1231.0999755859375,1231.4000244140625,1225.0,1225.949951171875,248464
2025-01-28 11:05:00+05:30,1230.4000244140625,1231.75,1230.199951171875,1231.0,86526
2025-01-28 11:10:00+05:30,1231.0,1231.050048828125,1229.0,1230.4000244140625,85425
2025-01-28 11:15:00+05:30,1230.5999755859375,1231.300048828125,1229.3499755859375,1231.25,114361
2025-01-28 11:20:00+05:30,1232.199951171875,1232.800048828125,1229.25,1230.5999755859375,199922
2025-01-28 11:25:00+05:30,1232.050048828125,1232.75,1230.050048828125,1232.300048828125,141248
2025-01-28 11:30:00+05:30,1233.699951171875,1234.5,1232.0,1232.25,83270
2025-01-28 11:35:00+05:30,1234.699951171875,1234.949951171875,1233.0,1233.5999755859375,74825
2025-01-28 11:40:00+05:30,1236.449951171875,1237.5,1234.550048828125,1234.9000244140625,157678
2025-01-28 11:45:00+05:30,1235.9000244140625,1237.1500244140625,1234.0,1236.550048828125,88273
2025-01-28 11:50:00+05:30,1234.699951171875,1236.25,1234.4000244140625,1235.949951171875,47451
2025-01-28 11:55:00+05:30,1235.75,1237.0999755859375,1234.4000244140625,1234.800048828125,112141
2025-01-28 12:00:00+05:30,1237.199951171875,1238.0,1235.5,1236.0,98478
2025-01-28 12:05:00+05:30,1236.75,1238.9000244140625,1236.300048828125,1237.199951171875,82958
2025-01-28 12:10:00+05:30,1236.6500244140625,1238.0,1236.3499755859375,1236.75,109560
2025-01-28 12:15:00+05:30,1237.0,1237.0,1236.050048828125,1236.4000244140625,114726
2025-01-28 12:20:00+05:30,1235.4000244140625,1237.3499755859375,1234.75,1237.0999755859375,145519
2025-01-28 12:25:00+05:30,1234.3499755859375,1235.800048828125,1233.550048828125,1235.6500244140625,134192
2025-01-28 12:30:00+05:30,1235.550048828125,1236.0999755859375,1233.5999755859375,1234.300048828125,172498
2025-01-28 12:35:00+05:30,1234.8499755859375,1236.5,1234.800048828125,1235.5999755859375,165329
2025-01-28 12:40:00+05:30,1237.199951171875,1237.550048828125,1234.5999755859375,1234.9000244140625,151557
2025-01-28 12:45:00+05:30,1242.5,1243.199951171875,1237.0999755859375,1237.199951171875,229448
2025-01-28 12:50:00+05:30,1243.5,1243.8499755859375,1241.699951171875,1242.25,162143
2025-01-28 12:55:00+05:30,1241.199951171875,1244.0,1240.0,1243.5,122349
2025-01-28 13:00:00+05:30,1240.800048828125,1241.8499755859375,1240.25,1241.300048828125,72115
2025-01-28 13:05:00+05:30,1239.550048828125,1241.5,1239.0,1240.75,89421
2025-01-28 13:10:00+05:30,1241.0999755859375,1241.75,1239.550048828125,1239.699951171875,64173
2025-01-28 13:15:00+05:30,1241.699951171875,1242.449951171875,1240.699951171875,1241.3499755859375,54209
2025-01-28 13:20:00+05:30,1240.6500244140625,1242.550048828125,1240.300048828125,1241.949951171875,87464
2025-01-28 13:25:00+05:30,1238.4000244140625,1241.300048828125,1238.4000244140625,1240.3499755859375,81403
2025-01-28 13:30:00+05:30,1239.6500244140625,1240.449951171875,1237.75,1238.6500244140625,94112
2025-01-28 13:35:00+05:30,1241.300048828125,1241.800048828125,1238.5,1239.3499755859375,64761
2025-01-28 13:40:00+05:30,1241.75,1242.5,1241.0,1241.300048828125,90956
2025-01-28 13:45:00+05:30,1242.0999755859375,1243.5,1241.25,1241.25,65015
2025-01-28 13:50:00+05:30,1243.0,1243.199951171875,1241.4000244140625,1242.0999755859375,57589
2025-01-28 13:55:00+05:30,1242.6500244140625,1243.5,1241.550048828125,1243.1500244140625,71029
2025-01-28 14:00:00+05:30,1241.5999755859375,1244.699951171875,1241.3499755859375,1243.0,127717
2025-01-28 14:05:00+05:30,1240.5999755859375,1242.1500244140625,1240.3499755859375,1242.0,68780
2025-01-28 14:10:00+05:30,1239.3499755859375,1240.75,1239.1500244140625,1240.550048828125,83108
2025-01-28 14:15:00+05:30,1240.300048828125,1240.699951171875,1238.9000244140625,1239.199951171875,70163
2025-01-28 14:20:00+05:30,1239.25,1240.699951171875,1239.0,1240.5,50225
2025-01-28 14:25:00+05:30,1242.800048828125,1243.449951171875,1239.25,1239.25,90546
2025-01-28 14:30:00+05:30,1241.5,1243.050048828125,1241.199951171875,1242.75,70725
2025-01-28 14:35:00+05:30,1241.75,1242.1500244140625,1241.300048828125,1241.8499755859375,48872
2025-01-28 14:40:00+05:30,1240.800048828125,1241.75,1239.949951171875,1241.449951171875,92792
2025-01-28 14:45:00+05:30,1235.5,1241.4000244140625,1235.0,1241.0,427833
2025-01-28 14:50:00+05:30,1235.3499755859375,1236.1500244140625,1233.449951171875,1235.449951171875,324395
2025-01-28 14:55:00+05:30,1237.800048828125,1237.800048828125,1235.050048828125,1235.5999755859375,222327
2025-01-28 15:00:00+05:30,1231.9000244140625,1237.75,1231.9000244140625,1237.75,349062
2025-01-28 15:05:00+05:30,1235.0,1235.0,1230.5,1231.949951171875,225933
2025-01-28 15:10:00+05:30,1235.6500244140625,1236.3499755859375,1234.199951171875,1234.9000244140625,288027
2025-01-28 15:15:00+05:30,1234.3499755859375,1235.9000244140625,1234.199951171875,1235.199951171875,185163
2025-01-28 15:20:00+05:30,1235.449951171875,1235.5,1233.8499755859375,1234.699951171875,163682
2025-01-28 15:25:00+05:30,1234.4000244140625,1235.800048828125,1234.0,1235.449951171875,139325
2025-01-29 09:15:00+05:30,1234.1500244140625,1238.199951171875,1233.3499755859375,1235.699951171875,114747
2025-01-29 09:20:00+05:30,1232.949951171875,1235.6500244140625,1232.8499755859375,1234.4000244140625,185315
2025-01-29 09:25:00+05:30,1230.1500244140625,1232.8499755859375,1229.0,1232.550048828125,192789
2025-01-29 09:30:00+05:30,1232.9000244140625,1233.0,1228.199951171875,1230.449951171875,96520
2025-01-29 09:35:00+05:30,1232.699951171875,1234.6500244140625,1232.0999755859375,1232.8499755859375,84166
2025-01-29 09:40:00+05:30,1235.050048828125,1236.1500244140625,1232.5999755859375,1232.6500244140625,105770
2025-01-29 09:45:00+05:30,1235.5,1236.0,1233.9000244140625,1235.199951171875,88013
2025-01-29 09:50:00+05:30,1235.4000244140625,1236.0999755859375,1235.0,1235.0,42372
2025-01-29 09:55:00+05:30,1234.699951171875,1235.449951171875,1233.25,1235.1500244140625,54156
2025-01-29 10:00:00+05:30,1237.199951171875,1238.0,1233.550048828125,1234.75,75608
2025-01-29 10:05:00+05:30,1238.25,1238.800048828125,1236.5999755859375,1236.5999755859375,74683
2025-01-29 10:10:00+05:30,1237.25,1239.5999755859375,1236.6500244140625,1238.199951171875,167242
2025-01-29 10:15:00+05:30,1235.199951171875,1237.0,1234.1500244140625,1237.0,75665
2025-01-29 10:20:00+05:30,1238.449951171875,1239.0,1235.5,1235.8499755859375,46595
2025-01-29 10:25:00+05:30,1238.0,1238.75,1236.75,1238.449951171875,42588
2025-01-29 10:30:00+05:30,1236.449951171875,1238.4000244140625,1236.4000244140625,1238.4000244140625,65221
2025-01-29 10:35:00+05:30,1236.449951171875,1237.4000244140625,1235.5,1236.5,45870
2025-01-29 10:40:00+05:30,1235.199951171875,1236.800048828125,1235.050048828125,1236.449951171875,27712
2025-01-29 10:45:00+05:30,1234.5999755859375,1236.0,1234.300048828125,1235.199951171875,39918
2025-01-29 10:50:00+05:30,1234.9000244140625,1235.6500244140625,1234.699951171875,1234.949951171875,21295
2025-01-29 10:55:00+05:30,1237.25,1237.25,1234.699951171875,1235.0999755859375,22895
2025-01-29 11:00:00+05:30,1237.449951171875,1238.0,1236.3499755859375,1237.300048828125,77138
2025-01-29 11:05:00+05:30,1238.25,1238.25,1237.25,1237.449951171875,20162
2025-01-29 11:10:00+05:30,1237.3499755859375,1238.75,1236.949951171875,1238.199951171875,57585
2025-01-29 11:15:00+05:30,1236.5,1237.9000244140625,1236.199951171875,1237.5,40263
2025-01-29 11:20:00+05:30,1233.449951171875,1237.050048828125,1231.5,1236.5,363348
2025-01-29 11:25:00+05:30,1238.0,1238.25,1233.0999755859375,1233.0999755859375,197028
2025-01-29 11:30:00+05:30,1239.0,1241.0,1237.5999755859375,1238.0,142981
2025-01-29 11:35:00+05:30,1238.5999755859375,1239.699951171875,1237.6500244140625,1239.449951171875,39904
2025-01-29 11:40:00+05:30,1238.75,1239.25,1237.5,1238.1500244140625,30940
2025-01-29 11:45:00+05:30,1240.300048828125,1240.3499755859375,1238.3499755859375,1238.75,55419
2025-01-29 11:50:00+05:30,1239.0,1240.5,1238.5999755859375,1240.300048828125,43266
2025-01-29 11:55:00+05:30,1239.75,1239.75,1238.25,1239.3499755859375,19106
2025-01-29 12:00:00+05:30,1239.8499755859375,1240.4000244140625,1238.9000244140625,1239.800048828125,93119
2025-01-29 12:05:00+05:30,1238.449951171875,1240.0,1237.949951171875,1239.949951171875,95026
2025-01-29 12:10:00+05:30,1240.5,1241.300048828125,1238.3499755859375,1238.3499755859375,124575
2025-01-29 12:15:00+05:30,1241.25,1242.75,1240.0999755859375,1240.449951171875,65510
2025-01-29 12:20:00+05:30,1241.1500244140625,1241.8499755859375,1240.5,1241.25,39743
2025-01-29 12:25:00+05:30,1241.0,1241.4000244140625,1240.25,1241.199951171875,120065
2025-01-29 12:30:00+05:30,1240.5,1241.449951171875,1240.1500244140625,1241.1500244140625,25901
2025-01-29 12:35:00+05:30,1241.300048828125,1241.9000244140625,1240.0999755859375,1240.5,38320
2025-01-29 12:40:00+05:30,1240.3499755859375,1241.5,1239.300048828125,1241.0999755859375,97193
2025-01-29 12:45:00+05:30,1239.4000244140625,1241.0,1239.050048828125,1240.3499755859375,32984
2025-01-29 12:50:00+05:30,1239.949951171875,1240.300048828125,1238.9000244140625,1239.0999755859375,58531
